1956-07-01 13:00,"{'4058': 4.611000000000001, '5208': 10.994000000000009, '4151': 9.819999999999999, '5161': 6.5910000000000055, '4882': 2.1670000000000016, '4090': 1.971750000000001, '3920': 3.869666666666665, '5840': 2.0829999999999993, '6056': 1.0130000000000026, '3938': 1.2289999999999994, '4583': 30.668000000000006, '5609': 11.726, '4208': 1.775999999999998, '4029': 1.9840000000000004, '5913': 1.589000000000004, '5920': 1.4670000000000014, '6089': 6.851000000000002, '4155': 3.3937499999999963, '5690': 1.6530000000000031, '3914': 30.073999999999995, '5742': 2.250000000000006, '5852': 4.001999999999997, '6082': 4.088000000000001, '3917': 3.803000000000005, '6094': 3.951, '6058': 2.593000000000001, '6098': 4.104000000000003, '6054': 4.485000000000002, '6036': 4.381000000000004, '6095': 7.827999999999999, '5698': 0.821, '5798': 0.855999999999999}",5.584161458,
1957-07-01 13:00,"{'5633': 0.523, '4618': 0.0, '4411': 0.08899999999999998, '5505': 1.8710000000000013, '4132': 0.165, '5742': 0.398000000000001, '4102': 0.4, '5979': 0.08899999999999998, '4020': 0.41600000000000004, '5761': 2.8910000000000027, '3943': 0.25700000000000006, '5793': 3.184, '5930': 1.4379999999999995, '5387': 9.681999999999999, '6024': 2.2430000000000017, '4156': 0.25800000000000006, '5966': 6.152999999999999, '6096': 1.1440000000000015, '4168': 0.27, '5690': 1.2380000000000009, '4088': 0.0, '3998': 1.0839999999999999, '5698': 5.263000000000002, '3914': 1.675, '3923': 0.333, '3919': 0.28900000000000003, '6082': 1.8560000000000023, '6098': 8.884999999999996, '6083': 0.02400000000000002, '5920': 4.255000000000002, '5798': 0.8949999999999997, '6058': 0.9269999999999974, '6095': 0.19299999999999784}",1.769333333,
1958-07-01 13:00,"{'3930': 0.5440000000000014, '3920': 0.4430000000000005, '4361': 4.219000000000002, '4852': 4.16, '4180': 1.2959999999999923, '5986': 17.732000000000003, '5358': 8.333999999999998, '4417': 0.9390000000000001, '5741': 8.652999999999997, '4023': 5.767999999999999, '5878': 2.666999999999998, '5928': 12.541000000000013, '4104': 4.379999999999999, '6036': 4.077000000000001, '4091': 0.8329999999999997, '5814': 6.954000000000001, '6024': 2.3660000000000014, '6082': 3.8180000000000005, '4588': 0.327, '3960': 1.834000000000005, '4598': 0.3, '4168': 9.521, '5951': 11.251000000000001, '6058': 4.4910000000000005, '5690': 4.285999999999998, '6096': 4.725000000000002, '6098': 4.031999999999992, '6094': 0.20599999999999863, '5698': 7.906000000000005, '3914': 6.301, '6095': 0.2820000000000018, '5798': 7.3769999999999945}",4.76759375,
1959-07-01 13:00,"{'5411': 4.297000000000004, '5618': 5.039999999999987, '4615': 3.967999999999997, '4481': 0.5789999999999988, '5745': 17.865, '6024': 8.727999999999998, '4192': 1.6670000000000051, '6094': 2.4730000000000008, '4160': 2.1579999999999977, '4026': 10.175000000000004, '5742': 3.894000000000002, '4235': 6.114000000000011, '6089': 2.107000000000003, '5780': 8.06, '4208': 4.722999999999995, '4110': 5.2810000000000015, '3919': 1.8839999999999981, '6058': 4.878999999999999, '5690': 1.4609999999999994, '5928': 5.438, '5984': 0.6259999999999977, '3914': 2.3819999999999997, '6083': 0.7539999999999998, '3956': 7.105000000000004, '6095': 4.164000000000003, '6098': 6.945999999999995, '3960': 10.44, '4055': 2.532000000000002, '5698': 2.9930000000000003, '5760': 0.33299999999999996, '6082': 0.1869999999999999, '5968': 16.691999999999993, '3926': 0.9089999999999995, '4168': 5.1010000000000035, '3987': 0.3399999999999994}",4.637,
1960-07-01 13:00,"{'4562': 0.0, '5633': 0.036000000000000004, '5818': 1.4439999999999997, '4036': 4.065, '4145': 0.5099999999999999, '5949': 0.168, '5262': 0.025, '5888': 0.15000000000000002, '4964': 0.030999999999999996, '5715': 1.7, '3944': 1.1029999999999984, '6095': 4.507999999999998, '5519': 1.242, '4172': 1.5289999999999997, '4110': 0.5290000000000001, '5798': 1.3269999999999995, '6058': 1.5579999999999998, '4208': 1.9860000000000002, '5814': 0.076, '4141': 1.527, '6098': 0.7199999999999966, '6036': 3.4979999999999998, '5920': 1.1879999999999997, '3917': 9.156000000000004, '3914': 1.788999999999997, '3915': 0.8280000000000001, '6082': 4.302000000000006, '3926': 0.1429999999999989, '6070': 0.37299999999999994, '6056': 3.935000000000002, '5698': 0.9720000000000022, '6094': 16.841, '6089': 4.019999999999999, '6087': 4.356000000000005}",2.224558824,
1961-07-01 13:00,"{'4356': 0.9910000000000001, '5788': 0.8669999999999998, '5984': 3.636000000000001, '4647': 1.156, '5353': 5.463000000000001, '4651': 0.217, '3977': 2.4010000000000007, '4148': 2.7479999999999993, '4112': 12.834, '5864': 0.185, '5901': 0.46599999999999997, '4433': 0.4879999999999999, '5612': 2.9579999999999993, '4104': 0.31399999999999917, '5698': 3.011, '3940': 1.63, '3919': 9.241, '6027': 0.08099999999999974, '6034': 0.782999999999999, '5798': 0.49399999999999994, '5770': 1.228, '5715': 0.693, '4029': 1.4760000000000009, '6083': 3.0320000000000005, '5951': 0.9409999999999998, '6082': 2.4789999999999996, '6098': 0.23800000000000177, '6089': 3.650000000000002, '6058': 1.0849999999999995, '6087': 1.4500000000000002, '3969': 2.2670000000000003, '4092': 4.782, '3914': 3.6159999999999997, '3926': 3.616999999999999, '5920': 0.58, '6095': 1.805, '6094': 3.665}",2.339675676,
1962-07-01 13:00,"{'5423': 0.0, '4151': 0.0, '4178': 0.0, '4006': 0.18900000000000003, '5852': 0.41600000000000004, '4385': 0.006, '4941': 0.0, '5936': 0.0, '5578': 0.0, '5742': 0.0, '3919': 0.0, '6027': 0.003, '4650': 0.005, '5836': 0.008, '6095': 0.1979999999999999, '4029': 0.015, '6036': 1.9280000000000006, '5760': 2.243000000000001, '6094': 0.36199999999999993, '4198': 0.0, '3996': 0.0, '6098': 0.447, '4088': 0.005, '6082': 0.5519999999999997, '5893': 0.24, '3938': 3.6, '5690': 0.5110000000000008, '6058': 0.436, '4115': 0.0, '3917': 1.6260000000000003, '3926': 2.4360000000000013, '3914': 0.49999999999999983, '6087': 3.69, '6089': 1.2629999999999988, '4577': 0.0, '5698': 0.40199999999999997}",0.585583333,
1963-07-01 13:00,"{'5426': 8.495000000000003, '4481': 0.257, '4243': 0.0, '3943': 0.758, '4615': 0.0, '5664': 11.648, '4146': 0.725, '4156': 6.091000000000004, '4256': 5.489000000000001, '5835': 13.917999999999997, '6026': 16.142000000000003, '4029': 1.4209999999999976, '4104': 2.0839999999999987, '4135': 0.384, '6094': 4.596, '6089': 1.8900000000000003, '3914': 3.568000000000003, '5852': 3.3979999999999997, '5887': 23.656, '6082': 3.714000000000002, '5723': 5.992000000000001, '4168': 7.922000000000001, '4055': 0.102, '6036': 5.092999999999996, '6087': 3.142, '3920': 6.473499999999999, '4093': 0.121, '5800': 4.072000000000002, '6098': 8.968000000000002, '3926': 4.626999999999992, '3965': 1.1179999999999992, '5698': 0.9619999999999997, '6058': 2.958666666666666, '6095': 5.763999999999999, '5715': 1.855, '5578': 5.3260000000000005}",4.798060185,
1964-07-01 13:00,"{'4876': 2.5299999999999994, '6002': 10.871, '3920': 1.347, '4333': 0.383, '5482': 0.256, '6098': 1.631999999999999, '4157': 0.9339999999999996, '4208': 3.725000000000002, '6082': 5.981, '5949': 0.127, '4023': 0.778, '5646': 0.228, '4647': 0.4760000000000001, '4188': 16.107, '5936': 0.051, '6090': 4.522, '3944': 1.4719999999999995, '6089': 8.474499999999999, '6066': 2.9930000000000003, '5833': 2.187, '6056': 0.102, '3996': 3.687000000000002, '6094': 5.64, '5800': 2.2749999999999986, '6034': 2.5380000000000003, '3947': 3.9989999999999988, '4172': 0.47600000000000003, '6058': 0.9329999999999997, '5698': 2.413999999999999, '6083': 1.435, '5893': 0.7629999999999997, '3914': 1.2160000000000002, '6095': 0.5139999999999998, '3926': 2.2899999999999996, '5672': 6.291, '3923': 1.605, '5838': 0.045, '5780': 0.7969999999999993}",2.686697368,
1965-07-01 13:00,"{'4038': 3.9229999999999983, '5876': 0.6429999999999997, '4265': 0.09, '5411': 0.395, '4176': 1.0650000000000002, '5147': 0.0, '4650': 0.018000000000000002, '5984': 0.274, '4076': 0.31899999999999995, '4201': 0.0, '5923': 0.134, '3917': 1.8950000000000085, '4069': 0.6279999999999999, '5800': 0.05, '5698': 2.410000000000002, '3914': 4.211, '4168': 0.5249999999999999, '4961': 0.0, '5707': 0.073, '3926': 1.5380000000000011, '5806': 0.24400000000000002, '6090': 6.018000000000004, '3915': 2.0600000000000023, '6052': 0.24300000000000005, '6098': 0.6870000000000009, '3943': 11.606999999999996, '6056': 0.2310000000000001, '6095': 1.027, '6088': 0.25000000000000355, '5833': 0.09699999999999999, '6089': 1.651, '5951': 1.235, '3996': 0.2339999999999991, '6083': 19.429000000000002, '6082': 4.779000000000002, '6058': 1.0, '5672': 1.783}",1.912594595,
1966-07-01 13:00,"{'5071': 0.102, '5827': 0.196, '5950': 0.6049999999999995, '4371': 0.008, '5877': 0.109, '5525': 0.251, '3993': 4.087000000000002, '5986': 1.604, '4269': 0.139, '4620': 0.0, '4088': 0.19399999999999998, '6088': 0.15900000000000009, '5685': 2.454, '5683': 0.2550000000000001, '4168': 0.5710000000000001, '4115': 0.4139999999999999, '4124': 0.0, '3954': 15.619999999999996, '5923': 0.7150000000000003, '6089': 0.5779999999999997, '3919': 8.317, '5798': 1.2549999999999997, '5857': 0.8459999999999998, '6026': 1.8180000000000038, '3985': 2.7439999999999998, '3987': 10.076999999999998, '6098': 0.04399999999999993, '6085': 0.138, '6083': 1.6370000000000005, '6057': 1.3960000000000001, '5698': 0.23200000000000004, '3914': 6.158, '5667': 1.7340000000000004, '6059': 0.5269999999999996, '6082': 0.32300000000000006, '6058': 0.18600000000000028, '5893': 0.026000000000000245, '4169': 0.8219999999999995, '6095': 0.39799999999999996}",1.71125641,
1967-07-01 13:00,"{'4235': 6.508999999999998, '5254': 3.737999999999999, '4825': 4.386000000000001, '5785': 0.49999999999999983, '4197': 0.5169999999999986, '3915': 2.9400000000000013, '5075': 3.7109999999999976, '4115': 8.520999999999999, '4598': 5.719, '3954': 1.829000000000002, '6013': 1.382999999999997, '6035': 1.9179999999999966, '5683': 3.0819999999999976, '5416': 4.058000000000001, '4049': 4.1590000000000025, '6090': 6.470999999999999, '5887': 1.2299999999999993, '4178': 2.4229999999999983, '5746': 9.908999999999997, '5788': 4.770000000000001, '4092': 4.105000000000003, '5698': 1.954, '6025': 2.2470000000000034, '3914': 4.393000000000002, '6059': 1.524999999999996, '6082': 0.0850000000000044, '6088': 1.9180000000000006, '6057': 1.5870000000000006, '3993': 0.8360000000000003, '6095': 5.688000000000007, '6098': 4.623000000000003, '6058': 1.128999999999996, '6083': 4.7239999999999975, '5798': 26.779, '6089': 4.566999999999998, '5893': 3.518999999999999}",4.095888889,
1968-07-01 13:00,"{'4737': 0.12899999999999998, '5854': 5.831000000000001, '5217': 40.743, '6021': 1.755, '6026': 4.237999999999999, '4252': 0.7649999999999999, '5905': 7.053999999999999, '4169': 3.6839999999999957, '5841': 2.172000000000002, '3943': 0.9990000000000014, '3917': 8.930000000000005, '4215': 0.122, '5715': 2.44, '6098': 1.7089999999999994, '4647': 0.155, '4182': 4.407000000000001, '6089': 5.355999999999999, '4055': 3.171000000000002, '6036': 9.659, '4092': 0.6299999999999999, '5946': 6.082999999999998, '5667': 0.4570000000000001, '5698': 0.5820000000000001, '3914': 11.549999999999999, '6095': 4.397000000000002, '5650': 0.6830000000000002, '3915': 2.552999999999996, '6058': 2.2140000000000004, '6082': 6.1370000000000005, '5798': 1.121, '6088': 0.8359999999999996, '4168': 5.174000000000007, '6090': 3.1500000000000017, '5893': 4.2170000000000005}",4.503029412,
1969-07-01 13:00,"{'4660': 0.013000000000000001, '6019': 0.6919999999999997, '3944': 0.7660000000000011, '5914': 0.8419999999999996, '5630': 0.11200000000000003, '5893': 0.7310000000000003, '4209': 0.10900000000000004, '3920': 0.44200000000000284, '4293': 0.198, '5858': 7.675000000000001, '5797': 0.3450000000000004, '6095': 1.3429999999999993, '4025': 0.5229999999999999, '3925': 1.908000000000001, '6089': 2.336000000000001, '4600': 0.3, '4178': 0.9439999999999995, '6043': 2.152000000000002, '3947': 0.2920000000000007, '5715': 4.886999999999999, '3917': 2.1760000000000046, '5356': 3.033000000000001, '4616': 0.08, '6034': 7.138000000000001, '4115': 0.052000000000000005, '5814': 1.8990000000000014, '6090': 0.8570000000000002, '4147': 3.744000000000006, '5728': 8.566999999999997, '5683': 2.4810000000000016, '4206': 0.10000000000000002, '6083': 3.9650000000000056, '3996': 0.172, '5800': 3.641999999999988, '3991': 4.273, '6088': 3.031999999999999, '3914': 2.9450000000000034, '5698': 3.121000000000002, '6098': 0.7270000000000016, '6082': 1.4600000000000006, '6058': 1.4010000000000011}",1.987195122,
1970-07-01 13:00,"{'5323': 0.4959999999999999, '5457': 0.20800000000000005, '5049': 5.596000000000004, '4132': 22.596999999999994, '4981': 0.5369999999999995, '4018': 7.952000000000002, '5816': 0.09700000000000002, '4210': 4.760000000000001, '6089': 1.3339999999999994, '5618': 0.5619999999999999, '6083': 2.203999999999999, '4155': 0.7030000000000016, '6034': 2.1629999999999994, '5994': 6.291000000000006, '5836': 0.003, '6095': 0.26100000000000007, '6098': 0.09300000000000001, '6026': 1.3999999999999997, '4706': 4.0200000000000005, '3923': 1.1179999999999999, '3996': 10.537000000000008, '5683': 0.607, '3938': 3.649000000000001, '4002': 28.063, '5918': 0.134, '5798': 9.064, '5668': 4.136000000000005, '5715': 0.10800000000000001, '6082': 2.0050000000000003, '4197': 3.156000000000001, '6090': 7.094000000000001, '3914': 24.644999999999996, '5893': 0.0, '3974': 4.5440000000000005, '3919': 11.707999999999998, '3925': 1.3530000000000002, '6088': 0.3, '5698': 0.041999999999999996, '6058': 0.3829999999999999}",4.459564103,
1971-07-01 13:00,"{'4265': 1.618, '5357': 13.093999999999998, '4142': 0.27699999999999997, '4196': 2.04, '5821': 3.2559999999999976, '5707': 5.3820000000000014, '4107': 1.0109999999999995, '4728': 0.8970000000000001, '5972': 0.523, '3957': 2.285000000000001, '5668': 4.932999999999996, '3977': 35.453, '5780': 3.296999999999998, '4093': 0.03799999999999998, '4026': 3.704, '6083': 0.124, '5685': 3.2149999999999994, '5941': 4.806, '4706': 0.009, '5948': 1.4379999999999997, '6052': 3.3269999999999995, '6058': 3.5159999999999982, '5005': 0.6060000000000001, '5833': 2.8760000000000003, '6088': 3.8390000000000004, '3987': 4.464000000000001, '6089': 0.061, '6056': 2.2580000000000005, '6034': 1.0909999999999997, '5698': 1.4239999999999995, '3919': 0.8540000000000001, '3914': 5.532000000000002, '4556': 0.34, '6098': 1.7790000000000004, '5798': 8.543, '6095': 0.7189999999999999, '6090': 0.05399999999999999, '3923': 0.6119999999999999, '6082': 0.015, '4147': 0.9659999999999997}",3.2569,
1972-07-01 13:00,"{'4866': 0.11599999999999999, '5924': 2.635, '5871': 4.310999999999998, '5327': 1.443, '5815': 10.725, '4608': 0.038, '4359': 1.3970000000000002, '3947': 2.567000000000003, '4178': 2.029000000000001, '5685': 0.680999999999999, '4097': 0.9979999999999998, '6082': 3.852000000000005, '5893': 1.600999999999992, '5650': 0.09299999999999908, '5800': 2.071000000000001, '4170': 1.0020000000000007, '5950': 4.870000000000001, '6058': 5.265000000000001, '6026': 0.838000000000001, '3914': 2.746000000000002, '5683': 0.2500000000000018, '5698': 1.9790000000000005, '5667': 0.35100000000000003, '3995': 0.8789999999999997, '6095': 15.705000000000002, '4147': 0.6559999999999957, '3977': 1.3829999999999996, '6077': 4.662999999999999, '3923': 2.266000000000002, '3919': 2.101, '3974': 4.191, '6083': 2.9430000000000045, '6088': 3.2660000000000027, '6097': 4.920000000000002, '4215': 0.326, '6098': 4.619999999999998, '4115': 1.3209999999999997, '6034': 1.073999999999998}",2.688736842,
1973-07-01 13:00,"{'5694': 1.4019999999999992, '3914': 6.871999999999998, '5536': 4.713999999999998, '4774': 0.8309999999999998, '4719': 0.047, '5586': 8.632416666666668, '5685': 0.076, '4025': 0.22799999999999987, '6081': 4.91, '4135': 0.24200000000000002, '4981': 0.5159999999999998, '5867': 5.5299999999999985, '4156': 3.9760000000000004, '5818': 1.2630000000000006, '5668': 0.9850000000000001, '3987': 0.43599999999999994, '5691': 0.9119999999999997, '3969': 1.9020000000000001, '5949': 6.4810000000000025, '6088': 5.547999999999999, '4092': 0.3, '5722': 2.727000000000001, '6082': 7.057999999999999, '4055': 0.7449999999999997, '6068': 4.6, '4193': 0.20699999999999996, '6083': 2.563000000000006, '6006': 3.4656499999999992, '3919': 1.1149999999999998, '6097': 6.596999999999997, '5798': 1.399, '3947': 0.34700000000000003, '6095': 1.6080000000000023, '6058': 11.738, '6098': 4.129999999999995, '4147': 10.701999999999998}",3.18902963,
1974-07-01 13:00,"{'5752': 4.125666666666666, '5391': 1.2169999999999996, '4147': 1.4059999999999997, '5652': 0.5419999999999999, '4638': 1.5819999999999999, '4249': 0.8490000000000011, '4132': 1.5709999999999993, '5973': 0.5449999999999997, '5705': 3.806133333333335, '5700': 2.663000000000002, '4546': 0.03900000000000001, '3982': 0.49999999999999983, '6058': 1.5726666666666653, '5895': 5.545999999999999, '6071': 3.5010000000000012, '4093': 1.2819999999999994, '5722': 0.8058000000000016, '3943': 0.7240000000000009, '3915': 2.6809999999999987, '6040': 3.642999999999997, '5660': 3.9790000000000014, '3917': 1.8350000000000002, '4650': 0.043, '6095': 4.067000000000002, '5800': 3.519000000000001, '4025': 0.8689999999999997, '6059': 0.8290000000000033, '3914': 2.272, '6098': 8.217999999999998, '6056': 2.6703333333333332, '5962': 0.9659999999999995, '4157': 0.491, '6083': 1.0430000000000006, '6097': 1.905999999999999, '6088': 5.068000000000002, '6082': 1.456}",2.162016667,
1975-07-01 13:00,"{'4603': 0.518, '5503': 0.0, '5835': 0.264, '4719': 0.0, '5428': 0.6329999999999998, '4194': 0.01, '5607': 0.0, '6088': 2.8040000000000007, '4055': 6.257000000000001, '5893': 3.62, '5741': 0.407, '4287': 0.0, '5668': 0.256, '3923': 15.19399999999999, '6098': 1.5120000000000018, '5722': 2.5839999999999983, '6095': 3.368000000000004, '5877': 0.10300000000000001, '4147': 1.5580000000000005, '5660': 0.259, '6034': 3.354000000000003, '5926': 0.1620000000000006, '4209': 0.42100000000000004, '4157': 3.8040000000000007, '4159': 3.0269999999999992, '5955': 2.3130000000000006, '3947': 30.625, '4103': 4.974, '4002': 4.022, '6097': 1.3610000000000027, '6053': 71.786, '3974': 2.505000000000001, '5798': 0.095, '4635': 0.0, '3914': 2.589, '6083': 0.44899999999999807, '6058': 16.058999999999997, '6082': 0.7340000000000007, '6040': 16.446, '3919': 4.000000000000002}",5.201825,
1976-07-01 13:00,"{'4676': 1.950999999999996, '5502': 11.498999999999986, '4432': 2.6550000000000007, '4052': 0.35700000000000004, '5620': 4.102000000000004, '5847': 3.2969999999999935, '4157': 1.5530000000000004, '5972': 12.924000000000001, '4061': 0.8949999999999999, '5792': 2.6949999999999985, '5893': 4.396000000000001, '5732': 27.216, '4300': 15.036000000000005, '5746': 0.8279999999999995, '4083': 3.8330000000000024, '4647': 3.3470000000000018, '3996': 1.5190000000000001, '6058': 3.6250000000000018, '5949': 8.264000000000003, '5744': 1.666000000000003, '3919': 1.3270000000000002, '3995': 1.165, '6066': 12.601, '3961': 1.2319999999999998, '6095': 3.3190000000000013, '6098': 2.836000000000002, '5698': 2.8340000000000014, '6041': 6.009999999999999, '6083': 0.7339999999999999, '5800': 2.749000000000001, '6082': 0.5419999999999999, '5683': 7.857000000000002, '3914': 0.581, '6097': 4.163, '6088': 2.8580000000000005, '4147': 2.5740000000000003, '6056': 6.697999999999997}",4.641567568,
1977-07-01 13:00,"{'5686': 1.9040000000000004, '4075': 2.9439999999999946, '5117': 1.287, '4032': 3.7320000000000038, '5300': 3.217500000000003, '5577': 1.2539999999999991, '5929': 4.780999999999999, '4279': 1.5939999999999992, '6002': 2.4400000000000004, '4196': 2.798000000000001, '5692': 0.9669999999999999, '3969': 2.357, '4961': 2.339, '4584': 1.62, '4155': 1.4425000000000008, '6082': 1.2059999999999933, '3989': 2.888, '5796': 0.4809999999999999, '5851': 2.209000000000001, '6047': 13.282, '3938': 1.9440000000000013, '5685': 0.084, '6026': 5.020000000000004, '4556': 12.707, '6058': 6.847000000000008, '3914': 14.609999999999998, '5893': 3.539000000000007, '3919': 18.944, '5800': 0.262, '6053': 16.921, '5668': 1.6280000000000001, '6097': 5.1220000000000026, '6088': 2.0870000000000006, '6095': 0.7479999999999984, '6098': 5.300999999999995}",4.3002,
1978-07-01 13:00,"{'5363': 0.386, '5662': 0.8540000000000005, '5093': 0.4989999999999999, '4147': 3.732000000000002, '4267': 0.008, '5602': 0.0, '5308': 0.038, '5893': 0.536, '3919': 0.35700000000000004, '5898': 0.098, '4512': 0.0, '5762': 2.220000000000001, '5728': 9.216000000000001, '3977': 0.098, '6050': 0.14200000000000002, '5644': 0.8129999999999994, '3914': 0.29699999999999993, '3953': 0.0, '4664': 0.0, '6097': 0.26499999999999985, '6034': 0.6259999999999999, '4215': 0.298, '4093': 0.146, '6011': 0.154, '4076': 0.006, '5798': 12.860999999999999, '5949': 0.4149999999999999, '6091': 0.28300000000000014, '6088': 0.15400000000000003, '3987': 0.165, '6083': 1.293, '6095': 0.335, '5715': 3.988000000000004, '4173': 0.072, '6082': 0.23199999999999998, '6056': 0.336}",1.13675,
1979-07-01 13:00,"{'5874': 5.602000000000006, '4132': 14.100000000000003, '4915': 2.3529999999999998, '5255': 0.5439999999999934, '4001': 3.765, '5819': 26.414, '6005': 13.351000000000003, '4092': 18.688, '4221': 15.011000000000001, '6056': 50.977999999999994, '4142': 4.613666666666671, '3949': 3.634, '6088': 3.6120000000000023, '5926': 11.656000000000004, '4719': 1.421999999999998, '6040': 10.785999999999996, '5799': 11.888999999999987, '5691': 7.630000000000001, '3917': 2.53, '5706': 1.740999999999996, '5456': 4.862000000000002, '5683': 1.6669999999999985, '4025': 6.037000000000001, '5985': 0.4250000000000007, '5668': 4.993999999999997, '6083': 2.1430000000000002, '6095': 6.908999999999999, '6097': 4.042, '3919': 1.4039999999999997, '4147': 5.568, '3914': 0.8779999999999997, '5685': 6.3039999999999985, '6098': 4.603000000000004, '3964': 3.177, '6082': 0.877, '6034': 8.512999999999998, '6058': 22.920000000000012, '4193': 2.6530000000000005}",7.849885965,
1980-07-01 13:00,"{'5930': 4.989999999999994, '4201': 1.7659999999999982, '4908': 1.471, '5285': 2.3665000000000007, '5519': 7.239999999999998, '4076': 3.2109999999999967, '5640': 1.5839999999999992, '6067': 1.4740000000000002, '4862': 2.8240000000000007, '4043': 2.704000000000001, '5834': 2.8909999999999996, '5835': 1.6689999999999987, '4159': 4.544, '4716': 1.97, '4173': 3.5886666666666667, '4085': 18.131, '3914': 3.496000000000003, '5700': 4.212, '3960': 0.9050000000000001, '6095': 4.9350000000000005, '6047': 0.758, '4210': 0.23500000000000032, '6011': 0.3280000000000012, '5949': 6.355000000000002, '5981': 2.3329999999999993, '5644': 12.320999999999984, '5893': 10.225999999999999, '5643': 1.3790000000000067, '5798': 2.5730000000000004, '6091': 6.856999999999993, '6097': 4.178999999999999, '5819': 2.249000000000001, '3919': 1.6639999999999961, '6082': 4.1290000000000004}",3.869357843,
1981-07-01 13:00,"{'5602': 0.066, '6047': 0.04, '5050': 0.8960000000000004, '5843': 0.013999999999999999, '5319': 0.649, '4135': 0.09199999999999986, '3932': 0.7659999999999999, '5850': 0.0, '5041': 0.9570000000000003, '4555': 4.045999999999998, '3923': 2.379, '6017': 0.6749999999999998, '4099': 0.13, '3997': 0.01, '5722': 0.024, '5715': 0.5359999999999999, '3914': 0.06, '3920': 0.3109999999999999, '4196': 0.46399999999999997, '4174': 0.348, '4168': 1.0589999999999997, '6028': 0.34700000000000003, '5893': 0.0, '5668': 0.1399999999999999, '6098': 0.004, '6011': 0.209, '6095': 3.405000000000001, '5934': 0.05800000000000002, '4002': 0.02, '5798': 0.16599999999999998, '6097': 9.159, '6023': 0.028999999999999998, '6082': 2.34}",0.890878788,
1982-07-01 13:00,"{'5485': 0.9509000000000001, '4142': 0.4014999999999991, '5701': 1.0760000000000007, '4891': 0.36599999999999994, '5406': 0.44999999999999996, '6005': 0.24750000000000005, '5668': 0.6119999999999994, '3952': 0.096, '5585': 1.9359999999999997, '6091': 4.205, '5711': 7.178, '5918': 2.303000000000001, '3996': 1.7890000000000001, '6097': 2.6839999999999993, '3920': 1.5710000000000002, '5783': 3.5279999999999996, '4147': 0.19899999999999984, '4677': 0.4799999999999999, '5977': 1.049, '4598': 0.0, '5644': 1.7870000000000008, '6034': 15.539000000000001, '3997': 0.7299999999999999, '3914': 3.5460000000000025, '4126': 1.852, '4003': 0.4040000000000001, '6083': 6.532, '5893': 5.966999999999999, '5798': 0.9750000000000001, '6095': 4.343999999999999, '6026': 2.083, '6011': 3.936999999999998, '5685': 2.726000000000001, '6082': 5.685000000000001, '5965': 1.6110000000000002}",2.538282857,
1983-07-01 13:00,"{'5728': 0.43900000000000095, '5507': 8.565999999999994, '3969': 1.4460000000000002, '5299': 4.701999999999999, '4846': 0.12399999999999967, '5701': 2.0270000000000006, '4356': 10.771999999999998, '4147': 21.553, '4174': 0.5750000000000002, '3938': 2.4650000000000007, '5799': 2.0839999999999996, '6047': 3.1949999999999994, '5783': 3.1560000000000006, '4054': 1.2770000000000004, '6058': 12.564000000000004, '4121': 2.282000000000001, '5937': 3.8199999999999967, '4706': 1.0509999999999997, '6098': 2.4629999999999956, '3919': 1.3549999999999986, '5649': 6.478, '5683': 3.9979999999999993, '6048': 9.090666666666667, '5660': 2.9089999999999994, '3914': 3.3739999999999997, '5893': 2.69, '6029': 6.313000000000006, '4062': 2.4379999999999997, '4075': 0.47299999999999853, '6082': 5.345, '6095': 4.305, '5965': 1.3679999999999977, '5982': 2.4220000000000006}",4.155141414,
1984-07-01 13:00,"{'4300': 0.0, '5099': 0.0, '5986': 0.0, '5523': 0.134, '5651': 1.1879999999999995, '4619': 0.0, '4147': 1.5799999999999994, '5283': 0.0, '4054': 0.34199999999999997, '3961': 0.0, '5728': 4.330000000000002, '5888': 0.0, '4121': 0.0, '4174': 0.0, '5823': 1.1820000000000004, '3929': 0.14300000000000002, '4493': 0.0, '5748': 0.05400000000000027, '5644': 4.498000000000001, '6029': 0.192, '6082': 1.3760000000000003, '5705': 2.6950000000000003, '3919': 0.2800000000000001, '6047': 0.2849999999999999, '5965': 0.0, '4075': 0.0, '5893': 6.244, '6011': 1.3850000000000002, '6095': 2.733999999999998, '3914': 0.204, '6091': 4.144}",1.064193548,
1985-07-01 13:00,"{'5635': 0.6999999999999998, '5110': 0.15599999999999997, '5729': 0.0, '5274': 0.324, '4556': 2.298999999999999, '5545': 0.16, '5893': 0.0, '6023': 0.186, '4625': 0.21900000000000006, '3917': 5.049000000000001, '3929': 2.991999999999998, '4145': 0.215, '5887': 0.124, '3919': 4.237, '3996': 1.649, '6034': 0.9219999999999997, '3989': 34.503, '3914': 0.06900000000000261, '6011': 0.21200000000000002, '6097': 0.36700000000000005, '5660': 0.049, '6098': 0.036000000000000004, '5728': 0.092, '4911': 0.8640000000000003, '5823': 0.02, '5649': 0.02, '5748': 0.21799999999999997, '4076': 5.929999999999999, '4178': 3.492, '6083': 0.35800000000000076, '6075': 0.28099999999999997, '6095': 0.11200000000000002, '6026': 0.062, '5644': 0.012, '4147': 1.9459999999999993, '3947': 7.858999999999999, '6082': 3.3329999999999997}",2.136945946,
1986-07-01 13:00,"{'6069': 0.148, '5093': 2.4989999999999997, '5888': 0.08600000000000002, '5500': 0.406, '5814': 0.8639999999999999, '5649': 0.115, '6082': 4.191000000000002, '3939': 5.327000000000001, '5644': 0.10800000000000001, '6029': 0.23199999999999998, '5237': 0.6839999999999999, '5852': 0.08800000000000001, '4242': 3.007, '6098': 0.004, '4107': 0.63, '4441': 0.025999999999999995, '4156': 0.76, '3923': 8.279999999999994, '4099': 0.5710000000000001, '3994': 0.248, '6003': 4.574, '4606': 2.5500000000000003, '4147': 3.8, '3914': 1.481, '5746': 0.408, '6038': 1.342, '5748': 0.11600000000000016, '6095': 0.8490000000000001, '3920': 1.745, '5965': 0.204, '5660': 0.34600000000000003, '5607': 0.7989999999999999, '5893': 0.11800000000000001}",1.41230303,
1987-07-01 13:00,"{'4463': 0.01, '5266': 0.254, '4737': 0.8640000000000001, '6048': 0.008, '5855': 1.2440000000000004, '3969': 10.981, '4838': 0.002, '4168': 0.368, '4142': 0.13599999999999998, '3950': 1.9200000000000017, '5601': 0.033, '4644': 0.5389999999999999, '5887': 0.006000000000000001, '5748': 2.646000000000001, '5715': 0.688, '5669': 15.731, '6047': 0.6140000000000001, '4093': 0.4750000000000001, '5794': 0.22399999999999998, '4062': 1.2270000000000003, '4054': 6.905000000000001, '6095': 1.3739999999999997, '5742': 0.07800000000000001, '3919': 3.261, '5893': 0.368, '6097': 0.948, '5644': 0.2530000000000001, '6082': 1.328, '3914': 4.518000000000001, '4215': 0.3059999999999999, '6098': 2.845999999999999, '6038': 0.06100000000000011, '5538': 0.047000000000000014, '6026': 0.55}",1.788617647,
1988-07-01 13:00,"{'5460': 2.5000000000000018, '4359': 0.22200000000000006, '5051': 0.18399999999999994, '3969': 0.35200000000000004, '5761': 3.000000000000009, '4144': 0.338, '5730': 5.5830000000000055, '4008': 0.41899999999999993, '5940': 2.406, '5649': 5.0360000000000085, '5715': 12.256000000000009, '6042': 0.218, '4679': 0.0, '3988': 0.725, '5877': 27.33, '4071': 0.018, '6029': 0.24, '6003': 0.21000000000000005, '4168': 5.746999999999998, '6038': 0.42100000000000015, '5728': 14.536000000000012, '5748': 5.524999999999995, '3927': 2.258, '5893': 1.0219999999999996, '4055': 0.6890000000000001, '4156': 0.7319999999999999, '3919': 0.234, '6098': 1.1270000000000002, '6095': 2.2729999999999997, '5644': 5.036999999999999, '4463': 0.09499999999999999, '3914': 0.9819999999999999, '6082': 2.222}",3.149606061,
1989-07-01 13:00,"{'4154': 1.1774999999999998, '5290': 0.7899999999999987, '4404': 0.0, '3914': 0.084, '4198': 0.29600000000000004, '3938': 0.064, '4085': 0.162, '5729': 0.678100000000001, '6003': 0.52, '4279': 1.9120000000000001, '4135': 0.0, '4054': 0.326, '5857': 2.156999999999999, '4635': 0.027999999999999994, '4619': 0.0, '4147': 0.8960000000000005, '5887': 0.8139999999999996, '5660': 0.365, '6017': 1.447, '5893': 2.386, '6095': 1.5509999999999997, '3920': 0.38199999999999984, '5728': 0.18599999999999997, '6082': 0.28099999999999986, '6026': 2.152, '4164': 0.583, '5748': 0.74, '4062': 1.6409999999999996, '5877': 0.06, '6098': 1.469, '3917': 0.2279999999999999, '5722': 4.059000000000001, '6038': 1.0999999999999999}",0.864684848,
1990-07-01 13:00,"{'4671': 0.02, '5801': 0.7499999999999999, '3923': 0.18799999999999997, '4144': 0.14, '5797': 0.046, '4147': 0.9119999999999997, '5814': 0.004, '5368': 1.769000000000001, '4041': 0.036000000000000004, '4863': 2.1279999999999992, '4063': 0.28, '4557': 0.7700000000000001, '6095': 0.754, '3921': 0.14, '5640': 2.7269999999999994, '5927': 0.33, '5748': 0.03800000000000001, '6038': 0.15, '5969': 3.487, '4489': 0.24099999999999994, '6042': 0.006000000000000001, '5644': 0.23600000000000032, '3997': 0.08, '4155': 0.20800000000000005, '3934': 0.35600000000000004, '3914': 1.376, '5728': 0.122, '6098': 0.432, '6083': 0.564, '6034': 0.627, '6082': 4.435, '6026': 0.5379999999999999, '5715': 0.146, '5893': 0.4179999999999999}",0.719235294,
1991-07-01 13:00,"{'5444': 0.012, '4831': 0.868, '5126': 0.614, '5757': 2.86, '5858': 0.8919999999999998, '4041': 10.658, '6026': 0.333, '5998': 0.21999999999999997, '4136': 0.9700000000000003, '4147': 0.6220000000000001, '4062': 6.7189999999999985, '5954': 0.0, '4606': 0.6199999999999992, '6083': 0.6090000000000001, '5693': 0.7059999999999998, '3939': 7.493999999999996, '4111': 2.381, '5621': 0.642, '6095': 1.0840000000000003, '5927': 0.26600000000000007, '5832': 1.6819999999999988, '4155': 0.43000000000000005, '5893': 2.3510000000000004, '6082': 0.292, '5746': 5.413, '5644': 5.413999999999999, '6098': 0.8450000000000015, '6038': 1.53, '3914': 11.866999999999992, '3988': 7.376000000000005, '5748': 1.2099999999999997, '6034': 0.11999999999999997, '3917': 10.617}",2.658090909,
1992-07-01 13:00,"{'4647': 0.6380000000000001, '5426': 0.925, '5873': 0.9589999999999992, '6910': 0.134, '4025': 2.0440000000000005, '4538': 0.016, '4711': 0.066, '4071': 4.800000000000001, '5693': 10.271999999999998, '5881': 0.018000000000000682, '4236': 0.4020000000000001, '4180': 0.4589999999999999, '5728': 6.418999999999993, '5718': 1.6380000000000017, '3960': 0.01399999999999979, '6019': 0.2800000000000001, '4243': 0.044, '6098': 3.407999999999996, '4062': 2.01, '5780': 13.889999999999997, '5748': 2.2840000000000042, '5644': 0.21599999999999975, '3921': 1.1210000000000009, '6034': 2.5609999999999995, '6083': 2.3899999999999992, '4205': 0.08600000000000002, '6082': 0.857, '3914': 1.294, '4147': 4.385999999999999, '5893': 1.766, '6038': 3.342, '6095': 1.6349999999999998}",2.1991875,
1993-07-01 13:00,"{'4397': 1.0840000000000003, '5415': 0.004, '4205': 0.044000000000000004, '5874': 0.016, '3994': 9.043999999999999, '5893': 0.042, '6004': 0.032, '5393': 0.0, '5722': 0.17, '5852': 0.152, '5660': 0.016, '3938': 4.356, '5605': 0.221, '6038': 0.361, '4540': 0.07199999999999998, '6098': 2.1829999999999985, '4052': 3.748000000000002, '5909': 0.0, '6095': 0.24400000000000033, '4287': 0.10400000000000001, '4085': 0.8819999999999999, '4140': 0.085, '5718': 0.022000000000000002, '6034': 0.103, '5748': 0.26399999999999996, '3923': 4.564999999999999, '5746': 2.4130000000000003, '4209': 0.3120000000000001, '6082': 0.5499999999999998}",1.072034483,
1994-07-01 13:00,"{'5460': 0.7689999999999998, '5188': 0.27999999999999936, '5664': 4.8389999999999995, '4144': 3.1980000000000013, '4625': 0.2829999999999995, '3917': 4.771999999999998, '5701': 7.8039999999999985, '5965': 9.633999999999999, '3928': 2.367999999999999, '6083': 3.1430000000000002, '5746': 15.122, '6038': 0.30900000000000016, '5797': 3.543000000000003, '4077': 10.195, '4071': 10.159999999999995, '5748': 6.186000000000005, '6042': 6.220999999999997, '5993': 3.36, '3921': 3.742999999999999, '5385': 2.2870000000000017, '6899': 0.31600000000000006, '5893': 0.46699999999999786, '5722': 3.9630000000000027, '6026': 0.6860000000000026, '4538': 4.958, '5660': 10.06000000000001, '6095': 5.3400000000000025, '4178': 0.41400000000000015}",4.443571429,
1995-07-01 13:00,"{'4475': 0.9120000000000001, '5642': 3.4180000000000006, '4071': 0.6540000000000002, '3923': 6.891000000000009, '26777': 4.738999999999997, '5957': 7.2420000000000035, '4027': 0.09599999999999964, '5857': 20.433, '4679': 0.11200000000000004, '5988': 3.0820000000000007, '10204': 12.676999999999996, '4844': 0.10300000000000001, '5745': 11.464999999999998, '5715': 1.7679999999999996, '3932': 1.8119999999999994, '10804': 2.906, '5376': 5.115000000000002, '10244': 3.7459999999999964, '4156': 0.911, '5893': 3.039999999999999, '4635': 0.27799999999999997, '6899': 1.033, '5669': 1.176000000000001, '7632': 3.8859999999999983, '10763': 9.989999999999993, '5650': 8.509, '5644': 8.228333333333332, '6083': 11.888000000000007, '10197': 7.343999999999998, '6038': 0.2989999999999986, '6098': 8.255333333333336, '6095': 8.750666666666666, '6026': 0.7540000000000022}",4.894343434,
1996-07-01 13:00,"{'5867': 0.5289999999999998, '3953': 0.6379999999999999, '5165': 0.044000000000000004, '5327': 0.24800000000000005, '4238': 0.055999999999999994, '9029': 0.228, '4093': 0.446, '5715': 0.72, '27002': 0.0, '4159': 5.364, '10874': 10.914, '5965': 0.618, '10865': 0.35899999999999993, '5939': 0.24300000000000005, '6083': 2.717000000000001, '5644': 9.602, '5650': 2.701, '4055': 0.24499999999999997, '3987': 0.6910000000000001, '6906': 0.374, '4156': 0.07299999999999973, '5796': 1.1309999999999998, '4008': 1.5010000000000006, '6095': 0.8179999999999996, '10763': 1.6440000000000003, '10791': 0.33299999999999996, '7632': 0.6390000000000002, '4201': 0.038000000000000006, '8404': 3.440999999999997, '8668': 5.841000000000004, '5669': 1.6629999999999958, '10804': 0.9130000000000003, '10204': 2.454000000000001, '10197': 1.503, '10244': 1.016}",1.707,
1997-07-01 13:00,"{'5642': 1.59, '6081': 4.6350000000000025, '4054': 8.2, '5682': 7.2123333333333335, '4093': 6.169000000000002, '4656': 3.7640000000000047, '5797': 5.223, '5441': 2.6039999999999996, '4538': 2.733999999999999, '5644': 1.2659999999999982, '4156': 4.763999999999999, '5836': 2.8230000000000004, '6911': 1.467, '3943': 0.04899999999999416, '6083': 2.7089999999999996, '5893': 10.274999999999999, '5965': 3.922000000000001, '5669': 3.097999999999999, '10763': 0.585, '10804': 9.179000000000004, '10865': 1.599733333333334, '8456': 0.42999999999999994, '5660': 1.548, '4132': 6.239, '10197': 0.857, '4062': 9.0925, '10204': 0.46, '3923': 11.137999999999995, '6098': 15.230666666666655, '4168': 1.7189999999999999, '3921': 8.055000000000001, '6095': 2.388}",4.407038542,
1998-07-01 13:00,"{'5170': 0.06000000000000002, '10812': 4.4760000000000035, '4575': 0.0, '5660': 8.012000000000004, '7632': 4.066, '4702': 0.21899999999999992, '6083': 2.2150000000000003, '5934': 3.2729999999999992, '4121': 0.4190000000000002, '5686': 7.736999999999997, '4144': 0.03, '3953': 0.12, '10197': 4.003000000000001, '5429': 11.582, '4055': 0.46199999999999997, '5794': 21.431999999999995, '4008': 0.026999999999999996, '5844': 5.815000000000004, '10865': 3.1190000000000015, '3921': 0.27399999999999997, '4722': 0.006000000000000001, '6095': 4.237, '10763': 5.765999999999995, '10791': 0.018000000000000016, '10204': 5.414000000000001, '5669': 22.326999999999995, '8668': 3.937, '5893': 5.097, '4140': 0.05600000000000001, '6098': 2.3579999999999997, '5627': 1.1680000000000006, '10804': 3.0260000000000002}",4.08596875,
1999-07-01 13:00,"{'10982': 4.5459999999999985, '10898': 0.8909999999999999, '5181': 0.7889999999999997, '5254': 6.891999999999996, '10918': 20.889000000000003, '27528': 9.012, '4107': 8.322999999999995, '3997': 0.0800000000000014, '5662': 4.065999999999999, '4715': 0.14800000000000058, '5627': 12.823999999999996, '10804': 0.10099999999999909, '3928': 6.115999999999996, '6005': 7.219999999999999, '10872': 28.03, '4168': 0.6750000000000016, '4156': 1.6660000000000017, '4093': 2.9409999999999945, '3921': 0.7610000000000019, '3923': 7.0139999999999985, '8456': 0.34800000000000003, '6098': 7.477000000000001, '9004': 7.7860000000000005, '5650': 4.706, '6083': 1.4120000000000001, '6095': 1.3560000000000043, '5748': 2.7190000000000003, '10197': 0.9790000000000001, '26778': 9.352, '5669': 1.3470000000000002, '10204': 1.7420000000000002}",5.232516129,
2000-07-01 13:00,"{'4711': 1.1820000000000002, '3966': 2.9120000000000004, '5662': 2.8089999999999993, '5426': 5.825, '4157': 4.437, '7595': 5.207999999999999, '5858': 1.4980000000000002, '6910': 0.304, '5669': 0.1839999999999995, '4333': 8.211, '4715': 0.3780000000000001, '10197': 3.6750000000000016, '5966': 2.6980000000000013, '10865': 6.0, '3921': 4.086000000000002, '6081': 2.3450000000000024, '6047': 11.25, '6899': 0.02800000000000402, '4524': 4.298, '4168': 0.36600000000000144, '10804': 2.4690000000000003, '10918': 0.5609999999999973, '10977': 0.43300000000000005, '5748': 1.9400000000000006, '10204': 1.5590000000000028, '5936': 5.4799999999999995, '9001': 1.3790000000000004, '6095': 2.689000000000001, '6098': 4.910000000000002, '8456': 1.4149999999999998}",3.017633333,
2001-07-01 13:00,"{'4607': 0.723, '5913': 48.97999999999999, '5616': 0.16499999999999648, '6899': 0.35400000000000015, '4441': 1.217, '3939': 0.9280000000000002, '30246': 1.2969999999999984, '26771': 4.238749999999995, '5527': 0.6109999999999989, '7632': 5.589999999999998, '4003': 0.4760000000000004, '5848': 19.642999999999986, '4747': 2.402000000000001, '5748': 10.546000000000001, '5660': 4.505999999999994, '10865': 11.913333333333334, '8999': 4.3430000000000035, '6083': 2.1519999999999997, '5722': 13.386999999999995, '10204': 2.849166666666666, '27865': 4.247999999999997, '4111': 2.134, '7981': 2.2680000000000002, '6095': 3.9590000000000014, '3921': 4.71, '26798': 4.5830000000000055, '10197': 2.2330000000000005, '10804': 2.17, '10791': 8.979249999999997, '6098': 9.55699999999998, '5669': 13.027999999999997}",6.264209677,
2002-07-01 13:00,"{'4932': 0.0, '8486': 2.6090000000000018, '4441': 0.22099999999999997, '3921': 1.7960000000000012, '5484': 0.18100000000000002, '3928': 2.6089999999999978, '5687': 4.400000000000001, '5315': 4.673142857142857, '4180': 0.7300000000000001, '10664': 0.6515000000000002, '4607': 0.02, '4838': 0.0, '4243': 0.028999999999999998, '3923': 1.0550000000000015, '6095': 9.100000000000001, '4092': 0.032, '5966': 2.9870000000000005, '26798': 2.7709999999999995, '10898': 4.449999999999999, '6005': 0.253, '10804': 1.2110000000000007, '5715': 0.9840000000000002, '6047': 0.9430000000000004, '10763': 3.5590000000000015, '6098': 2.117000000000001, '10865': 3.1759999999999993, '6038': 0.9200000000000004, '10204': 2.4439999999999973, '5669': 1.835, '4168': 1.4589999999999979}",1.907188095,
2003-07-01 13:00,"{'3960': 10.533000000000005, '27533': 0.013999999999999999, '9001': 0.5809999999999997, '4575': 0.03, '4140': 11.410723809523812, '5361': 2.9245000000000014, '27535': 1.444, '4671': 0.008, '4209': 0.5059999999999999, '10220': 6.194999999999996, '6083': 3.9369999999999994, '27717': 4.05225, '4099': 7.124799999999994, '4477': 0.03, '5650': 2.9160000000000004, '10865': 5.898000000000001, '10204': 6.682999999999997, '5748': 0.33199999999999985, '10244': 4.486499999999999, '5701': 0.7460000000000003, '27442': 3.7779999999999996, '27674': 2.091857142857144, '6095': 15.419666666666664, '4862': 0.69, '6038': 0.5250000000000015, '4168': 0.9537500000000003, '10804': 2.803999999999998, '6098': 0.9949999999999988, '5669': 1.4229999999999992, '5715': 18.4447, '10791': 1.8470000000000018}",3.833024117,
2004-07-01 13:00,"{'26773': 0.9600000000000004, '5368': 2.9679999999999964, '4041': 3.4330000000000003, '4715': 0.06, '5801': 4.030000000000003, '5049': 0.44800000000000006, '3953': 4.449999999999999, '5599': 22.015, '10874': 7.156999999999996, '4132': 0.3359999999999995, '4055': 1.852, '42123': 1.755, '10763': 5.911000000000001, '5669': 0.5810000000000002, '5929': 1.948000000000004, '6038': 5.283999999999998, '30435': 1.3900000000000001, '26887': 0.10200000000000031, '6081': 5.395000000000002, '42683': 1.932, '9001': 2.197999999999999, '5715': 0.08299999999999996, '7981': 1.2150000000000005, '6083': 2.7929999999999997, '10865': 9.270000000000003, '10804': 0.024000000000000465, '6098': 1.8390000000000022, '10197': 2.08, '10204': 1.592, '3921': 1.4420000000000004, '6095': 3.917399999999999}",3.176141935,
2005-07-01 13:00,"{'5642': 3.605500000000002, '5237': 3.600000000000001, '4397': 1.1839999999999993, '30246': 4.829000000000001, '5913': 0.9879999999999995, '4157': 1.8134999999999994, '10898': 0.22100000000000275, '3943': 2.822000000000001, '6098': 12.303000000000003, '10244': 0.352000000000003, '42683': 2.3490000000000006, '7593': 1.8379999999999996, '4168': 1.190666666666667, '4656': 0.16799999999999998, '8675': 0.4880000000000002, '8404': 8.971000000000004, '27443': 0.3060000000000045, '4121': 0.9649999999999995, '26798': 7.904000000000002, '6038': 11.510000000000003, '5814': 1.4000000000000012, '8456': 1.6489999999999991, '10197': 6.517000000000003, '6047': 16.023000000000003, '5545': 0.3370000000000051, '10204': 13.150666666666668, '27865': 4.096999999999997, '6095': 6.565000000000002, '10791': 1.4878666666666636, '4838': 3.999999999999999, '10804': 6.034999999999994, '4062': 7.360000000000003, '5669': 1.8759999999999994}",4.178945455,
2006-07-01 13:00,"{'5606': 1.3719999999999999, '29391': 0.26999999999999247, '5368': 5.485000000000003, '5748': 11.905000000000001, '5687': 3.197, '43104': 3.2600000000000087, '10849': 20.171249999999993, '4898': 4.383333333333333, '4168': 3.898999999999999, '42683': 1.8680000000000017, '4093': 5.657999999999998, '44826': 2.4859999999999998, '5934': 8.167000000000003, '4140': 13.905999999999988, '26778': 4.865000000000001, '3960': 15.242999999999991, '10244': 1.3260000000000005, '27803': 18.83700000000001, '6095': 9.816, '5794': 0.9029999999999991, '8456': 6.173999999999999, '4201': 7.816999999999997, '44204': 0.7949999999999999, '5669': 5.675999999999998, '27443': 9.758, '10197': 4.5969999999999995, '44143': 1.1850000000000005, '10804': 4.748000000000005, '10220': 7.722000000000008, '6083': 2.8509999999999995, '10204': 3.3130000000000006, '4635': 2.130000000000001, '6098': 3.0759999999999987}",5.965441919,
2007-07-01 13:00,"{'4377': 0.30699999999999983, '31009': 0.8759999999999997, '5368': 1.613999999999999, '44163': 6.691, '6095': 3.0210000000000012, '10869': 0.868, '6098': 1.1190000000000002, '30173': 3.075, '5748': 5.195000000000001, '4132': 1.7889999999999995, '4003': 1.8439999999999994, '8404': 0.9000000000000001, '4180': 0.49200000000000005, '10898': 4.555999999999997, '3997': 1.88, '10872': 0.5979999999999999, '10197': 0.6610000000000004, '3920': 3.4279999999999973, '10874': 1.7820000000000003, '6081': 1.5599999999999996, '30242': 0.6569999999999996, '4575': 0.07399999999999998, '4093': 0.28400000000000014, '9006': 0.2620000000000001, '8536': 3.7760000000000007, '10804': 0.7839999999999998, '6047': 0.15700000000000025, '27443': 4.224, '44204': 1.7770000000000006, '8456': 1.617, '10204': 0.43100000000000005, '5993': 6.558, '5669': 0.9269999999999989, '44143': 3.796}",1.987647059,
2008-07-01 13:00,"{'5619': 0.25, '8536': 0.9609999999999992, '4180': 7.823, '3987': 0.4070000000000018, '31010': 0.568, '4540': 0.09899999999999996, '5861': 2.073, '7633': 4.555999999999992, '5836': 1.4659999999999997, '30682': 4.012, '3939': 7.244999999999996, '10791': 4.283, '5368': 0.6480000000000001, '3923': 0.14999999999999858, '5993': 0.002, '26797': 3.027999999999999, '8997': 0.34499999999999986, '5669': 3.52, '6083': 2.1550000000000002, '10763': 0.6680000000000001, '6095': 1.3139999999999998, '10244': 16.086000000000006, '6098': 1.9099999999999993, '10204': 2.644000000000003, '10898': 1.5360000000000003, '8456': 1.6859999999999997, '10918': 6.2860000000000005, '10804': 13.628999999999998, '44204': 0.6000000000000005, '4168': 12.732, '8404': 8.586, '44143': 7.175, '4093': 2.0420000000000003}",3.651060606,
2009-07-01 13:00,"{'5500': 2.7050000000000005, '27443': 0.41800000000000015, '31010': 0.8690000000000042, '5642': 5.42475, '45547': 7.397999999999998, '46507': 4.235999999999999, '4545': 10.041999999999991, '27674': 8.807499999999997, '5373': 4.482999999999997, '10244': 3.733000000000002, '4099': 5.700999999999999, '30173': 20.005999999999997, '10875': 4.039999999999999, '30168': 2.535, '9001': 2.4480000000000075, '5650': 0.7570000000000028, '5988': 2.5110000000000006, '6095': 5.757, '30164': 6.455000000000002, '4647': 1.683, '30242': 1.5570000000000013, '30435': 8.810633333333334, '44204': 6.436000000000004, '7595': 16.771, '27865': 2.2129999999999996, '10197': 1.0309999999999993, '6083': 2.381, '8404': 2.229000000000002, '5748': 2.863000000000001, '44143': 0.2436666666666678, '5669': 1.8689999999999998, '27294': 8.415, '30166': 6.928, '10804': 3.4079999999999977}",4.857780882,
2010-07-01 13:00,"{'44987': 1.3290000000000004, '6047': 0.6616666666666668, '4093': 0.08000000000000002, '47307': 0.006999999999998341, '30266': 0.06600000000000002, '5225': 0.9198333333333335, '4003': 0.6, '10849': 0.8889999999999999, '5604': 0.03, '5814': 1.3099999999999992, '8456': 0.6210000000000002, '10872': 0.893, '6095': 0.6700000000000002, '10804': 1.2870000000000008, '30130': 2.9289999999999985, '26778': 2.2, '4057': 1.705, '4140': 10.607000000000001, '10197': 0.9210000000000003, '10244': 1.9673, '4201': 0.217, '27443': 0.8650000000000001, '44143': 0.4003333333333333, '4168': 1.5650000000000004, '10898': 1.6819999999999995, '7925': 0.049, '10763': 2.1449999999999987, '44204': 0.538, '30166': 1.325, '30164': 0.5420000000000007, '4671': 0.092, '5669': 2.068999999999998, '27326': 2.5009999999999994}",1.323731313,
2011-07-01 13:00,"{'6907': 0.035, '5545': 0.07, '5268': 0.22799999999999992, '26799': 0.15799999999999997, '4538': 0.028000000000000008, '48373': 4.01, '26889': 0.2629999999999999, '48971': 14.592, '10849': 0.09000000000000002, '26798': 0.48100000000000004, '7582': 6.5035, '5650': 0.8799999999999999, '5669': 2.587, '3987': 2.1109999999999998, '6047': 0.7413333333333335, '3966': 2.813999999999999, '44204': 2.4219999999999993, '48950': 0.9520000000000003, '4140': 2.3640000000000008, '5911': 0.015000000000000013, '10898': 1.5689999999999988, '10763': 3.5410000000000004, '4061': 37.253, '44143': 1.8087499999999994, '6029': 0.19299999999999995, '7595': 0.7805238095238096, '48974': 4.289, '10804': 5.060999999999998, '8404': 4.689, '10244': 7.551, '30164': 2.0564999999999998, '6095': 2.4145, '10197': 7.119999999999998}",3.626397186,
2012-07-01 13:00,"{'4716': 0.2880000000000001, '4376': 0.221, '5674': 0.7079999999999997, '8456': 1.6329999999999996, '4132': 0.205, '48968': 0.716, '6911': 0.40900000000000014, '44967': 0.40999999999999986, '8675': 3.797000000000001, '27294': 1.1369999999999998, '10874': 1.039, '50248': 0.5370000000000001, '5339': 0.3679999999999999, '49649': 7.229, '10804': 1.163, '5650': 0.3200000000000004, '6095': 12.099, '49648': 0.1800000000000001, '30435': 1.826, '27674': 0.7980000000000004, '8404': 0.6450000000000014, '10244': 1.2180000000000002, '49390': 3.9139999999999997, '46507': 0.9140000000000003, '5993': 0.13599999999999998, '4168': 0.11200000000000015, '30166': 3.2479999999999993, '46427': 0.5710000000000001, '27443': 0.17500000000000016, '10197': 0.38799999999999985, '44143': 2.521000000000001, '5966': 0.5619999999999999, '4711': 0.3739999999999999, '9001': 1.254, '5669': 1.601, '4099': 1.528, '6047': 0.07300000000000018}",1.468027027,
2013-07-01 13:00,"{'5362': 0.534, '48971': 0.03800000000000001, '6029': 0.046, '43104': 0.0, '47547': 0.055999999999999994, '5585': 0.7440000000000002, '5686': 0.7030000000000003, '50048': 0.11599999999999999, '4168': 0.39525, '5977': 0.281, '4656': 1.0139999999999998, '10763': 0.028000000000000004, '10244': 0.008, '7925': 0.927, '3966': 0.16399999999999998, '27294': 0.762, '5669': 0.10999999999999999, '30166': 0.926, '5779': 0.06000000000000001, '5966': 0.348, '4099': 0.073, '27603': 5.596, '51219': 0.3053333333333334, '26798': 0.124, '49648': 0.018, '6005': 0.013999999999999999, '10804': 0.002, '49649': 4.204, '6095': 0.3643333333333334, '48228': 1.7634999999999992, '50723': 0.128, '44143': 1.1955, '50822': 2.221, '7633': 0.008}",0.684615196,
2014-07-01 13:00,"{'27535': 14.448999999999998, '7747': 5.901, '48371': 5.260999999999999, '4099': 6.235999999999998, '5738': 3.474000000000001, '4647': 1.5099999999999998, '43104': 5.788666666666669, '4157': 2.5508333333333324, '10244': 6.809499999999996, '5585': 1.3934999999999993, '26887': 1.7879999999999998, '44143': 9.388916666666677, '30164': 4.420000000000003, '48974': 5.422999999999998, '31048': 3.912000000000001, '42123': 5.607666666666665, '47307': 1.71, '8536': 5.4479999999999995, '8675': 0.8717499999999992, '27603': 6.831399999999999, '50857': 16.354666666666667, '5954': 2.735, '10874': 9.472999999999995, '52179': 5.136583333333331, '10220': 3.028000000000003, '27443': 1.7599999999999927, '44204': 49.605000000000004, '8456': 3.195, '5669': 3.405, '8404': 8.690000000000005, '48228': 11.026000000000003, '49491': 14.782333333333332, '50723': 7.198000000000002, '10197': 4.258666666666665, '50822': 8.91691666666666}",7.095382857,
2015-07-01 13:00,"{'45309': 0.583000000000002, '8999': 8.796, '10982': 1.8680000000000145, '44323': 0.6849999999999997, '10244': 1.581, '4838': 2.9099999999999993, '5918': 13.862999999999996, '8456': 2.4770000000000008, '6029': 13.665999999999999, '30164': 27.673999999999996, '44343': 0.8980000000000001, '30173': 7.686000000000002, '27603': 1.7469999999999997, '10849': 6.63975, '52179': 5.800999999999999, '44123': 1.7269999999999996, '27674': 0.6482499999999998, '10763': 3.922999999999999, '50822': 3.4775, '45348': 3.9119999999999995, '4168': 1.3869999999999998, '30435': 3.2877500000000004, '50722': 4.135999999999997, '44204': 1.1959999999999997, '10874': 0.5680000000000085, '27865': 2.296, '5966': 4.130999999999997, '10197': 0.578, '30166': 0.6399999999999999, '50092': 1.599, '53140': 0.2479999999999998, '52918': 0.39}",4.094351563,
2016-07-01 13:00,"{'6904': 2.0239999999999956, '50822': 0.8359999999999985, '48371': 0.3869999999999987, '30168': 0.385, '10220': 2.893999999999998, '10791': 8.744, '10244': 0.41799999999999987, '5584': 11.014499999999998, '42683': 1.3035000000000003, '10875': 0.9297500000000007, '51958': 4.807285714285714, '50840': 2.038000000000002, '4750': 10.09099999999999, '10197': 0.8079999999999995, '5803': 3.046000000000001, '51297': 0.07, '27674': 2.533000000000001, '10763': 0.19199999999999995, '52918': 0.11249999999999993, '27443': 0.583000000000002, '44204': 5.069999999999998, '4168': 3.892000000000001, '26798': 3.1359999999999983, '7925': 6.811399999999997, '50857': 0.7260000000000002, '49649': 2.54625, '30166': 10.414, '30435': 8.4605, '26893': 2.489, '51137': 1.3310000000000002, '53140': 0.5034999999999997, '52179': 5.7188}",3.259843304,
2017-07-01 13:00,"{'44303': 8.679999999999998, '5262': 27.94799999999999, '3966': 1.3290000000000002, '27535': 7.06, '4647': 4.002000000000001, '5846': 7.244000000000002, '30578': 16.561999999999998, '4168': 1.6280000000000001, '5936': 4.6739999999999995, '30435': 0.5499999999999998, '49908': 4.094, '49648': 8.453000000000001, '30682': 5.95, '30168': 3.5540000000000007, '52898': 4.437, '7925': 12.996999999999996, '26887': 5.013000000000002, '4121': 1.3499999999999979, '27326': 0.4069999999999996, '30164': 2.3089999999999975, '53519': 0.8209999999999993, '49491': 10.734999999999992, '50722': 5.1275, '9001': 7.935999999999998, '51958': 6.65497857142857, '52918': 0.9289999999999996, '48228': 5.165, '26798': 2.9490000000000016, '53978': 0.42100000000000015, '53140': 0.8160000000000001, '8404': 6.191999999999997, '51219': 1.452, '48974': 2.1109999999999993, '10763': 4.584999999999999, '3920': 2.0630000000000033, '27443': 10.921, '52179': 13.161000000000001}",5.683256178,
2018-07-01 13:00,"{'5803': 5.650000000000005, '31688': 0.46, '5327': 4.897500000000002, '27674': 22.06425, '44143': 2.789000000000001, '47567': 1.386, '5858': 4.41, '30435': 2.916499999999999, '42967': 0.15399999999999994, '5969': 3.4632499999999995, '8536': 1.5800000000000003, '49648': 3.1529000000000007, '49649': 1.0919999999999996, '3932': 9.733999999999996, '26798': 1.8629999999999998, '4607': 0.20999999999999996, '4121': 1.051, '48228': 8.803999999999995, '53140': 3.1830000000000016, '42123': 0.8400000000000016, '52080': 0.8400000000000007, '10849': 9.175, '52179': 2.4210000000000007, '52898': 12.772000000000004, '10763': 1.0620000000000016, '51219': 0.9110000000000014, '50723': 2.638000000000001, '51958': 7.1480000000000015, '27443': 3.165000000000001, '8404': 1.6069999999999993, '3920': 9.637000000000004, '50857': 2.860000000000002, '30166': 1.9210000000000012, '50822': 1.3539999999999983, '8456': 4.537000000000001}",4.049954286,3.268297374
