1956-07-01 13:00,"{'4337': 6.43893138127342, '4180': 3.391242672651174, '3987': 3.734479982988752, '4209': 17.385242159642274, '4055': 26.47252431468587, 'kuujjuaq_a_2': 2.8565020693686876, 'quebec_jean_lesage_intl_a': 21.738585295479993, 'nitchequon': 18.243035452017196, '4168': 17.497317114486876, '4201': 10.440426888691249, 'inukjuak_ua': 1.693219982691744, '3914': 36.009253398157156, 'sept_iles_a': 27.93503356174125, 'lake_eon': 28.37350675704178, '4716': 10.019359660101102, 'grindstone_island': 22.063500422313112, '5051': 14.360227754270596, 'schefferville_a3': 8.305956099908414, '3969': 18.315849602428372, 'val_dor_a3': 3.6270549683501656, 'mont_joli_a_2': 20.242535060414056}",15.197323076128729
1957-07-01 13:00,"{'rouyn_a': 2.861817897160421, 'montreal_st_hubert_a': 6.56894228616887, '5126': 13.677065329168592, 'sept_iles_a': 25.551506547946303, 'grindstone_island': 9.348652340009778, '4538': 9.310497407346155, 'kuujuarapik_a': 27.944907993820784, '4055': 6.964893712034211, '4168': 7.329056651214572, '4716': 3.212835533208839, '4201': 11.224415547756884, '4157': 1.6106779045065451, 'lake_eon': 2.546476622837716, '3969': 1.5704907998242774, 'mont_joli_a_2': 8.072343927192392, '3987': 14.80712516111111, 'nitchequon': 16.064098007617588, 'kuujjuaq_a_2': 20.297667124381675, 'schefferville_a3': 15.256627919359588, '3914': 2.7640605447723985, 'maniwaki_airport_ua': 2.9271690910222645, 'bagotville_a': 22.155102564176097, 'inukjuak_ua': 4.45811515500354, 'parent': 29.36365374630664}",11.078674992247803
1958-07-01 13:00,"{'montreal_st_hubert_a': 1.7895141500958403, 'kuujjuaq_a_2': 0.02151349814312198, '4132': 3.6200482280448085, 'lake_eon': 18.536574847541004, '3960': 9.936857391331188, 'quebec_jean_lesage_intl_a': 4.791635921110341, '4716': 18.437200076666173, '4157': 8.640419725968698, '4477': 10.62796128772304, 'mont_joli_a_2': 4.178998717284912, '3926': 21.731914809158695, 'kuujuarapik_a': 20.33847003093696, 'inukjuak_ua': 14.02948597880335, '4168': 4.038499623539067, 'val_dor_a3': 14.841410258215447, 'parent': 4.131846425977955, '3914': 26.390235561286673, '4029': 3.336852698040886, '3919': 15.56033524191838, 'schefferville_a3': 18.907335435267754, 'nitchequon': 8.557651426427071, 'maniwaki_airport_ua': 6.25334776207707, 'sept_iles_a': 12.370291759098365, '4055': 8.03588858271688}",10.796012059890572
1959-07-01 13:00,"{'4145': 32.82617591972887, '4055': 0.5627257043185736, '3926': 22.33507073624348, 'inukjuak_ua': 33.76247872164315, 'sept_iles_a': 9.904645844710345, 'quebec_jean_lesage_intl_a': 13.917577888154057, 'kuujjuaq_a_2': 17.491602985711012, '3914': 15.925332579410451, '3960': 6.859040478546532, 'mont_joli_a_2': 10.47945984663798, 'parent': 2.184430141223821, '4716': 4.47960508282047, '5043': 12.036534492770457, 'kuujuarapik_a': 2.769200771307439, 'montreal_st_hubert_a': 5.970224395295055, 'nitchequon': 8.151101349706941, '3987': 20.314818022919454, '4157': 2.904379518786911, '4209': 18.55996866083302, '3919': 28.167661282760903, 'lake_eon': 5.472552038108077, 'schefferville_a3': 12.594049531255095, '4168': 7.937610796686471, 'maniwaki_airport_ua': 6.040736575071847}",12.568624306860434
1960-07-01 13:00,"{'5051': 10.36422969703328, '4337': 13.05547423659165, 'lake_eon': 27.541125857519738, 'kuujuarapik_a': 13.597793139581263, '3969': 7.630278250002171, '3926': 33.192419112294225, 'quebec_jean_lesage_intl_a': 14.4030291688725, '4132': 7.018592497949157, 'sept_iles_a': 4.012014009954385, '3987': 6.396742858796479, '3919': 3.905552358677255, 'schefferville_a3': 33.16664039931501, 'nitchequon': 12.855925692168036, 'mont_joli_a_2': 6.939279296735599, '4716': 25.240476409465067, 'inukjuak_ua': 7.041001896900582, '3914': 11.931340594937133, 'kuujjuaq_a_2': 28.644143943639833, '4180': 17.06278458251041, '4168': 0.4744529176664898, '4055': 16.15528235658691, 'val_dor_a3': 6.484269218247185}",13.959674931611106
1961-07-01 13:00,"{'4145': 0.04959716143022064, '3914': 19.89329340851193, '4157': 20.203565070777167, 'port_menier_2': 34.01985945912864, '5085': 11.434307894919371, 'quebec_jean_lesage_intl_a': 11.986093540715345, '3987': 28.68769329449583, '4168': 2.739021157212811, 'montreal_pierre_trudeau_intl_a': 6.592588494610183, 'baie_comeau_a_2': 27.225629828253126, 'lake_eon': 24.948844235688156, 'kuujjuaq_a_2': 13.93385417835298, '3919': 21.457770138043408, 'inukjuak_ua': 3.5827984151209833, '4716': 5.314550851487041, '4209': 8.280622303459467, '4055': 22.3980392571929, 'nitchequon': 4.960837122483348, 'schefferville_a3': 35.496911823163764, 'kuujuarapik_a': 25.985304414162307, '3960': 30.38967016080926, '3926': 26.716243130796258}",17.558958879127932
1962-07-01 13:00,"{'montreal_pierre_trudeau_intl_a': 7.852998651912955, '4692': 0.7762294576443125, '4093': 4.469933709650732, 'schefferville_a3': 31.413414353476902, '4145': 2.27592903305073, 'lake_eon': 20.450147742547443, '4477': 5.66939928329333, 'inukjuak_ua': 25.92055042691623, 'sept_iles_a': 17.531195832182085, '4029': 11.80122668363176, '4157': 7.432296719326345, 'mont_joli_a_2': 0.05427493629925806, '3969': 9.125758507163859, '3914': 7.958082719176012, 'bagotville_a': 1.3862733682268953, '4168': 18.213667744575055, '4055': 7.508539464609605, 'kuujuarapik_a': 32.00024901178988, '3926': 19.859115887512736, 'nitchequon': 26.482196660485975, '3919': 0.9305841250859075, '4716': 22.467768427650228, 'kuujjuaq_a_2': 13.456387879760143}",12.827661766346452
1963-07-01 13:00,"{'port_menier_2': 4.371200574578317, '4802': 3.6071425292872377, '4180': 1.7786540440653837, 'manicouagan_a': 27.28040544799309, '3960': 9.30118068036522, '4132': 3.9771943073639733, 'nitchequon': 6.160536051780731, '5043': 10.139685123132566, 'montreal_pierre_trudeau_intl_a': 8.743813267051735, 'lake_eon': 21.058849442502797, '4029': 7.3273271260616255, '3926': 18.83500613690822, '4055': 14.481536222715526, 'chapais_2': 25.147204453162544, 'kuujuarapik_a': 14.607838810875016, '4093': 2.3779561263303535, 'mont_joli_a_2': 7.077593832714172, '4716': 5.544991170956571, 'schefferville_a3': 14.230089891832037, 'quebec_jean_lesage_intl_a': 36.04983907706216, '3914': 13.282903476486979, '3919': 0.545350752530311, 'kuujjuaq_a_2': 4.262200375673537, '4168': 4.372959102096665, 'inukjuak_ua': 0.8036501422704703, 'val_dor_a3': 0.6547742070440137}",10.23153393741697
1964-07-01 13:00,"{'baie_comeau_a_2': 27.554185262977292, 'sherbrooke_a': 3.0458442975433826, '4692': 0.8259417351736786, '4168': 7.808526379642458, 'schefferville_a3': 2.4956682492068225, '5043': 4.617812906239848, 'val_dor_a3': 3.488149795337911, '4538': 14.565521749443569, '4055': 24.93344942868145, 'inukjuak_ua': 38.951415103644145, '4180': 4.3884618416841334, 'kuujjuaq_a_2': 21.865506514041144, '3926': 9.451893816331513, '4093': 0.6576171433708282, '3987': 0.9037434787954552, '4201': 5.462141986346005, 'chapais_2': 13.836323759044362, '3923': 6.667737078147773, 'lake_eon': 14.669442801921946, 'maniwaki_airport_ua': 9.048233291498804, '3914': 12.386810600120171, 'nitchequon': 7.674750446105833, 'bagotville_a': 10.347690026594755, 'port_menier_2': 27.567341211924052, 'kuujuarapik_a': 9.646650005757515, '3919': 3.9187261453721334, '4716': 20.130576006769743}",11.367043002285804
1965-07-01 13:00,"{'5085': 15.772313138469002, 'chapais_2': 1.0760603739561674, '4029': 10.123380727094947, 'val_dor_a3': 5.618426918954384, 'riviere_du_loup': 4.530842225152533, '4132': 9.04817195359189, '3969': 39.56822545358168, 'sherbrooke_a': 0.8988117526896957, '4055': 6.045316757744956, 'inukjuak_ua': 3.101754379786236, 'sept_iles_a': 15.217536501157426, 'lake_eon': 28.634852632561923, 'schefferville_a3': 0.9297685722459761, '4093': 0.22348557960210513, 'kuujuarapik_a': 44.597523464529075, '4180': 4.698767347833439, '3926': 7.2038613365244615, 'kuujjuaq_a_2': 4.664618070384861, 'maniwaki_airport_ua': 9.495220415707124, 'border_a': 6.470273365880821, '3914': 2.7751856990833588, '4716': 10.958996311665622, 'nitchequon': 12.651669958049148, '3919': 1.8473749692679817, '4168': 3.5446689304325147}",9.987884273437894
1966-07-01 13:00,"{'5085': 7.6212599603613, '4209': 4.946993654816239, 'sherbrooke_a': 3.9264567027127555, '4168': 12.489205793704542, 'nitchequon': 7.063822653605065, 'kuujjuaq_a_2': 3.6787936381421105, '4201': 8.583623615722558, '4029': 2.916346882748172, 'inukjuak_ua': 13.171873281343203, 'baie_comeau_a_2': 14.636857581352942, 'chapais_2': 27.437711336465952, '4716': 16.063984576208135, '3960': 11.52430932625068, '3929': 9.074955463233216, 'bagotville_a': 13.712652465520144, 'lake_eon': 23.08213180998979, '4157': 0.1658683633075242, '3914': 15.230028172455746, 'ste_agathe_des_monts': 2.862906908975006, '3919': 14.490513530878175, 'border_a': 10.804613570275585, 'rouyn_a': 0.15379155119915566, 'schefferville_a3': 14.218423358362486, 'kuujuarapik_a': 37.93967379977626, 'port_menier_2': 30.020765537888224, 'gagnon_a': 20.403833374605213}",12.546976804226931
1967-07-01 13:00,"{'maniwaki_airport_ua': 24.709782796122482, '4157': 15.986862155152224, 'kuujjuaq_a_2': 4.314486568523634, '4029': 10.08455350478701, '4295': 20.352123363864628, '4132': 2.7325243804216797, 'kuujuarapik_a': 16.565895912091634, '4093': 1.1485259510617567, '3923': 21.118001855209528, '5051': 3.2511785638056097, 'rouyn_a': 16.44375231708733, 'border_a': 29.83081077136353, 'montreal_st_hubert_a': 22.851963373710547, 'schefferville_a3': 13.77531755510013, 'riviere_du_loup': 5.056988759386698, '4055': 22.313120359137464, 'havre_st_pierre': 18.04336330298149, 'chapais_2': 1.2387335853505732, '3914': 1.8376901388755655, 'inukjuak_ua': 26.950309386746213, 'manicouagan_a': 25.039838278161398, '4716': 4.321079788847953, '3919': 13.172999220224483, '4168': 19.464309273615996, 'nitchequon': 15.610392252506998}",14.248584136565462
1968-07-01 13:00,"{'3923': 18.531171860299324, '4157': 21.21734694206964, '4295': 3.401074431939776, 'blanc_sablon': 36.66462776404371, '4201': 6.872242414181827, 'border_a': 10.723636859326511, 'kuujuarapik_a': 7.518045514281852, '5085': 9.203333832179595, 'mont_joli_a_2': 8.627114833594682, '4055': 6.493089322524085, '4002': 1.3368298571354131, 'port_menier_2': 0.35402143844241607, 'quebec_jean_lesage_intl_a': 18.314826442721866, 'inukjuak_ua': 27.669278019440185, 'lake_eon': 1.0938091619644439, 'rouyn_a': 22.91488711753948, '4209': 2.7802435392221696, '4168': 31.96160025804646, 'maniwaki_airport_ua': 1.9637900415582124, 'kuujjuaq_a_2': 2.0356813374029485, 'grindstone_island': 14.22785584196086, '3914': 11.250694992043123, '4589': 4.355129866088284, '3919': 22.914785808229382, 'montreal_st_hubert_a': 11.931346063408526, 'schefferville_a3': 17.116807344176948, 'chapais_2': 5.988066995024582, 'nitchequon': 1.8717956828871678}",11.761897627919053
1969-07-01 13:00,"{'4538': 13.348985286339236, '4337': 5.161772772523761, '4201': 4.125845290272196, '3987': 13.963128551353485, 'sherbrooke_a': 1.3311180536093943, '4055': 13.2260581615499, '3960': 21.8552428514449, 'mont_joli_a_2': 16.896812864571217, 'nitchequon': 7.251705759991964, 'bagotville_a': 6.644175211523738, '4180': 21.51265069326692, '4168': 9.319244796110603, 'gaspe_a_2': 11.629288592672566, '3919': 4.141433469085676, 'grindstone_island': 7.759960273200477, 'natashquan_a_2': 12.088319887394903, 'sept_iles_a': 22.555155487777, '3914': 5.210619025301085, '4589': 4.165254266583119, 'kuujuarapik_a': 8.925182892708222, 'kuujjuaq_a_2': 25.331782838048028, 'border_a': 18.60882533846295, 'gagnon_a': 1.850987848067433, 'val_dor_a3': 8.627046404689551, '4093': 3.0914882372747954, 'schefferville_a3': 9.980064362335256, 'blanc_sablon': 27.147777169627275, 'lake_eon': 4.524221062966248, 'chapais_2': 1.791089886649786, 'inukjuak_ua': 30.619585778426206}",11.422827437127598
1970-07-01 13:00,"{'4055': 29.597286172627072, 'grindstone_island': 43.557835057037934, 'nitchequon': 13.560637796697108, '4589': 0.3905181089477594, 'lake_eon': 14.00066368014722, '3987': 3.6779104025860647, '5085': 3.2049017635535932, '4145': 18.895066973985223, '4168': 13.057977353653087, 'montreal_st_hubert_a': 20.363559846897083, '3953': 34.164566317646546, 'parent': 22.780986444864887, 'border_a': 42.1734083526403, 'mont_joli_a_2': 7.830978480542392, '4352': 10.174342687500577, 'inukjuak_ua': 2.823787037847076, 'chapais_2': 18.042984918959334, '3919': 33.846063296861715, '4093': 16.790336688654037, '4157': 25.57658751731961, '3914': 30.870579879875336, 'schefferville_a3': 19.40170173493641, 'kuujuarapik_a': 17.493714422124434, 'riviere_au_renard': 18.525060238452397, 'gagnon_a': 9.827251111353995, 'bagotville_a': 22.36512563403781, 'natashquan_a_2': 12.783643690968212, 'blanc_sablon': 19.069944976766358, 'kuujjuaq_a_2': 2.146425811793648}",18.172201599975075
1971-07-01 13:00,"{'rouyn_a': 10.481369338705306, 'montreal_pierre_trudeau_intl_a': 10.362300343902078, 'port_menier_2': 7.160435941438138, 'gagnon_a': 22.72295736269625, '4295': 20.05599580399617, 'kuujjuaq_a_2': 19.5499172590023, '4567': 23.08079237114822, 'blanc_sablon': 17.752257698778266, 'inukjuak_ua': 1.4989178882472913, '4109': 2.6557173015152102, 'riviere_du_loup': 31.61728413412024, '3929': 6.748479866419437, 'schefferville_a3': 3.573801843921146, '3923': 24.184867131749265, '4201': 3.6045091780795246, 'border_a': 10.336448677591463, '3914': 4.261625130042972, '4168': 13.674560712401231, '3919': 9.181828599717662, 'parent': 3.2479236888705145, 'grindstone_island': 20.06132044452572, '3987': 11.767906554537873, 'kuujuarapik_a': 17.652657450817998, 'nitchequon': 9.910588839763577, 'chapais_2': 27.507025689744225, 'lake_eon': 20.324683101748647, '4209': 0.6710369865971586}",13.098044790373255
1972-07-01 13:00,"{'5085': 26.775454239379414, '4157': 4.960424782470199, 'riviere_au_renard': 3.412213624351722, 'riviere_du_loup': 27.6752840856431, 'parent': 4.414170192893266, 'val_dor_a3': 16.374590210010986, '4055': 19.001835010503633, '4716': 26.49150217753042, 'kuujuarapik_a': 11.251115352714265, '4295': 10.72395990880171, '4168': 21.29953221863586, 'maniwaki_airport_ua': 16.110493923643226, 'border_a': 9.347832970279072, 'kuujjuaq_a_2': 26.644630907545746, '3987': 7.38440767303841, '4209': 9.970402176391865, 'quaqtaq': 16.67590108471984, '3969': 2.40916044274897, '4201': 18.956262080865194, 'inukjuak_ua': 4.188147875418238, 'lake_eon': 36.01789463543304, '3919': 27.458265541631157, 'nitchequon': 22.17507670091247, 'blanc_sablon': 24.709386915301465, 'schefferville_a3': 31.005521190450793, 'grindstone_island': 17.505081111585554, 'montreal_st_hubert_a': 3.0689957773467427, '3914': 3.9478414598072504, 'chibougamau_a': 13.30890354314306, 'gagnon_a': 0.7716054241843153, 'natashquan_a_2': 12.191533149179165}",15.362175044727746
1973-07-01 13:00,"{'montreal_st_hubert_a': 9.135610444639426, '3923': 30.81226090066872, 'border_a': 21.297702227978633, '4168': 3.8357864070330123, 'quaqtaq': 4.829822924789539, '5126': 8.646770974089549, 'riviere_du_loup': 2.3516301445789054, '4002': 7.213866763184001, 'parent': 17.628005998224452, 'maniwaki_airport_ua': 4.9278038460088425, '4716': 12.759844288629381, '4093': 8.290569873759182, 'chibougamau_a': 24.340189981460497, 'port_menier_2': 10.500525664347947, '4538': 1.7654725217999498, '4132': 4.771674153854249, 'val_dor_a3': 17.92412368751603, 'kuujuarapik_a': 8.83703623658738, 'lake_eon': 21.15837883733738, 'kuujjuaq_a_2': 17.6715090241661, 'nitchequon': 25.943321193444007, '3929': 24.03504739407397, '3914': 20.946491797404505, '4180': 8.204486120157654, 'gagnon_a': 2.186637926243108, 'grindstone_island': 20.379339169211306, 'schefferville_a3': 20.44619844354223, 'inukjuak_ua': 30.61682203188346, 'blanc_sablon': 27.923757218192776, '4692': 16.277242515961333, '3919': 20.03699134132235}",14.699836130712578
1974-07-01 13:00,"{'kuujjuaq_a_2': 2.0335580832133076, '4567': 13.811357052106786, 'parent': 0.7662358915200755, 'riviere_au_renard': 19.233321108340164, 'quebec_jean_lesage_intl_a': 0.14824455781572965, 'kuujuarapik_a': 30.74829766131596, 'baie_comeau_a_2': 1.5904418120158539, '4168': 3.1289888093749667, '3929': 44.30119890872952, 'matagami_a_2': 4.03640949561386, 'montreal_pierre_trudeau_intl_a': 0.2273225329682731, '3914': 9.39252783221879, '4180': 9.901163172942411, 'grindstone_island': 24.73765095146605, '5126': 1.07809010195718, '4132': 10.023313380011729, 'lake_eon': 23.137974187239962, 'chibougamau_a': 36.89510487335684, 'gagnon_a': 1.0412094525151616, '3923': 11.355518962828732, 'schefferville_a3': 19.149418531356687, '4093': 5.873550158958601, 'nitchequon': 0.5467507810550245, '4002': 13.01319083886986, 'natashquan_a_2': 7.580136753101854, '3919': 3.2280799327890506, 'blanc_sablon': 25.853411285622812, '4352': 12.09755625146137, 'quaqtaq': 13.324516804908797, 'border_a': 20.186291601727675, 'inukjuak_ua': 35.51923795400238}",13.03096999101308
1975-07-01 13:00,"{'3953': 7.833448589298612, '3919': 5.143209417825723, 'sept_iles_a': 5.356622029227751, 'mont_joli_a_2': 1.036162110833743, '4477': 6.656229179769241, 'kuujjuaq_a_2': 9.915687640429674, '4692': 11.374625988385986, 'blanc_sablon': 42.471455096667434, 'lake_eon': 16.70342017930765, '4055': 8.886859537238031, 'montreal_adac_a': 10.995676704474974, 'gagnon_a': 11.859329617534208, 'natashquan_a_2': 18.313035422609552, '4295': 22.685942876081555, 'val_dor_a3': 12.777818823626156, 'chibougamau_a': 3.929916363939334, '4180': 7.361148404102522, '4716': 11.570916622953732, '3987': 12.316599031228755, '4093': 7.1691291966743265, 'inukjuak_ua': 45.325467961841774, 'maniwaki_airport_ua': 2.47402941769586, 'schefferville_a3': 14.910162762329058, 'gaspe_a_2': 25.10250163629904, 'parent': 2.8362877770703534, 'quaqtaq': 25.141897962222373, '3914': 2.4070604421293567, '4132': 12.307987870826793, 'grindstone_island': 16.054364285813435, 'bagotville_a': 10.374715870635157, '4168': 19.081382848760455, 'border_a': 21.686891468453595, 'nitchequon': 46.33104900681341, 'kuujuarapik_a': 19.665921068305458}",14.648733917982502
1976-07-01 13:00,"{'3919': 10.92853300584332, 'inukjuak_ua': 14.778486416159396, '4168': 27.596505839502214, 'blanc_sablon': 18.812240463625983, '5126': 6.428642858633225, '4055': 9.975927646815265, '4093': 23.743997812865842, 'kuujuarapik_a': 21.199254753936472, '4132': 19.03247852010439, 'gagnon_a': 24.45406689579481, '4589': 3.1739342638875883, 'parent': 14.777343088011051, '4002': 21.89879248079213, 'grindstone_island': 25.626377960380907, 'rouyn_a': 21.460368827191246, '3960': 20.00837735279965, 'quaqtaq': 31.742738121701223, 'border_a': 17.156881731940253, 'mont_joli_a_2': 10.470054071326857, '4538': 16.948256092989027, '4352': 6.308698751093601, 'bagotville_a': 24.76240880261639, 'port_menier': 18.263577766961205, 'montreal_st_hubert_a': 1.2528612545697655, '4157': 35.439733646080654, 'nitchequon': 35.200258464266085, 'schefferville_a3': 27.053515682518857, '3914': 0.5202886634559718, 'chibougamau_a': 1.2915699529556974, 'kuujjuaq_a_2': 32.53157686447691, 'lake_eon': 32.908644858809765}",18.572464287487286
1977-07-01 13:00,"{'sept_iles_a': 13.140032631042715, '4337': 13.564775405236816, 'schefferville_a3': 13.484524531618604, 'quaqtaq': 23.23528336037056, '4099': 29.700594082118315, '4157': 3.0303194363789316, '4145': 6.776738617310656, 'bagotville_a': 22.589115996078903, '4589': 27.66603622796248, '4055': 9.24162454398622, 'kuujuarapik_a': 23.46393441127195, '4538': 7.573597165312805, '3923': 22.751797072970362, 'kuujjuaq_a_2': 7.731674505617903, '3987': 27.760217368513167, '4683': 9.814779796390155, 'nitchequon': 24.08553001738983, 'sherbrooke_a': 2.5180276904735166, 'natashquan_a_2': 4.576672187638181, 'grindstone_island': 5.319892724297546, '3914': 9.84906797326282, '3919': 11.657598059216937, '4168': 4.020141840243909, 'inukjuak_ua': 17.540460554069114, 'border_a': 18.779069000778378, 'chibougamau_a': 30.598797046262163, 'matagami_a_2': 8.611323271667374, 'gaspe_a_2': 10.531998573942687, 'blanc_sablon': 31.98535039331101, 'mont_joli_a_2': 9.138550927696372, 'parent': 7.166462485711193}",14.771096383811017
1978-07-01 13:00,"{'schefferville_a3': 1.9867766795012756, 'ste_agathe_des_monts': 7.6877709483507815, '4538': 6.4752344890138716, 'baie_comeau_a_2': 22.048670591800807, '4055': 16.506385499752888, 'quaqtaq': 20.667368387762032, 'val_dor_a3': 10.874482250505437, 'la_grande_riviere_a': 7.5433088285868735, '4201': 0.17385479744237387, '4295': 15.89069554551461, 'border_a': 0.6907857016854138, '3923': 4.303419296919515, '4692': 3.3442249952045557, '3919': 10.290208247852476, '4099': 4.396251942717996, '3987': 8.36346431276668, 'sherbrooke_a': 0.12081002588262635, 'bagotville_a': 5.422020095210151, 'natashquan_a_2': 3.945947939795417, 'parent': 4.100084608093923, 'kuujjuaq_a_2': 4.603844237416865, 'nitchequon': 13.74475031785866, 'gagnon_a': 20.31796767803383, '4180': 6.837605752554296, 'grindstone_island': 25.335660376735248, '4168': 18.143308653494906, 'chibougamau_a': 0.05774595764764001, 'gaspe_a_2': 14.228938721367811, '4716': 32.97169446909984, 'blanc_sablon': 9.100481217572273, 'inukjuak_ua': 9.896113087375895, '3914': 10.116409876049396}",10.005821422798949
1979-07-01 13:00,"{'nitchequon': 28.542880310993908, 'chibougamau_a': 6.133023085414635, 'val_dor_a3': 1.7271701903149363, 'iles_de_la_madeleine_a_2': 2.0138791227093265, 'maniwaki_airport_ua': 1.9537516158356283, '4093': 9.540192185049222, '4802': 6.665480171553327, 'schefferville_a3': 23.8937764626083, 'bagotville_a': 6.98960423804634, '4132': 9.372742028632572, '3923': 17.748076366992464, '4157': 5.840479286483571, '4002': 20.990540383845783, '3920': 8.339039476289727, 'sherbrooke_a': 8.03544594114193, 'kuujjuaq_a_2': 14.278326752857048, 'mingan_a': 6.08833403283559, '4168': 7.835597630345973, '3929': 9.64844628174238, '5126': 22.917898239739145, 'inukjuak_ua': 15.932642411133699, 'baie_comeau_a_2': 5.338775058217763, 'quaqtaq': 8.639246364425581, 'la_grande_riviere_a': 27.89962189571105, 'border_a': 17.366275974421477, 'gagnon_a': 19.111940904117645, 'blanc_sablon': 1.028678003767567, '3914': 8.363036777723359, '4716': 10.490370086723672}",11.47328521654047
1980-07-01 13:00,"{'kuujjuaq_a_2': 28.64308237941843, 'maniwaki_airport_ua': 9.132882783430787, '3919': 5.711350936482944, '5186': 0.4214765511608789, 'matagami_a_2': 21.07779360744199, '3914': 17.50116850670161, 'chibougamau_a': 3.5847041595114746, '4180': 22.967316427152085, '3929': 9.93196678598568, 'natashquan_a_2': 14.977510920842775, 'grindstone_island': 16.095836971731472, '3923': 12.71032638521661, 'schefferville_a3': 23.330658031470094, '4099': 28.882986611488988, '3987': 6.3782510790483755, '4538': 1.8183318019763988, '4589': 21.20833157956484, 'quebec_jean_lesage_intl_a': 14.217653031813732, 'sept_iles_a': 28.36929432935306, 'gagnon_a': 27.397842882211172, 'la_grande_riviere_a': 32.32713353098333, 'gaspe_a_2': 32.52613708492859, 'blanc_sablon': 12.24743426993625, 'montreal_st_hubert_a': 17.686419661263386, 'quaqtaq': 15.699271593364927, 'mont_joli_a_2': 3.7790852014284866, 'nitchequon': 17.255728931452367, '4201': 18.143699651772593, '4168': 9.125166183783989, 'inukjuak_ua': 13.935562252362132}",16.236146804109314
1981-07-01 13:00,"{'sherbrooke_a': 3.2485565401235306, 'baie_comeau_a_2': 10.947850485178051, '4716': 13.931557830425476, '3969': 10.83895737823402, '3919': 13.623423104672533, '4832': 19.890397640204846, '4295': 7.098872732993641, '4209': 2.3700113626291284, '4145': 22.591727227654005, '4002': 1.708369626572356, 'ste_agathe_des_monts': 37.46164872544875, 'quaqtaq': 25.080901677448416, 'blanc_sablon': 26.26883927579351, 'la_grande_riviere_a': 17.499298105111308, 'matagami_a_2': 28.656893268285167, 'grindstone_island': 31.315796767971662, '4168': 13.608371396615972, 'nitchequon': 10.265655297565658, '4099': 15.557464079516066, 'chibougamau_a': 9.508393039787492, 'gagnon_a': 7.801089065572363, 'gaspe_a_2': 15.44707221745827, 'inukjuak_ua': 37.01954490368039, 'kuujjuaq_a_2': 17.39063974521605, '4055': 13.779422142516687, '3914': 4.980709230953643, 'bagotville_a': 18.84447656462499, 'natashquan_a_2': 17.61713406208559, 'schefferville_a3': 12.133902327456624, '4157': 18.688714347056695}",16.17252300562843
1982-07-01 13:00,"{'montreal_pierre_trudeau_intl_a': 0.8616871307263523, '3920': 3.6469907291988477, 'chibougamau_a': 3.5575278680923503, 'quebec_jean_lesage_intl_a': 0.6305959323928221, '5126': 2.8957806684180696, 'schefferville_a3': 24.20108215230688, 'mont_joli_a_2': 11.545463067962608, '4716': 1.253760232401767, '4003': 9.729167052180841, '4538': 7.001981594481791, 'rouyn_a': 10.027151291255535, '4132': 10.792253408252478, '4352': 0.01620099412766507, 'grindstone_island': 7.304606353026841, 'gagnon_a': 16.838600841095257, 'inukjuak_ua': 4.917143152585851, 'la_grande_riviere_a': 9.09706696189064, 'gaspe_a_2': 3.2962401009127262, '4099': 5.9334059304948354, '4055': 7.2079051861942744, '3914': 9.260856664407306, 'sept_iles_a': 15.967890049581726, '3960': 9.610800987794157, 'quaqtaq': 5.672762448942308, '4168': 2.732245556898981, '4692': 1.4828467401190792, 'nitchequon': 17.24889347279975, 'natashquan_a_2': 7.527042732503901, 'blanc_sablon': 33.349100876276864, 'kuujjuaq_a_2': 19.590662508006858, '4157': 5.093653266514821}",8.654560191994973
1983-07-01 13:00,"{'baie_comeau_a_2': 2.698629192592634, 'gatineau_a': 4.8290607134240275, 'rouyn_a': 6.54167726730779, 'nitchequon': 19.702781635346042, '3920': 17.28144976417775, '4099': 22.547317470129187, '4055': 2.1941566953246507, '4132': 6.661491890663115, 'lourdes_de_blanc_sablon_a_2': 8.030875976553062, '4589': 3.9504832567591706, 'inukjuak_ua': 19.28621709446402, '4168': 7.732369975226462, '5186': 10.33439295427091, 'quebec_jean_lesage_intl_a': 13.441992870774314, 'mingan_a': 20.948424855837274, '3923': 6.279520302183315, 'kuujuarapik_a': 0.2635296050990519, '3914': 39.44619186172275, '4157': 19.813256877151915, 'gagnon_a': 22.382547928800705, '4003': 13.555927746438812, 'kuujjuaq_a_2': 24.37811557373935, 'schefferville_a3': 12.552438823594969, '4538': 0.5319931763465888, 'chibougamau_chapais_a_3': 10.939957104822952, 'iles_de_la_madeleine_a_2': 12.966036016699789}",12.66503217805579
1984-07-01 13:00,"{'3929': 7.364484572175662, 'mont_joli_a_2': 3.082222191160241, 'sept_iles_a': 8.15245226002402, 'iles_de_la_madeleine_a_2': 15.365665565833979, '3919': 2.7753599523067862, 'lourdes_de_blanc_sablon_a_2': 21.792223228427673, '4295': 8.434221405584012, 'ste_agathe_des_monts': 3.4432671699164885, '4093': 3.8892279422949585, 'kuujjuaq_a_2': 14.70128059144885, 'matagami_a_2': 15.249141561941784, 'kuujuarapik_a': 21.24461097444661, '4145': 10.134980517729154, '4716': 5.08598341705887, '4477': 3.6175208581030347, '4168': 12.007442565694326, 'bagotville_a': 24.928851977207763, 'gagnon_a': 7.256476590980846, '3923': 6.002007065325408, 'schefferville_a3': 21.049181494197434, 'nitchequon': 6.665833169705309, '4003': 7.691526839697438, 'natashquan_a_2': 25.364808812615635, 'inukjuak_ua': 18.73697870537179, '4932': 9.613892703890258, '4157': 5.4293915802954515, 'sherbrooke_a': 0.9360798505864452, '3914': 11.7471723045754, 'chibougamau_chapais_a_3': 9.989024364876741, 'gaspe_a_2': 17.670617198970525}",10.980730914414766
1985-07-01 13:00,"{'lourdes_de_blanc_sablon_a_2': 33.33576051122248, 'gatineau_a': 7.81202093560136, 'matagami_a_2': 23.73945712592065, 'la_grande_riviere_a': 22.210003212291696, '3929': 12.881236160551403, 'mont_joli_a_2': 3.5638900072047477, 'natashquan_a_2': 11.1138856691476, 'schefferville_a3': 0.05857829437920259, '4932': 18.60916563722759, 'quebec_jean_lesage_intl_a': 3.3903946475786384, 'gaspe_a_2': 25.75861109720796, '4209': 2.4669606015108485, '4099': 11.46511056592783, '4145': 18.055745325803038, 'quaqtaq': 13.778396532167704, '3920': 8.611822744775417, 'chibougamau_chapais_a_3': 16.828406883311175, '3914': 6.945210919837635, '3923': 1.182596136973359, '4157': 2.2519161593283528, 'kuujjuaq_a_2': 8.29575764305173, '4477': 1.2412612763498174, '4003': 9.590682294923347, 'nitchequon': 6.732702504924347, '4716': 1.9543200390018072, 'sept_iles_a': 22.02683822156814, 'inukjuak_ua': 26.920229569435065, '4168': 10.049795854618857, 'iles_de_la_madeleine_a_2': 21.49864375087057, 'gagnon_a': 14.586565496261038}",12.23186552729911
1986-07-01 13:00,"{'bagotville_a': 15.918807920079622, '4180': 10.60865861094453, '3929': 36.81072438373977, 'ste_agathe_des_monts': 12.358763586848191, '4716': 14.104332222669335, 'inukjuak_ua': 18.912858986220307, 'iles_de_la_madeleine_a_2': 22.000800736436567, '3919': 37.541983143022534, '4477': 3.9658947970563574, '4168': 11.310092374912735, 'quaqtaq': 35.471840188712505, 'matagami_a_2': 13.064721784986638, 'chibougamau_chapais_a_3': 14.306623342333438, '4132': 5.436456603312735, 'lourdes_de_blanc_sablon_a_2': 27.428542197271625, 'schefferville_a3': 6.593897329558011, '3923': 4.1505171063634805, '4692': 3.9378407543133918, 'havre_st_pierre_a_3': 8.009847279069454, '3914': 2.7010577186284337, '4003': 12.301752836689282, '4099': 7.292373272925623, 'kuujjuaq_a_2': 3.0011642718762133, '4295': 44.82903133246987, 'sherbrooke_a': 7.834266451085142, 'la_grande_riviere_a': 2.6356322492305466, 'baie_comeau_a_2': 13.08419747678927, 'la_grande_IVa_2': 15.445011835845904}",14.680631814049695
1987-07-01 13:00,"{'5126': 7.896912506585998, '3923': 24.031179918882323, 'val_dor_a3': 12.28009178577554, '4093': 10.430907429727768, '4168': 6.275034432201004, '4055': 14.320646319376074, '4589': 17.408459999593674, 'la_grande_riviere_a': 26.97715339836156, 'mont_joli_a_2': 3.3220007463116374, 'kuujjuaq_a_2': 11.0213766266195, 'sept_iles_a': 6.595334314700118, 'la_grande_IVa_2': 24.743889798339126, 'iles_de_la_madeleine_a_2': 2.151670788954938, 'quebec_jean_lesage_intl_a': 14.877314787298737, '4180': 16.647926435784555, '4003': 16.554711663662722, 'gatineau_a': 0.1694070520957922, '4201': 8.890444763778106, 'chibougamau_chapais_a_3': 11.824664102872994, '3919': 10.365077031630783, '3914': 14.828947778117367, 'lourdes_de_blanc_sablon_a_2': 34.093812130233445, 'quaqtaq': 15.654235579379886, 'schefferville_a3': 15.940379827299424, 'inukjuak_ua': 1.16171898680048, 'natashquan_a_2': 21.400306936151893, '4538': 14.126799061431129, 'gaspe_a_2': 16.0384391395525}",13.572458690768537
1988-07-01 13:00,"{'3929': 3.0034874341927846, 'sherbrooke_a': 22.504128695702356, 'gatineau_a': 0.027449107688511276, 'natashquan_a_2': 11.908097981896745, 'mont_joli_a_2': 22.62968046330542, '3920': 7.5720842589787765, '4841': 4.968824264936622, '4180': 11.961078011906224, 'lourdes_de_blanc_sablon_a_2': 19.412327400389955, 'iles_de_la_madeleine_a_2': 15.910600246798978, '4003': 12.027005303974555, 'gaspe_a_2': 20.116274523847608, 'chibougamau_chapais_a_3': 0.8327646196367411, 'inukjuak_ua': 12.150993366802702, '3914': 3.5630464878419446, 'bagotville_a': 8.194456110352107, 'sept_iles_a': 13.130596997304934, '4589': 8.442681061138643, 'val_dor_a3': 3.58682802177276, '4093': 6.751853480221904, '3960': 6.70255278819139, '4132': 12.956274666432826, 'la_grande_riviere_a': 26.366220937294543, 'kuujjuaq_a_2': 20.127834904658165, 'la_grande_IVa_2': 22.176431535954613, 'schefferville_a3': 36.8994615784122, '4168': 19.274548590470253}",13.0813919570409
1989-07-01 13:00,"{'4477': 10.762544929935999, 'mont_joli_a_2': 13.68853161920942, '3919': 2.338190217757777, '3969': 11.802652138279143, '4932': 20.551550530432444, 'la_grande_riviere_a': 1.9400348369062002, '4093': 3.6550755464443014, 'inukjuak_ua': 9.057949228384771, 'quebec_jean_lesage_intl_a': 12.9367700062663, 'matagami_a_2': 19.286398326632636, 'lourdes_de_blanc_sablon_a_2': 8.49314620439388, 'la_grande_IVa_2': 9.787117700832091, 'havre_st_pierre_a_3': 16.21742461707941, 'kuujjuaq_a_2': 7.317446146410958, '4337': 6.94350563159211, 'chibougamau_chapais_a_3': 40.0762439456288, '4132': 15.99035467050502, 'schefferville_a3': 17.624601098571596, '4157': 3.6635667468989794, '4168': 21.11393876354815, '4003': 1.7996874383685082, '4716': 2.0483181959730175, '4055': 37.646147777118465, '3914': 19.26036273538041, 'iles_de_la_madeleine_a_2': 4.503546001885347}",12.74020420217743
1990-07-01 13:00,"{'matagami_a_2': 16.1241278859643, '4295': 0.8407416977681095, 'la_grande_riviere_a': 20.398805279745837, '3969': 18.28186390259288, '4832': 9.304352137123438, 'natashquan_a_2': 9.383359465452799, '4145': 11.673049516178793, 'baie_comeau_a_2': 10.029200019366954, '4003': 1.66722168695825, 'chibougamau_chapais_a_3': 21.900479719866958, 'sherbrooke_a': 37.7221699001674, '4209': 9.467063642147018, 'inukjuak_ua': 18.66780814344539, 'quaqtaq_a': 6.3105396466205335, '4055': 10.762880825725382, '4157': 1.22126268934813, '4168': 2.1441247251492968, '4099': 14.107787063486676, 'kuujjuaq_a_2': 8.405292772307938, 'lourdes_de_blanc_sablon_a_2': 2.720181040743661, 'gaspe_a_2': 25.535059808381014, 'schefferville_a3': 1.8938688901993572, 'ste_agathe_des_monts': 4.781708388294895, 'la_grande_IVa_2': 20.32980913613322, 'iles_de_la_madeleine_a_2': 22.008581568645347, 'bagotville_a': 25.333157586159466, '3914': 3.4093369286170656, '4716': 9.572457640749349}",12.285581846690695
1991-07-01 13:00,"{'maniwaki_airport_ua': 0.4977422185185105, '4003': 5.172179789579921, 'sherbrooke_a': 1.8588494323620566, '7747': 11.521208832539159, '3960': 28.900362206835908, '4180': 3.501417912282122, 'baie_comeau_a_2': 4.410614511397426, 'kuujjuaq_a_2': 0.019457828430887503, 'lourdes_de_blanc_sablon_a_2': 13.52395250940858, 'chibougamau_chapais_a_3': 2.6248313917891934, 'iles_de_la_madeleine_a_2': 9.92055216094554, '5126': 7.260105568102645, '3914': 22.969836006690826, '4168': 2.991315538143624, 'gaspe_a_2': 4.6238605864000775, 'val_dor_a3': 1.0788932628964645, '3921': 15.580480035514185, 'inukjuak_ua': 2.313305991856538, 'la_grande_IVa_2': 15.640799976481496, 'kuujuarapik_a': 24.09920696436157, 'schefferville_a3': 44.887886197376176, 'bagotville_a': 14.697513450876308, '4093': 6.8019692650366395, 'natashquan_a_2': 34.60229849744652, '4132': 10.781689060060195, '4055': 32.18712165182905}",12.402594263352372
1992-07-01 13:00,"{'quebec_jean_lesage_intl_a': 8.902208770536852, 'ste_agathe_des_monts': 5.903401309953203, '7747': 18.951896985382085, '4295': 18.883098548984897, '3921': 4.750053798771049, 'havre_st_pierre_a_3': 13.165059547128962, 'inukjuak_ua': 2.6097343413105563, '4201': 10.807958003271949, 'val_dor_a3': 3.182196202950152, '3923': 6.381323265593679, '4055': 27.730469396777046, '4209': 36.08204761053713, 'kuujuarapik_a': 36.87059654162715, '3914': 8.579662611898137, '4157': 12.213112982819474, 'schefferville_a3': 9.553721479454296, 'mont_joli_a_2': 0.482723812662023, 'iles_de_la_madeleine_a_2': 21.417722010059464, 'kuujjuaq_a_2': 22.02985097462539, '4099': 5.145892782860216, '4003': 10.176522568662193, '4168': 6.368183737270101, 'lourdes_de_blanc_sablon_a_2': 13.428667260256589, '4683': 11.799757406203717}",13.14232758123318
1993-07-01 13:00,"{'3960': 7.786366650836456, '4477': 4.008927290462111, '4932': 22.269764723369313, '4157': 11.293839299413335, '4132': 9.807926378024902, 'la_grande_riviere_a': 10.387968420449674, 'sherbrooke_a': 3.162897182034392, '4337': 10.851342844281241, 'lourdes_de_blanc_sablon_a_2': 26.244924702587483, '4099': 6.2524474932022756, 'rouyn_a': 7.815695408441471, 'waskaganish_a_3': 20.638795715104628, 'gaspe_a_2': 3.1203437661045896, 'sept_iles_a': 5.143742888018437, '4716': 17.535581648845763, 'schefferville_a3': 6.025029091165948, '3921': 37.96049402659299, '4003': 2.8058790239817597, 'iles_de_la_madeleine_a_2': 15.380973716943174, 'bagotville_a': 17.063509296256136, 'mont_joli_a_2': 11.246365696454987, 'natashquan_a_2': 27.150601005095282, '4055': 27.17224111661632, 'kuujjuaq_a_2': 23.840869176213857}",13.956938606687354
1994-07-01 13:00,"{'iles_de_la_madeleine_a_2': 15.048533047894281, '7793': 6.614637635443017, 'l_etape': 25.039090259278126, '10918': 20.756997682501023, 'la_grande_IVa_2': 29.922316491090527, 'cap_d_espoir': 10.190633537169902, 'kuujuarapik_a': 29.94036329616077, 'sept_iles_a': 19.141007594255953, '4111': 0.26465364147631476, 'montreal_st_hubert_a': 3.031017613575088, '4538': 15.274745949710962, '4201': 5.338955566231689, '4295': 15.871169418180116, 'lourdes_de_blanc_sablon_a_2': 29.42219967679793, '10804': 3.4804285761826605, '3923': 33.61264345807774, 'chibougamau_chapais_a_3': 34.63365441216715, 'maniwaki_airport': 22.057671863756497, '7633': 2.7746568476042057, '10084': 12.445475862517156, 'chevery': 8.797509918233928, 'wemindji_a2': 10.827131000684332, 'rouyn': 0.8170113511504127, 'mont_joli_a_2': 3.043829788764583, '11000': 24.210008884080878, '4055': 6.929148935064944, '10197': 28.77072894072414, 'kuujjuaq_a_2': 29.93872429738633, 'bonnard_1': 15.643178798293476, '3921': 24.52527295389804, 'schefferville_a3': 28.071942646270855, 'parent': 12.516646097235196, 'nemiscau_a': 22.147033556761286}",16.699970290867256
1995-07-01 13:00,"{'iles_de_la_madeleine_a_2': 8.904879991857825, 'mont_joli_a_2': 23.13244976510974, 'la_grande_riviere_a': 0.8693589370132884, 'la_grande_IVa_2': 21.26140282357639, '4295': 21.952518814207465, '7790': 11.088073176709386, 'bagotville_a': 6.845034298045107, '3920': 16.759790271251802, '4003': 11.801010548747414, '10804': 3.819182089343542, 'akulivik_a_3': 29.587400128206056, 'longue_pointe_de_mingan': 25.55009956887814, 'waskaganish_a_3': 13.010142638566336, 'sherbrooke_a': 10.517932865956581, '4099': 27.243615054860626, '4055': 15.878532721471387, '7747': 22.499352293566105, 'kuujjuaq_a_2': 35.051121189647034, 'matagami': 23.118018478811933, 'parent': 19.458821952881834, '8997': 27.487659331979444, 'lourdes_de_blanc_sablon_a_2': 14.504300798722142, 'cap_d_espoir': 17.846728296713934, '3953': 20.380947819758788, '10197': 25.40252848008477, 'chibougamau_chapais_a_3': 9.103300623409766, 'chevery': 5.419711579732535, 'bonnard_1': 6.89933174862928, 'schefferville_a3': 31.4077537725759, 'maniwaki_airport': 15.307837780009024, '4157': 0.7212211563254556, '4145': 10.01428983112406, 'inukjuak_ua': 8.83181847047068}",16.41442931206799
1996-07-01 13:00,"{'varennes': 1.7056412473186882, 'lac_benoit': 34.26769234185103, '10244': 37.07548283462528, '26799': 4.092065461608172, 'mistook': 7.823695986422024, '5085': 12.09188028158858, 'amqui': 1.4757380291498237, '7704': 4.6768462215821955, 'la_grande_IIIa': 21.983390574461225, '4099': 10.769499520127326, '4057': 8.971565204002594, 'beauceville': 7.348829921827665, 'kuujuarapik_a': 9.810185424987296, '10197': 2.219175146538028, 'gaspe_a_2': 9.138822500368178, '3923': 18.767991170348708, '7633': 0.5521230522158973, 'lourdes_de_blanc_sablon_a_2': 20.213944462689028, '4145': 9.703301597124856, '10804': 4.6202264149844865, '9006': 0.2907058913854712, 'kuujjuaq_a_2': 23.352010933377088, 'iles_de_la_madeleine': 19.861200157866975, 'natashquan_a_2': 17.82231485753823, 'schefferville_a3': 3.5149508212932687, 'chibougamau_chapais_a_5': 4.034760423584331, 'nemiscau_a': 3.7419343627327777, 'sept_iles_a': 13.030270023829402, 'matagami': 1.0575971001844806, 'parent': 3.916177140081281, 'inukjuak_a_2': 29.4022060863079}",11.204265328774268
1997-07-01 13:00,"{'havre_st_pierre_a_3': 6.762448568085617, '5085': 12.343247491613099, '3923': 5.0398697681111315, 'manouane_est': 4.012352556771916, '4337': 21.994184202594, 'amqui': 0.9048832563252063, '4057': 26.151843249081423, '4132': 6.226620668770025, 'la_grande_IIIa': 30.61011669948681, 'l_etape': 14.073749017180269, '4093': 8.921440959038065, '10918': 6.570818136943373, 'mont_orford': 24.841664235500332, 'inukjuak_a_2': 17.25547413566275, '10084': 10.383198634793345, 'kuujjuaq_a_2': 7.7113262707854915, 'kangirsuk_a_3': 5.513659194099148, 'roguemaure': 24.282854389493536, '10244': 15.986622135935917, 'schefferville_a3': 32.43200940023945, 'chevery': 2.032344402591306, 'iles_de_la_madeleine_a_2': 4.669308997576437, '7633': 0.28175394481978344, 'cap_d_espoir': 13.742157097604064, 'chibougamau_chapais_a_5': 20.46462634036108, '10197': 16.62700951333551, 'lourdes_de_blanc_sablon_a_2': 25.399258986325947, 'kuujuarapik_a': 18.40106431701747, 'waskaganish_a_3': 28.841290554798434, 'kangiqsujuag_a_2': 0.5811126163497562, 'akulivik_a_3': 17.277469525702088, 'parent': 12.694323632799616, '10804': 15.467060780519645}",13.893853444857942
1998-07-01 13:00,"{'ile_biquette': 23.994558531390396, '5085': 21.68495399024333, 'wemindji_a2': 11.970165477056156, 'cap_tourmente': 8.321987564132229, '7704': 11.075896030268567, '4352': 0.374798106198611, '3920': 22.921993684208665, '4099': 6.790805252243523, '3960': 7.49291976984491, 'lourdes_de_blanc_sablon_a_2': 17.379355674650895, 'cap_madeleine': 19.822069707809973, 'barrage_angliers': 14.609371501933246, 'kuujjuaq_a_2': 26.637033766615602, 'schefferville_a3': 37.3328090325644, '4716': 18.475064248673867, 'varennes': 15.65645786425759, 'inujivik_2': 25.972005530518906, '10197': 18.097537301242014, '7633': 4.102484415620957, 'quaqtaq_a': 8.691264081651731, 'chevery': 16.36175688393986, 'manouane_est': 37.21990938748961, '10220': 12.172859618750351, 'inukjuak_a_2': 6.343307725989803, '10804': 15.861419695533243, 'normandin': 22.122563255985142, 'iles_de_la_madeleine_a_2': 7.075731025296307, 'umiujaq_a2': 21.212678128806758, '10903': 13.864196194341176, 'nemiscau_a': 20.26723887203582, 'la_grande_IVa_2': 28.12307048854919, 'matagami': 20.454988727444032}",16.952601610477714
1999-07-01 13:00,"{'8997': 13.953790389268264, 'bagotville_a': 17.187795988540024, '7697': 1.3632159233761314, '4111': 14.815259438073554, '7593': 30.985169798519536, 'inujivik_2': 21.820178220264467, 'lac_benoit': 5.451891311074206, 'trois_rivieres_2': 2.442611547655062, 'longue_pointe_de_mingan': 10.562149197614922, 'rouyn_a': 23.449237357615758, '4589': 17.012796099070414, '3921': 22.466255296363514, 'pointe_des_monts': 9.235080617502746, 'chevery': 7.441701887255036, '10804': 4.805035419490807, 'kangirsuk_a_3': 7.311624764564542, 'parent': 0.7879558156885196, 'iles_de_la_madeleine': 8.987509471618544, '10197': 4.805928439023077, '3923': 1.5283700365854287, 'eastmain': 11.245389376013343, 'inukjuak_a_2': 11.376487304843266, '7868': 20.424796835721295, 'schefferville_a3': 19.725744459003565, '10220': 17.332690708283835, '7633': 15.561067743590698, 'kangiqsujuag_a_2': 21.978021168052308, 'chibougamau_chapais_a_5': 13.562166629316607, 'kuujjuaq_a_2': 6.663714473330472, 'la_grande_IVa_2': 21.54915562818141, 'cap_d_espoir': 20.13192238134625, 'kuujuarapik_a': 20.147164752185134, 'lourdes_de_blanc_sablon_a_2': 8.803976683050763}",13.179268338244954
2000-07-01 13:00,"{'jonquiere': 20.171541135198595, 'lourdes_de_blanc_sablon_a_2': 15.760306324680172, '7790': 4.489716945689267, '4295': 19.834604905393427, 'ile_aux_perroquets': 43.72073934203428, 'rouyn': 14.806545406937218, 'schefferville_a3': 11.660674905599748, '7704': 19.695264244545584, '3921': 18.73054103773069, 'parent': 18.601860211906462, '10804': 8.876790653267463, 'frelighsburg': 8.450104961697264, 'iles_de_la_madeleine_a_2': 6.399521207066044, 'kuujjuaq_a_2': 16.495425522910608, 'baie_comeau': 20.56510534686393, '9006': 17.09511767766375, 'quaqtaq_a': 21.154317518904975, 'inukjuak_a_2': 18.302804043520297, '4099': 26.728613084159903, '29368': 17.148417298364805, '7633': 5.408566552846111, '4055': 1.550606363513353, 'chibougamau_chapais_a_3': 32.869778074181184, 'kuujuarapik_a': 11.8299724916088, 'la_grande_IVa_2': 30.03668510629906, 'lac_benoit': 6.353365449060647, 'maniwaki_airport': 7.489117371624502, 'beauceville': 8.514682713829927, 'inujivik_2': 11.551462884411706, '10197': 30.807002416286025, 'cap_d_espoir': 22.926739491589117}",16.710515828689836
2001-07-01 13:00,"{'10220': 19.53836020895433, '4841': 33.00692052903062, '4099': 9.12687304865068, '4352': 26.07794851495757, 'onatchiway': 10.62287958473948, 'iles_de_la_madeleine': 3.4516815019761253, 'cape_whittle': 9.374478837324375, '30266': 14.918229061738408, '3921': 4.305468117033925, 'valcartier_a': 8.525224691282617, 'wemindji_a2': 3.1066238904830357, 'schefferville_a3': 30.918757410753685, 'montreal_st_hubert_a': 1.7264142519084373, 'barrage_angliers': 6.920821378482728, '10197': 10.983912189440773, 'manouane_est': 15.508420569646105, 'port_menier_3': 14.618456978828306, 'chibougamau_chapais_a_5': 13.825348974646062, '27865': 16.165015877084244, 'salluit_a': 19.879581036781104, 'tasiujaq_a_2': 4.875618726553185, '30435': 12.148717570968088, 'inukjuak_a_2': 13.235878389924153, 'amqui': 14.494663305400294, 'akulivik_a_3': 4.008317090197565, 'kuujuarapik_a': 13.501398049478155, '10804': 13.097534495282403, '8997': 25.21532373439318, 'matagami': 16.92721187984975, 'kangiqsaulujjuaq_a_3': 5.945649021728542, '10903': 19.737410811667047, 'lourdes_de_blanc_sablon_a_2': 15.433918321496535, '4003': 10.504619658769045, 'la_grande_IVa_2': 31.422658000215648, 'parent': 9.869193614673208}",13.800557980695414
2002-07-01 13:00,"{'4209': 11.075218270133306, 'cap_rouge': 12.980868372074937, 'trois_rivieres_2': 18.146773915172332, '27534': 9.861430506709041, 'baie_comeau': 12.581576304314325, '4180': 19.67550588709917, '30186': 7.4920794436602876, '30266': 8.996416523558537, 'lourdes_de_blanc_sablon_a_2': 15.012467903716669, 'chamouchouane': 17.149968379254517, 'val_dor_a3': 5.492383427558579, '9005': 25.672846641204572, 'lac_benoit': 9.50826085501133, '10244': 33.0948403629047, '4099': 24.338431126543128, 'waskaganish_a_3': 14.707674186871252, 'iles_de_la_madeleine_a_2': 22.878313521071874, 'gaspe_a_2': 14.166336016850835, 'tasiujaq_a_2': 27.4541224283668, 'natashquan_a_2': 15.065775315754351, 'umiujaq_a2': 38.18283918634253, 'akulivik_a_3': 6.967199810594039, '4055': 16.037431413579817, '3923': 34.98805041905162, 'la_grande_IVa_2': 21.155645098543303, '4003': 27.562066029246274, 'lac_eon': 20.234685318204697, '7747': 16.580201403136456, 'schefferville_a3': 6.579232915449424, 'inukjuak_a_2': 4.977007542448732, 'salluit_a': 14.406641265427936, 'kangiqsaulujjuaq_a_3': 20.53503988494211, 'la_grande_riviere_a': 30.89018383399248}",17.710530712387573
2003-07-01 13:00,"{'ste_clotilde': 17.12252062998715, '4111': 5.608901488875404, '7697': 15.979994371302226, '4716': 22.172214236925292, 'roguemaure': 19.645398059918456, 'nemiscau_a': 19.06977458335902, 'la_tuque': 23.692799545475474, 'wemindji_a2': 20.956766838515478, 'havre_st_pierre_a_3': 7.108615033185387, 'inujivik_2': 24.031778107781946, '10918': 19.18686121559434, 'onatchiway': 17.091903706097696, '4055': 2.0814865973046466, '27531': 3.199540448973039, '32008': 14.821678371184518, 'chapais': 17.719300640393804, '29368': 13.212777336213776, '10244': 26.053350963094715, 'baie_comeau_a_2': 8.59863767519225, 'la_grande_IVa_2': 5.615240242126646, 'chevery': 23.614081191752916, 'umiujaq_a2': 30.182157779927195, 'barrage_temiscamingue': 0.7226284186135317, 'lac_benoit': 2.5885267407464525, '7633': 29.034854968158022, 'cap_d_espoir': 18.49543489775361, 'kuujjuaq_a_2': 11.144550051558525, 'schefferville_a3': 22.7324819087286, 'lourdes_de_blanc_sablon_a_2': 12.274253374009149, 'iles_de_la_madeleine': 16.055493252458064, 'inukjuak_a_2': 10.787931639099767, 'kangirsuk_a_3': 2.000843602618943, 'kangiqsujuag_a_2': 3.1619093179492666, '10804': 18.094080041771413, 'beauceville': 8.552859449562241}",14.640332192177398
2004-07-01 13:00,"{'pointe_au_pere_inrs': 20.8740115541017, '27604': 6.680779870233806, '26912': 1.8383077080133319, 'la_tuque': 13.623347145372364, 'rouyn': 5.255958169180815, 'longue_pointe_de_mingan': 20.910454637883902, 'gatineau_a': 1.1824769058270093, 'bonnard_1': 18.023810191155064, '30435': 16.098104495209498, 'inujivik_2': 13.033110454367183, '4099': 19.843983209434498, '27533': 14.09207016059716, 'kuujuarapik_a': 8.467909482072642, 'quaqtaq_a': 12.961375846278244, 'eastmain': 18.76035519124447, '4209': 0.9838129176410888, 'lac_memphremagog': 26.435328582171934, '3921': 5.86229506293553, 'cap_d_espoir': 15.907838740558788, '3960': 18.81659333066019, 'schefferville_a3': 17.560324149475377, 'chevery': 20.00404444163408, 'tasiujaq_a_2': 16.169975225902107, '10197': 21.398657583960315, 'inukjuak_a_2': 22.760553328549832, 'la_grande_IIIa': 20.310991361025202, 'lourdes_de_blanc_sablon_a_2': 7.3351255016369805, '4201': 9.034907749951046, '7925': 15.649359518522552, 'iles_de_la_madeleine': 18.10737688041688, '4003': 1.7232488410102178, 'chibougamau_chapais_a_5': 12.292315330721365, '10804': 15.156080068500579}",13.853178292007447
2005-07-01 13:00,"{'27529': 11.33972388596537, 'val_dor_a3': 13.73023421263811, '30240': 6.733158854589107, 'nicolet': 1.108960850731549, '7633': 17.888082419864602, '4337': 3.1180579426853683, 'chevery': 11.534665712127548, 'wemindji_a2': 24.256299942258195, 'inukjuak_a_2': 21.076436700112794, 'iles_de_la_madeleine_a_2': 10.695444819851616, 'la_baie': 12.265524137183249, 'manouane_est': 31.388802965986784, '4180': 11.066224906790396, 'salluit_a': 8.418459393882614, '42123': 20.861325001596214, '9032': 11.041898366871926, 'schefferville_a3': 0.5434263329945708, 'lourdes_de_blanc_sablon_a_2': 5.850597262887476, '10804': 3.3679285899847855, '4102': 10.849206635495904, '10220': 13.796006404691667, 'sept_iles': 7.990514013724322, 'gaspe_a_2': 16.338027372910148, '10664': 7.875182333687093, 'kuujjuaq_a_2': 10.930869625628034, '3960': 8.723067162685638, '42967': 11.123254918868298, 'chapais': 19.91539193231455, 'kangiqsujuag_a_2': 1.9407968572586611, 'la_grande_IVa': 4.5007682040431405, '7925': 17.044851043129718, 'umiujaq_a2': 24.78613808482642, '3920': 6.051152614323854, 'nemiscau_a': 16.28517898389255, 'parent': 7.714771972040012, 'akulivik_a_3': 9.967757576832028, 'lac_eon': 22.06007438802976, '10197': 6.0044616313705035, 'mont_joli_a_2': 8.201207190707493}",11.753434134499026
2006-07-01 13:00,"{'29906': 9.840218727612069, 'trois_rivieres_2': 16.817254516614675, 'natashquan_a_2': 11.287162579185193, 'baie_comeau': 9.841907217254018, '4099': 27.04405154757645, 'riviere_au_feuilles': 36.38587353798481, '7747': 16.491180616357944, '4003': 16.987036791482865, 'iles_de_la_madeleine': 9.207840922848135, '4201': 15.59893985363685, 'lourdes_de_blanc_sablon_a_2': 25.653100879558195, 'chapais': 3.7472058383003812, '30578': 8.93700035619566, 'cap_madeleine': 6.4458392914811355, 'la_pocatiere': 0.7634511745901378, '3923': 9.148918130304892, 'kuujjuaq_a_2': 26.79924561065686, '30240': 6.565983103668394, '42123': 4.847153470130735, 'lac_benoit': 20.17325871888312, '30435': 10.684587143361426, '27535': 3.5152969538733743, 'lac_eon': 20.577146417177048, '44283': 16.149197170690684, 'inukjuak_a_2': 4.729251069710472, '10197': 30.404181881465846, '27533': 7.693444266904791, 'quaqtaq_a': 25.76616996089564, '3921': 23.66838971635964, 'la_grande_riviere_a': 8.985011104603338, 'schefferville_a3': 1.6492637106362906, 'normandin': 3.5876025191606544, 'matagami': 15.274213351874593, 'inujivik_2': 14.04915398096584, '44483': 9.916362461663596, 'la_grande_IVa': 7.336233489391468}",13.51578133564048
2007-07-01 13:00,"{'45447': 7.260638588488909, '10911': 2.353186205298897, 'ste_clotilde': 3.29704682378825, 'sept_iles_a': 10.862261229286602, '7633': 10.419753968275579, '4716': 8.793169949469323, 'lac_benoit': 19.519585590060686, '3987': 15.468086048869097, '10244': 7.4204188729604965, 'chevery': 18.829057089690764, 'laterriere': 2.123411251343441, 'amqui': 15.089908637060091, '8997': 13.364186981660175, '44283': 8.329711185360324, '4180': 8.113551250259036, '29368': 14.46234742900932, '42123': 16.644072230046334, '4352': 8.855523442558308, '27528': 21.63893221607426, '41595': 8.571264757032928, 'kangirsuk_a_3': 16.42344746953166, 'la_grande_IVa': 7.63797812791293, 'matagami': 6.164691248153048, 'riviere_au_feuilles': 13.26525877540604, 'chibougamau_chapais_a_3': 1.3049475277679505, 'thetford_mines_rcs': 6.88756778773984, 'heath_point': 20.28491810093422, 'lourdes_de_blanc_sablon_a_2': 6.069640351483642, 'gaspe_a_2': 18.59902445503934, 'lac_eon': 8.441129597552234, 'inukjuak_a_2': 2.989595625687045, '45088': 14.073109130482237, '10804': 17.208044754220936, 'la_grande_riviere_a': 8.74195968415043, 'parent': 1.3277794847029014, 'inujivik_2': 10.110118744653818, 'schefferville_a3': 18.08339145539246, 'kuujjuaq_a_2': 21.186202197279073}",11.058287322754806
2008-07-01 13:00,"{'29906': 1.6119208889254537, '44483': 20.19000259470843, 'inujivik_2': 11.659638226491822, 'heath_point': 25.381775106487822, 'normandin': 11.813570503403938, '45447': 35.44235374309883, 'pointe_des_monts': 35.15446494178267, 'bonnard_1': 1.940080437960333, '44283': 8.514325922851185, '29368': 8.432454026324983, 'maniwaki_airport': 12.168573392178985, 'frelighsburg': 6.686308217448968, 'la_grande_IIIa': 10.615662367396041, '4157': 7.367172401303009, 'riviere_au_feuilles': 14.814755928403997, 'beauceville': 11.411605135372874, 'rouyn': 7.765180911889161, 'lourdes_de_blanc_sablon_a_2': 21.136605689456204, 'lac_eon': 17.78024974560934, 'gaspe_a_2': 8.095135645815787, '3920': 8.424286358621146, '4201': 4.372743983733088, '4538': 2.129825622785553, 'schefferville_a3': 31.725317625089588, '4102': 13.345733536720388, 'kuujjuaq_a_2': 14.34736077244824, 'nemiscau_a': 5.807549082116907, '9006': 11.640457137643075, '42123': 14.883145521771809, 'umiujaq_a2': 9.793565961747987, 'kangirsuk_a_3': 14.856682544655953, 'chapais': 22.205132216040965, 'chevery': 16.73292880825872, 'inukjuak_a_2': 11.964290818068363, '4003': 0.8451122439178675, '10903': 4.731558059618912}",12.938542392226346
2009-07-01 13:00,"{'31367': 1.447042954046566, '32473': 16.586313668698907, '4201': 16.96775702559782, 'matagami': 12.162641777372386, 'montreal_st_hubert_a_2': 10.950843647142179, 'onatchiway': 15.875732599916063, 'gaspe_a_2': 8.374928147955302, 'iles_de_la_madeleine': 7.908454175836454, 'beauport': 12.87725417961758, 'nemiscau_a': 11.51549117487393, 'la_grande_IIIa': 18.032777605695443, '10918': 14.237698350316762, '47267': 0.00803239140590506, '4093': 3.770656280827808, '47307': 10.553708785914992, 'salluit_a': 9.569950570435012, '44283': 16.062203832001558, 'chevery': 1.2565721716119356, '44483': 18.05629227607544, 'mont_joli_a_2': 16.125625513719243, 'bonnard_1': 16.392272257081288, '10244': 15.288269522142087, 'chibougamau_chapais_a_3': 7.3256236566176085, 'kangirsuk_a_3': 18.51189067600852, '4157': 19.657147969603287, 'lourdes_de_blanc_sablon_a_2': 17.402411722246853, 'inukjuak_2': 26.009315818756903, '3987': 5.98022285757294, 'sept_iles_a': 17.22525672326782, 'riviere_au_feuilles': 12.977686081981986, 'parent': 5.7671135780580585, 'maniwaki_airport': 11.226426856517108, '10197': 16.786028129646013, 'schefferville_a3': 21.434000412824545, '27535': 18.939576811288347, '42123': 13.705415497626404, 'lac_eon': 51.43142461360519, 'kuujuarapik_a': 10.31373770503454, 'kuujjuaq_a_2': 11.794276795003285, 'kangiqsujuag_a_2': 14.299426383813454, '4538': 4.835738873053188}",13.649835123678312
2010-07-01 13:00,"{'32473': 14.489735128137852, '8997': 21.473840731798255, 'akulivik_a_3': 17.866977022328214, '29516': 11.813287113701925, 'barrage_temiscamingue': 2.9994176104139854, '4061': 17.237249979124456, 'chapais': 9.071059797042537, '3923': 22.436034513041037, 'la_grande_IV': 17.551281510471796, 'thetford_mines_rcs': 21.756102946128905, '4003': 18.26480340163716, 'iles_de_la_madeleine': 6.018185521130846, 'ile_rouge': 17.625266855100108, '4099': 2.9797336940787034, '46507': 6.241856464300682, '4337': 1.046099598029322, 'kangirsuk_a_3': 6.819818410794404, 'lac_benoit': 6.712245744721571, '43910': 24.482877989386175, '7925': 22.295332239557858, 'havre_st_pierre_a_2': 6.940607299155275, 'saint_michel_des_saints': 7.769079504821818, '30435': 14.372889915583798, 'la_grande_riviere_a': 18.990435274555423, 'schefferville': 16.36982620279202, '10197': 17.949796134607475, 'waskaganish_a_3': 22.37617625310039, 'inukjuak_2': 15.599081801482711, 'kuujjuaq_a_2': 17.886563914815525, 'riviere_au_feuilles': 25.61508245507151, '45088': 4.477619443675707, 'cap_chat': 7.613785364649772, '10804': 7.322625826127471, 'chevery': 20.366235643734328, 'parc_national_des_pingualuit': 17.23570850505687, 'matagami': 16.74640050906814, 'lourdes_de_blanc_sablon_a_2': 11.489540563597131}",14.00818002386003
2011-07-01 13:00,"{'29846': 22.548387847628383, 'lac_memphremagog': 17.470495810350286, '47307': 13.126256795087656, 'havre_st_pierre_a': 20.292099600268415, 'l_etape': 18.359386354607878, '27533': 11.072860320508823, '4111': 5.3649267766096145, 'eastmain': 18.987967316278777, 'kuujjuaq_a_2': 17.82473908166667, '4337': 0.5536348926233359, 'lac_benoit': 10.918928481062323, 'la_grande_IVa': 22.20976354987598, 'parc_national_des_pingualuit': 16.788844473778653, 'saint_michel_des_saints': 5.438075540154465, 'chamouchouane': 9.88574197053839, 'baie_comeau_2': 12.82700982116991, '4132': 13.550603315942816, 'umiujaq_a2': 12.926364689583671, '4061': 21.74585675120823, 'quaqtaq_a': 32.189935552309734, 'cape_whittle': 20.07766717152083, '46527': 16.66933897749106, '3920': 29.81868794796889, 'rouyn': 22.121511349838052, '10804': 3.6833589423444266, 'iles_de_la_madeleine_a_2': 13.295645571559504, '42967': 18.28776947591829, 'cap_d_espoir': 15.725073573542417, 'inukjuak_a': 14.181967710239945, 'schefferville': 20.181065419221042, '10197': 0.5057023441077604, '45088': 9.986933030580431, 'riviere_au_feuilles': 29.416982387524662, '7925': 26.42507130441581, 'lourdes_de_blanc_sablon_a_2': 16.46384485032803, 'akulivik_a_3': 5.085074992748865}",15.722432610850113
2012-07-01 13:00,"{'parc_national_des_pingualuit': 5.374345627473588, 'varennes': 7.241914697425052, '48952': 11.47249922625113, 'eastmain': 20.06938964599557, '3920': 13.69926547607266, 'cap_madeleine': 9.480844684318882, '7582': 23.732288862248744, 'chapais': 11.013244758099205, '9006': 3.724320527945004, '49508': 0.44573365083024186, 'natashquan_airport': 18.01159246696932, '44283': 4.215487041132377, 'la_grande_4a': 24.581947112622586, 'baie_comeau': 13.601282303157504, 'ste_foy_ulaval': 0.7025502162695787, 'lac_benoit': 11.339682018719202, 'normandin': 9.440017139900654, '4180': 6.347295857334828, '10899': 16.07043313422507, 'matagami_a': 27.43661357124799, 'kuujjuaq_a_2': 3.659999808229273, '47567': 14.507379990405923, '4538': 9.918485103176671, 'schefferville': 2.4223502986829857, 'inukjuak_a': 1.4850881752215201, 'umiujaq_a2': 32.47638225466204, 'lourdes_de_blanc_sablon_a_2': 23.386176164575204, 'iles_de_la_madeleine_a_2': 13.473866184380213, '4003': 3.8261253814513694, 'akulivik_a_3': 5.8179928544406465, '45088': 10.756291974081826, 'kangirsuk_a_3': 25.674641958611033, '10197': 27.85948110061934, 'riviere_au_feuilles': 28.09014961141949, 'lac_eon': 21.726589939539963}",13.23090710907819
2013-07-01 13:00,"{'lac_eon': 11.591888264560673, '41983': 8.416133298743596, '5126': 16.15958274298032, 'chapais': 5.36602092920586, 'nemiscau_a': 20.043205243219923, 'ottawa_gatineau_a': 11.168156691479439, 'shawnigan': 11.229928450742506, 'laterriere': 11.53168551532552, 'matagami': 11.991968681913434, 'apaluk_a_2': 13.636663297864061, '30266': 36.91739210070996, 'sept_iles': 20.501074141783008, '50248': 13.343482377039926, '43104': 33.56600202748596, '10244': 7.732613674786336, '46507': 7.307789949430251, 'manouane_est': 5.046160997085849, '50092': 3.3726757772306257, '42123': 12.606707356222088, 'natashquan_a': 24.954382443985246, 'amqui': 6.8232994129226725, 'gaspe_a_3': 3.1661013579460757, 'parent': 6.989648244880776, '50839': 18.44637530295836, 'la_grande_IIIa': 2.957745051203865, 'inujivik_2': 14.059755403218183, '50460': 10.7761669018752, 'iles_de_la_madeleine': 27.471640238809485, 'lourdes_de_blanc_sablon_a_2': 42.16751722475341, '50857': 0.9483588523878055, 'kuujuarapik_a': 27.246129540201423, 'inukjuak_a': 40.0756235079348, '50723': 8.392313281149647, '10197': 8.543718489958579, 'kangiqsujuag_a_2': 3.0778971022455437, 'riviere_au_feuilles': 3.462583310357992, 'schefferville_a2': 23.818104955674094, '7633': 5.11361635834124, '9004': 11.985096795459306}",14.153979622924952
2014-07-01 13:00,"{'27535': 11.948828175600738, '43763': 4.215628112667147, '51237': 11.936896661521658, '43104': 8.424571640594237, 'amqui': 15.470544078176601, 'sept_iles_a_2': 4.544858531284831, 'lac_megantic': 12.72346318573728, 'la_baie': 28.77249598671672, 'lac_benoit': 6.377870017601509, '4099': 29.313180331892568, '27865': 5.8691714250613245, 'chibougamau_chapais_a_3': 9.231036965322104, 'la_grande_IIIa': 7.1201852407567685, '47567': 10.742624258598191, '9004': 12.034541488754869, '27528': 17.444578564329078, 'schefferville_a2': 10.499443437395584, 'inukjuak_a': 24.297008312360333, '10220': 5.4549885578302195, '52318': 5.310385751716979, 'matagami_a': 19.408507059487278, 'nemiscau_a': 17.148673970530595, 'iles_de_la_madeleine': 8.145921655147262, 'chevery': 23.493625232812562, '51219': 18.803320193933217, 'parc_national_des_pingualuit': 16.22636776335105, '7633': 10.27677627435628, 'parent': 21.90997874175811, 'riviere_au_feuilles': 17.90742759211821, '50722': 14.931524366030715, 'gaspe_a_3': 1.0304534676749029, 'kuujjuaq_a': 14.532060589355993, 'akulivik_a_3': 1.7839502071020235, 'lourdes_de_blanc_sablon_a_2': 2.9276575319569957, 'kuujuarapik_a_2': 0.803190193836528, 'lac_eon': 29.46186141980114, 'montreal_st_hubert': 7.362011237847952, '42123': 11.384986660578349, '4716': 1.312783975376945}",12.322650739922432
2015-07-01 13:00,"{'50132': 10.462575022845002, '52918': 22.580354331543674, '48649': 16.07444509233676, 'lac_memphremagog': 11.146890396178932, 'salluit': 13.826050977596807, '49508': 3.4090798075527715, 'la_tuque': 13.41341028849051, '10197': 34.325780628117414, '9006': 11.950131011243968, 'eastmain_river_a': 3.3223492735529874, '47567': 1.897338231511739, 'val_dor': 21.04624569503622, '4102': 18.902631424838418, '51138': 25.96494759533944, 'kangiqsujuag_a_2': 19.669087545342194, 'ile_biquette': 14.633085659892359, 'kangiqsaulujjuaq_a_3': 8.27883345190125, 'sept_iles': 0.07161066703130814, 'la_grande_IIIa': 30.94456839509634, 'inukjuak_2': 8.530372657424039, '52898': 36.350760177275006, '50857': 19.072011730524345, 'kuujuarapik_a_2': 4.200247198597239, 'natashquan_a': 10.763489311697327, '7633': 19.56868528237547, 'manouane_est': 1.040365657068989, '50723': 20.45741582652633, 'iles_de_la_madeleine_a': 4.726635811306394, 'lac_eon': 30.66230815206744, 'chapais': 15.609465952574695, '3987': 21.2965313786921, 'lourdes_de_blanc_sablon_a_3': 12.587323233728725, '10899': 19.063606714654426, 'schefferville_a2': 28.31744227013054, 'cap_d_espoir': 0.5051007542136432, 'riviere_au_feuilles': 36.51010049088576, '47547': 9.0324132312778, '53139': 9.603234366962127}",15.521498044563964
2016-07-01 13:00,"{'50722': 8.277418876700672, 'montreal_st_hubert': 23.01432688518313, '52338': 24.52970664986897, '41983': 2.7499545086959927, 'gaspe_a': 1.0954443719172673, 'umiujaq_a': 28.29788103849212, 'beauceville': 18.43452862568477, 'normandin': 19.13836875446964, '52898': 3.009707464317543, '52118': 13.101272818094998, '26799': 28.030088330839476, 'schefferville': 9.744178348336305, '51138': 10.787699113182484, 'inukjuak_2': 23.640203046025718, 'waskaganish_a_2': 26.69484810613777, 'baie_comeau_a': 22.408759641985668, '52900': 15.20954195232519, '27535': 20.664669766814157, 'bonnard_1': 28.29745341647623, '53603': 2.730610865814569, 'matagami_a': 27.499179573614583, '51219': 2.6414705315369673, '10899': 18.434578266814484, 'salluit': 14.180523630527063, '44283': 16.25941134659191, 'iles_de_la_madeleine': 15.874184755463048, 'la_grande_riviere_a_2': 9.06074749683414, '48788': 12.03175123886274, 'chevery': 28.125080741549553, 'lourdes_de_blanc_sablon_a_3': 30.85874399391102, 'kuujjuaq_a': 5.157296958082327, 'lac_eon': 1.9122606212019662, 'chapais': 28.26234770641669, '52918': 17.32533266927831, 'la_grande_4a': 5.0996526268751765, 'riviere_au_feuilles': 29.245629385552334}",16.439579281235414
2017-07-01 13:00,"{'mistook': 5.393130657257885, '42123': 17.51291729686872, 'cap_d_espoir': 13.710139503789833, 'inukjuak_2': 41.64147417498364, '51237': 23.30453194576421, '51459': 12.683835022381714, '30435': 0.3163536853227811, 'kuujuarapik_a_2': 24.2188408902378, 'heath_point': 15.121024982487839, 'lemieux': 15.18259121491299, '49848': 11.47131290793375, 'parent': 1.1145365685238744, 'kangiqsujuag_a': 9.718765391432925, '51219': 2.364464039502778, 'la_grande_IV': 3.3038187170300404, 'maniwaki_airport': 5.528765992765003, '48788': 1.1106144310202666, '52918': 13.57306872701028, '52838': 24.873582900559143, '4061': 25.293366103167386, 'chevery': 32.92983458813322, '51138': 0.7885810794600872, 'bonnard_1': 7.3704512350791305, '49489': 4.997907129880645, '50723': 10.603347029596733, '7925': 7.236198210188846, 'baie_comeau_a': 13.958719130208621, 'wemindji_a': 12.462522634379582, '3987': 12.13551713432318, 'schefferville_a2': 34.125475722633865, 'chibougamau_chapais_a_2': 16.63480603281539, 'apaluk_a': 25.967591352932956, '52875': 1.8348075524386758, 'kangiqsaulujjuaq_a': 12.952360571289987, 'lac_eon': 37.05028521287748, 'lourdes_de_blanc_sablon_a': 23.184067730083584, '10899': 1.6107609765995505, 'matagami_a': 10.293953413445664, 'riviere_au_feuilles': 37.30097418334472}",14.637828104427303
2018-07-01 13:00,"{'53378': 14.808491976320525, 'cap_tourmente': 16.48473144753501, '52900': 2.504929767557371, '45607': 11.035099674218422, '50857': 2.008264156998692, 'matagami': 1.9306784788518456, 'natashquan_a': 16.65128715716945, '50460': 10.975574103522291, '41738': 1.9957754571618977, 'lourdes_de_blanc_sablon_a_3': 8.176505152910806, 'bonnard_1': 9.069907313574276, 'salluit_a3': 3.5826717574077165, 'gaspe_a': 4.039913367074433, '52878': 5.609779287851907, 'causapscal_airport': 16.909688587676428, '47307': 1.156405417967619, 'la_grande_4a': 36.349414284768315, 'schefferville_a2': 31.879715000963934, 'umiujaq_a': 21.873284636980443, '49389': 27.99139351057171, '43763': 5.882757632645678, 'wemindji_a': 30.31158512329001, 'kangiqsujuag_a': 2.1735508900785234, '52918': 15.57490979848091, 'apaluk_a': 7.120867347729934, 'onatchiway': 14.7991284276967, '52838': 3.8443849000811383, 'barrage_temiscamingue': 0.21813040728473965, '51237': 3.2163168961313744, 'sept_iles': 0.6680759560524052, 'puvirnituq_a': 12.98127053619374, '7582': 30.065199874848233, 'parent': 11.81595178360294, '50723': 5.529581879657286, 'chibougamau_chapais_a_2': 6.838929730463221, 'kangiqsaulujjuaq_a': 4.698703095563545, '7633': 14.737523157005896, 'lac_eon': 43.00911840152415, 'iles_de_la_madeleine': 13.506760128324984, 'lennoxville': 5.5549183931916275, 'riviere_au_feuilles': 24.05259685241011, '42123': 6.245404165309424}",12.092361331301182
