1956-07-01 13:00,"{'quebec_jean_lesage_intl_a': 4.903371567139086, 'maniwaki_airport_ua': 9.617955088159903, 'montreal_st_hubert_a': 6.6741521082648205, 'grindstone_island': 6.278570757757716, '4145': 8.942924331901303, 'lake_eon': 1.6324387894959713, '5097': 7.8976349535963095, '3914': 10.625764569551293, 'sept_iles_a': 16.313886724211017, 'nitchequon': 14.778871506071042, '4716': 8.959716873907507, 'inukjuak_ua': 7.870064256093702, 'mont_joli_a_2': 17.151120367882765, '3969': 7.788980997199374, '4157': 5.336383024441918, '4209': 2.8394340642109412, '4168': 6.064022935745559, '4029': 0.06262315079676384, '4055': 16.186650265832316, 'kuujjuaq_a_2': 1.7596480158565662, 'schefferville_a3': 3.8436385738063485}",7.882278711,
1957-07-01 13:00,"{'4145': 3.5359853319124923, '5085': 4.6856691733226015, '3914': 10.591719724214677, '3960': 5.599759211721516, 'montreal_st_hubert_a': 4.830058621429309, 'quebec_jean_lesage_intl_a': 6.658337033183784, 'sept_iles_a': 14.255460383942449, '3987': 12.400366351499148, 'maniwaki_airport_ua': 0.6696781968854424, 'kuujuarapik_a': 3.058870378196083, '4168': 4.2789448381830795, 'kuujjuaq_a_2': 7.8338277700868275, 'lake_eon': 4.0100603323990285, '4209': 3.398682260908018, '4157': 2.7950719837569125, '4055': 6.116835693959608, 'grindstone_island': 0.31675299885560904, 'nitchequon': 9.774445494197543, 'schefferville_a3': 13.715379956199886, 'mont_joli_a_2': 8.673364999121262, 'parent': 11.013702265905987, '4716': 10.396907139583174, 'inukjuak_ua': 4.549548484152041}",6.659105592,
1958-07-01 13:00,"{'4055': 11.728583481195606, '4168': 5.806398615374668, 'parent': 3.9796202136376557, '4201': 3.954636657177531, 'montreal_pierre_trudeau_intl_a': 6.119366425699692, 'kuujuarapik_a': 2.2914527069814667, '3919': 1.1366828206887973, '4157': 12.970775890730394, '3914': 1.5859522424320431, '4209': 2.5971907525246465, 'quebec_jean_lesage_intl_a': 14.14896185765955, 'nitchequon': 8.483861801274536, '3960': 4.567691469483471, 'inukjuak_ua': 7.857781658149118, 'rouyn_a': 15.914576123922878, 'schefferville_a3': 8.51672430725747, 'mont_joli_a_2': 11.421217994126248, '5085': 2.1051756756117967, '3987': 13.36903317654691, 'kuujjuaq_a_2': 6.0646339365871, '4716': 21.364124818762452, 'lake_eon': 8.862576571998634, 'sept_iles_a': 11.192789875258505, '3926': 8.574653001202506}",8.10893592,
1959-07-01 13:00,"{'kuujuarapik_a': 0.8274309542305609, 'val_dor_a3': 5.722346288975459, '4716': 19.37984365812881, '3960': 0.9360276884074743, '5051': 7.313390688686162, 'montreal_pierre_trudeau_intl_a': 1.079632072189419, 'quebec_jean_lesage_intl_a': 6.2323105304323185, 'nitchequon': 4.785344349027447, '3987': 2.7863161237468574, '4201': 13.082935128776544, '3914': 4.2821657061472145, '4055': 3.882673053050837, 'inukjuak_ua': 8.904836838972486, 'parent': 6.457851074349783, '4168': 12.151272927338987, '4209': 9.257818626466936, 'baie_comeau_a_2': 7.810861610102744, 'schefferville_a3': 0.5666166523396754, 'lake_eon': 1.0896706276936001, '4157': 3.447411982867667, 'kuujjuaq_a_2': 1.0318567478681935, '3919': 3.4415770355826183, '3926': 0.7081697817594623}",5.442537398,
1960-07-01 13:00,"{'montreal_st_hubert_a': 10.2638954129364, '4180': 9.83613869279375, '5126': 0.18437546822337936, 'baie_comeau_a_2': 17.05360628956711, 'nitchequon': 1.7770028598376335, '4209': 0.46327394080342543, 'schefferville_a3': 9.712408780313968, '3969': 0.4284094236302991, '3919': 13.164492629094195, 'bagotville_a': 6.437551902508623, '3987': 11.959653479870301, 'kuujuarapik_a': 7.341746878244763, '4055': 3.198799686665147, '3926': 10.964877212631748, 'lake_eon': 2.647094672706089, '3914': 10.48494843851589, 'kuujjuaq_a_2': 1.542615357594201, '4168': 2.5497957240070797, '4201': 3.3951695315012387, 'val_dor_a3': 10.722928085992718, 'maniwaki_airport_ua': 5.530811034362877, 'inukjuak_ua': 2.524568343602205, '4716': 9.195784702963694}",6.581736893,
1961-07-01 13:00,"{'val_dor_a3': 19.076222452968484, 'nitchequon': 2.37250901197843, 'maniwaki_airport_ua': 8.151821344176728, '3987': 0.8753271809308458, '5085': 4.905392977359629, '4168': 1.8781602353597648, '4716': 3.7189947806285133, '3960': 10.04862842277921, '4055': 2.336824672533467, '4157': 5.609487063101202, 'quebec_jean_lesage_intl_a': 6.174991465004474, 'kuujuarapik_a': 15.108067758172847, 'baie_comeau_a_2': 17.41364102655616, '4209': 1.8173883638237136, 'lake_eon': 13.688695071577754, 'schefferville_a3': 18.983062983291447, '3914': 3.612943982844051, 'kuujjuaq_a_2': 8.029934653241703, 'montreal_st_hubert_a': 2.9972366507889703, 'port_menier_2': 24.774690177475176, '3926': 13.186217093624307, 'inukjuak_ua': 1.0144681632622365, '3919': 3.3156955819200142, '4201': 7.424117028798875}",8.188104923,
1962-07-01 13:00,"{'4157': 1.7617139850294166, 'mont_joli_a_2': 5.270429518568452, '5051': 11.502367102979179, 'maniwaki_airport_ua': 1.6472548694643514, '4029': 18.338860115901554, '4055': 0.01663249879311124, 'sherbrooke_a': 4.5499107589779655, '3926': 4.853469413152432, '4093': 10.035635253886262, 'kuujuarapik_a': 12.662484436619145, '3960': 8.561936577800363, '4168': 0.21175872705963528, 'schefferville_a3': 12.396555115869639, '3914': 11.540503431865563, 'nitchequon': 0.20030535454228726, '4145': 4.9728731573057665, 'port_menier_2': 12.451623098009538, 'manicouagan_a': 12.097381622765916, '4716': 8.077455878498995, 'bagotville_a': 12.597630878949339, 'inukjuak_ua': 20.434779992194628, 'kuujjuaq_a_2': 5.025982404624084, '3919': 11.720085001283582, 'lake_eon': 16.693492075042748}",8.650880053,
1963-07-01 13:00,"{'rouyn_a': 3.526482767550071, 'manicouagan_a': 21.78586437426157, '4029': 8.085922653956107, 'inukjuak_ua': 9.260388123029234, '5126': 6.232176949635335, '4093': 9.654305142202308, '3926': 9.437872912687684, '4802': 7.941452018401801, 'chapais_2': 11.750973898867386, 'quebec_jean_lesage_intl_a': 3.2911514401078925, '3960': 1.7191588656715027, 'nitchequon': 7.5657810391369225, 'kuujjuaq_a_2': 3.2893958165193666, 'mont_joli_a_2': 19.1989868119464, 'montreal_st_hubert_a': 0.9326746890287438, '4157': 1.4834428655127638, '3919': 12.069638724019526, '4132': 4.495240781236138, '3914': 6.520909004443727, 'lake_eon': 5.485488607450652, '4055': 6.4037928290786965, '4716': 1.168760217829778, '4168': 2.215539839751603, 'kuujuarapik_a': 27.47626198551399, 'port_menier_2': 8.313647250594574, 'maniwaki_airport_ua': 13.888862254631029, 'schefferville_a3': 0.36473090593363366}",7.909588991,
1964-07-01 13:00,"{'maniwaki_airport_ua': 4.9843881830999575, '4180': 3.3667325468692457, 'port_menier_2': 5.933221909800874, '4029': 10.762471924382242, '5043': 2.6706920163315235, '3923': 11.325288446871996, 'manicouagan_a': 14.811970609753821, '4692': 5.735518428282967, 'kuujuarapik_a': 21.701315880940374, 'sherbrooke_a': 4.029324722222006, 'inukjuak_ua': 13.870310921048233, 'schefferville_a3': 21.43562993215157, '4132': 10.329455633798728, 'val_dor_a3': 1.3173148403325765, '4055': 4.055932027645973, '4093': 5.0890181325782144, 'chapais_2': 1.59574251724813, 'kuujjuaq_a_2': 18.371420952729828, '4538': 4.209190993514255, '4716': 3.5094411267520176, '3926': 19.883945573050813, '3919': 10.374450247766427, '4168': 5.569918439302768, 'nitchequon': 24.529416449314446, 'bagotville_a': 15.927545798717198, 'mont_joli_a_2': 4.33028850314858, '3914': 6.576244857644477, 'lake_eon': 6.154526417055777}",9.37323993,
1965-07-01 13:00,"{'baie_comeau_a_2': 4.533028505475404, 'schefferville_a3': 9.702794660121594, '4145': 0.5823071353516625, 'border_a': 11.499570282635492, '3969': 6.571995567997899, '5051': 13.15194228898931, 'lake_eon': 5.092761706816901, '4029': 11.176657990086877, 'montreal_st_hubert_a': 5.26454066718102, '4157': 10.000328370663286, 'port_menier_2': 7.882918105040655, '3919': 3.8184825112099396, 'inukjuak_ua': 12.679559979914817, '4093': 4.830640028622948, '3926': 14.380194298180612, '4168': 6.889794803033965, '3914': 4.844813491490754, 'kuujuarapik_a': 5.346119457259459, 'maniwaki_airport_ua': 4.4055333375089845, 'bagotville_a': 5.448368643259027, '4716': 3.504729316895375, 'chapais_2': 1.8842582711439029, 'nitchequon': 8.660783177269078, 'kuujjuaq_a_2': 18.170865260909295, '4055': 5.013881105973191}",7.413474759,
1966-07-01 13:00,"{'riviere_du_loup': 3.296943437906478, '3929': 2.405046933431942, 'ste_agathe_des_monts': 6.500887991973171, '4109': 13.50264077820043, '3987': 0.5718794309417774, '3960': 4.797393830764875, '5043': 3.29077896956991, 'kuujuarapik_a': 8.630811614214181, '4145': 8.07663912429825, 'schefferville_a3': 5.974161227976058, 'port_menier_2': 11.110131160856792, 'sherbrooke_a': 9.104278797913828, '4692': 6.49101234104889, 'lake_eon': 13.696475431362293, '4168': 4.286597898922533, '3919': 9.87696127579262, 'nitchequon': 7.291100301115435, 'border_a': 0.338908101610798, 'gagnon_a': 13.994076063207483, 'kuujjuaq_a_2': 9.195887537982674, '4209': 5.6366855254006065, 'inukjuak_ua': 0.13555383950163957, 'chapais_2': 0.2965899806291681, '4716': 1.6561333390371509, '3914': 0.6537420760572541}",6.03245268,
1967-07-01 13:00,"{'4180': 5.107330051817502, '4538': 1.9800890821687638, 'kuujuarapik_a': 6.0491205936602555, '3919': 6.431822608709449, '4029': 8.581468120740436, 'lake_eon': 5.208438177147912, 'mont_joli_a_2': 8.927910939465903, 'bagotville_a': 9.19026990594256, 'sept_iles_a': 6.256869359622662, 'chapais_2': 5.667193982190582, 'kuujjuaq_a_2': 1.4537299050140646, '5126': 4.825970211463343, '3969': 0.17145370114771907, '3914': 5.788984828213135, 'montreal_st_hubert_a': 5.6504998018858075, '4093': 7.342308494862706, 'maniwaki_airport_ua': 7.868501259485409, 'inukjuak_ua': 10.523642891137825, '4055': 31.260681467177005, '4168': 5.522932071526498, '4692': 5.749278630603349, '4716': 6.823183255890825, '4132': 1.1364743592749917, 'border_a': 6.209181678447859, 'nitchequon': 7.250465934833677, 'schefferville_a3': 5.2345251501421615, 'val_dor_a3': 5.384154607282781, 'gagnon_a': 0.8536323771319339}",6.51607548,
1968-07-01 13:00,"{'maniwaki_airport_ua': 9.764888735071796, '4157': 5.873560649701663, 'blanc_sablon': 24.55369067311102, 'inukjuak_ua': 3.920935016970521, '4055': 16.942614873485336, '4589': 9.20333524860482, '4209': 2.8896254186159602, '4168': 6.34272171544243, 'sherbrooke_a': 15.405797495538941, 'riviere_du_loup': 11.914590414254008, 'kuujuarapik_a': 0.4716531853790613, 'chapais_2': 10.940271086355132, '3919': 6.352393895779137, 'havre_st_pierre': 9.519318677266586, 'nitchequon': 14.838994904707707, '4201': 4.329432424342716, '5097': 2.0653795432011393, 'border_a': 10.558596637322228, '3960': 17.760478677162673, 'grindstone_island': 21.000113814874847, '4002': 8.27992586784275, 'schefferville_a3': 2.7868421467778006, '4295': 5.758952883086508, 'rouyn_a': 4.305739652857035, 'kuujjuaq_a_2': 1.382530106490428, '3914': 1.5314453712010803}",8.795916504,
1969-07-01 13:00,"{'blanc_sablon': 5.00484645629863, '5085': 3.167376335765553, '4180': 4.512095962516987, 'bagotville_a': 17.471998331022295, '4716': 7.117322910418835, '3960': 6.357532300344566, 'kuujuarapik_a': 0.9446592040540587, 'montreal_pierre_trudeau_intl_a': 6.544896214044243, 'kuujjuaq_a_2': 4.245528032543405, 'inukjuak_ua': 4.5201282431250505, '4201': 6.553207155959186, 'chapais_2': 2.9636607709686267, 'nitchequon': 4.725144850641001, 'val_dor_a3': 1.9763247267743687, '3919': 4.377510243026521, 'schefferville_a3': 1.247301928066868, 'baie_comeau_a_2': 1.4911369806992028, '4055': 3.956338296825578, '4295': 3.0882600760716024, '4093': 1.2728607037535262, '4002': 14.198686344380707, '4168': 0.8259798524539086, 'gaspe_a_2': 0.09450294816581817, 'border_a': 8.032118137358331, '3914': 3.1308298515281834, 'grindstone_island': 33.94429794561369, 'gagnon_a': 2.553674835268069, 'natashquan_a_2': 8.59346440390032, 'lake_eon': 15.293625031275052}",6.145010658,
1970-07-01 13:00,"{'manicouagan_a': 3.1035709523530066, '4477': 9.26837289825255, '3987': 1.9051661173631373, 'havre_st_pierre': 0.9820694319189833, '4093': 17.43656762755429, '4055': 8.668138566021131, 'quebec_jean_lesage_intl_a': 8.737819243950055, 'rouyn_a': 7.800513169804388, '4589': 4.299166505060722, 'ste_agathe_des_monts': 2.8353789417595863, 'nitchequon': 7.670022588365011, 'border_a': 9.568586031805506, '4295': 5.2055704860992975, '3953': 8.617226966268655, '4168': 1.763362674099266, 'kuujjuaq_a_2': 4.830176990500345, 'chapais_2': 2.525688142841714, '4157': 8.103357884274171, '3914': 6.041958303245586, 'blanc_sablon': 5.280589233942454, 'inukjuak_ua': 2.1843004187416177, 'schefferville_a3': 11.197165659402184, 'kuujuarapik_a': 7.3066362150657405, 'grindstone_island': 13.157017776371882, 'mont_joli_a_2': 3.446916637815878, '4132': 3.8887021242959765, '3919': 2.7332084739535816, 'parent': 11.502091950626898}",6.430690786,
1971-07-01 13:00,"{'5085': 11.07367471444725, 'baie_comeau_a_2': 16.541781973870084, '4109': 10.114926865249316, '3969': 2.3484406383110183, 'sherbrooke_a': 6.079587117756162, '4132': 10.282222531507191, '4716': 0.03974529310818653, '4295': 4.809523511867553, 'bagotville_a': 11.469252726060724, '4002': 0.12826624704543121, 'natashquan_a_2': 13.05646791466667, '4055': 12.725982055399772, 'parent': 2.399701847496541, 'riviere_au_renard': 10.764843897074428, 'chapais_2': 0.6896864350211018, 'kuujuarapik_a': 2.8123998070717846, '3914': 9.667609430768085, '3919': 4.18233221915926, 'border_a': 5.407945568607952, 'grindstone_island': 7.526232883217183, '4168': 3.9911727544260174, 'ste_agathe_des_monts': 0.28869531348557587, 'val_dor_a3': 5.867424108269766, 'lake_eon': 8.39924983708849, 'kuujjuaq_a_2': 6.6182358692684, 'gagnon_a': 0.8881702231834971, 'blanc_sablon': 17.381746893729556, 'nitchequon': 3.5112294524531418, 'inukjuak_ua': 1.4568232427055854, 'schefferville_a3': 4.4512182322487135}",6.499152987,
1972-07-01 13:00,"{'3987': 1.5668605075707518, '4201': 13.115937040077213, 'grindstone_island': 10.174412298326276, '5186': 8.198837630941082, '4055': 6.084204191370539, '4716': 4.142652236947217, 'nitchequon': 6.406009806573369, 'inukjuak_ua': 31.787848757080738, '4168': 5.757665332875934, 'chibougamau_a': 3.5474811411555436, 'parent': 4.205357518470674, 'gaspe_a_2': 18.663505157235175, '4093': 3.4308930516731877, '3919': 8.607446456195323, 'ste_agathe_des_monts': 2.278428436034833, 'border_a': 10.49465768953688, 'riviere_du_loup': 16.47613657190924, '3960': 1.940833692556808, '3914': 16.395088108956912, '4180': 4.205571395904851, 'natashquan_a_2': 13.078759037918378, 'blanc_sablon': 14.169302832526881, 'val_dor_a3': 1.5880245022448811, 'kuujuarapik_a': 7.698947574254852, '4692': 6.3431708011913805, 'quaqtaq': 18.166180373937515, 'schefferville_a3': 14.410349927635075, 'gagnon_a': 5.017408681066829, 'sept_iles_a': 1.4068477108538602, 'kuujjuaq_a_2': 4.630280850372124, 'sherbrooke_a': 13.089176159022067, 'lake_eon': 6.917775204380511, '4538': 2.865033925594261}",8.692760139,
1973-07-01 13:00,"{'5126': 5.03994430637233, 'val_dor_a3': 1.664800958150133, 'lake_eon': 0.8458196011508328, '4157': 8.540163741537127, 'mont_joli_a_2': 4.774671693799741, 'nitchequon': 9.775006994716522, '4168': 7.678524996965139, '4055': 9.16458853058272, 'port_menier_2': 3.5970925401756713, 'blanc_sablon': 13.597767928285112, 'maniwaki_airport_ua': 0.5805402463391935, '4802': 2.4189999023802553, 'bagotville_a': 7.895034714989313, 'sherbrooke_a': 1.046020720585286, '4093': 6.326314215215536, '4002': 6.706305955432521, 'inukjuak_ua': 3.392578833788942, '3914': 3.1556944290623754, 'chibougamau_a': 10.475280285196511, 'schefferville_a3': 10.654006533625626, 'kuujjuaq_a_2': 16.898222161912265, '3969': 13.044073425690543, 'border_a': 11.503896618156535, 'grindstone_island': 12.968939389417919, 'kuujuarapik_a': 3.993700882653121, '4716': 0.956936913572779, 'gagnon_a': 1.55174937238767, '4132': 5.176061968478082, 'quaqtaq': 4.151740261824152, 'parent': 0.08060588776655386, '3919': 1.1057927584496117}",6.089060541,
1974-07-01 13:00,"{'lake_eon': 18.34313391358809, '4168': 5.976818764102962, 'montreal_st_hubert_a': 13.805815430883296, 'chibougamau_a': 5.414244110131335, 'kuujuarapik_a': 19.20362917961883, '4145': 4.633060128436654, 'kuujjuaq_a_2': 4.097295499068704, '3919': 3.465305629715729, 'nitchequon': 5.177730049128023, '4295': 1.417872403608726, 'natashquan_a_2': 0.09932801030633698, '3953': 4.951791107615804, 'quaqtaq': 38.12726892841081, 'sept_iles_a': 11.523450828125164, 'matagami_a_2': 2.676787296194057, '4093': 10.198681695320495, '5097': 3.5811331462254152, 'bagotville_a': 8.158977119127485, '4716': 4.3983393719469355, 'gaspe_a_2': 9.11723788799791, '3987': 5.130255979974223, 'inukjuak_ua': 1.9746373454268529, 'maniwaki_airport_ua': 6.841168934095471, '4055': 6.917114739352549, '4157': 5.602275513755785, 'schefferville_a3': 2.7589968500095523, 'border_a': 5.974452708227915, 'grindstone_island': 13.540290330330855, 'parent': 0.817876640958179, 'blanc_sablon': 13.868416179564427, '3914': 11.527744570133294, 'mont_joli_a_2': 20.979354785658543, 'gagnon_a': 7.407581334813582}",8.415395952,
1975-07-01 13:00,"{'7684': 0.037436961511899014, '4683': 1.5797273635911981, '4157': 8.482263118154501, 'schefferville_a3': 18.09667077251184, '4055': 9.953830926475927, '3987': 9.038951720471667, '3969': 5.887984928862311, 'grindstone_island': 9.432861262975184, '4145': 6.561795253170528, 'border_a': 25.33147695915566, 'inukjuak_ua': 2.9881945719099647, '4209': 7.780779590004467, 'chibougamau_a': 4.5652838969142415, 'parent': 3.7376049324341025, '4168': 9.007961169388281, 'sept_iles_a': 7.539616222495008, 'kuujuarapik_a': 6.065690730831667, '4716': 0.08385384366254911, '3914': 8.853275112409085, 'riviere_du_loup': 3.648033882338064, '3919': 17.982670637966507, 'quaqtaq': 2.51371982830349, 'kuujjuaq_a_2': 9.116568797434873, 'gagnon_a': 10.747581898578073, 'lake_eon': 4.097105025428451, 'blanc_sablon': 4.58061507495286, 'matagami_a_2': 8.741211469086123, 'nitchequon': 12.56537330785007, 'gaspe_a_2': 0.03033245957120556, 'natashquan_a_2': 0.6987123225155365, 'sherbrooke_a': 13.167133605915543}",7.513365085,
1976-07-01 13:00,"{'4093': 15.142591464224314, '4832': 4.9035575048779805, '4352': 6.915191778503033, '4002': 0.6244586087588786, 'mont_joli_a_2': 8.519311835028624, 'montreal_pierre_trudeau_intl_a': 7.720229842181524, 'parent': 8.611592149058612, 'kuujuarapik_a': 4.334836832296105, '3960': 2.890930900110689, '3919': 10.100806034736568, 'sept_iles_a': 0.052593996652596786, '3914': 6.783206400134578, 'gaspe_a_2': 5.041648324571142, 'grindstone_island': 11.970552305636996, '4180': 0.6419429391204403, 'quaqtaq': 11.216248074140786, 'bagotville_a': 8.768419244557005, 'val_dor_a3': 0.6522143707393511, 'inukjuak_ua': 4.909427529087562, 'kuujjuaq_a_2': 4.540086946537421, 'lake_eon': 16.321782587264092, '4716': 14.661184599767239, '3929': 17.196136704078715, 'schefferville_a3': 3.3108853432674508, 'natashquan_a_2': 0.03399615315634108, 'gagnon_a': 5.026514275212435, 'chibougamau_a': 17.581164826191102, '4168': 5.44927749646531, 'blanc_sablon': 6.354555902332489, 'nitchequon': 7.267431297461314, '5126': 11.067275448022613, 'border_a': 17.829388384110732, '4132': 14.10256644908058}",7.89521232,
1977-07-01 13:00,"{'port_menier': 11.426148085427393, 'riviere_du_loup': 8.125079667664217, '3969': 4.329954992948682, '4802': 7.068709016949285, '4145': 4.399991497742565, '5126': 14.721956538041127, '4168': 11.6327948739706, 'grindstone_island': 14.93589453669237, 'kuujuarapik_a': 17.0254436678227, '4002': 0.38921327534519534, 'maniwaki_airport_ua': 9.685675172250306, 'inukjuak_ua': 5.781262850675155, 'matagami_a_2': 5.9182412143902, 'quaqtaq': 34.9269867904713, '3914': 16.19276137226199, 'blanc_sablon': 25.53588417431124, '4099': 11.606521043105428, '4157': 9.398723734275723, '4055': 18.159810386053604, 'parent': 4.13334331573817, 'montreal_st_hubert_a': 6.419943592586957, 'chibougamau_a': 10.178153872361314, 'nitchequon': 8.892183992903117, '3919': 3.8389210105775433, 'schefferville_a3': 8.013874845848292, '4716': 15.562592866389807, 'kuujjuaq_a_2': 4.757933795452971, 'border_a': 12.028993533859303, '4209': 0.011321867347021453}",10.52063157,
1978-07-01 13:00,"{'border_a': 5.490580431648681, 'schefferville_a3': 10.973810868720097, '5085': 4.183458450206977, 'la_grande_riviere_a': 9.016245084239834, '3919': 1.776953854355634, '4589': 0.3840125849737781, 'rouyn_a': 5.322760853044912, 'inukjuak_ua': 1.6190700603963801, '3969': 4.192484186772681, '4002': 0.1335271334994772, 'montreal_pierre_trudeau_intl_a': 1.180896449833174, '3914': 0.39711949409404745, 'chibougamau_a': 7.699188844196243, 'natashquan_a_2': 7.488492322497265, 'sept_iles_a': 7.468613486603925, '4201': 2.569659293448588, '4157': 9.185067906914744, '4099': 8.074662587355332, 'bagotville_a': 4.744251969832746, 'quaqtaq': 14.38707237095706, '4295': 13.233471604913342, 'grindstone_island': 25.39793386753159, 'gagnon_a': 2.6461814419496434, 'gaspe_a_2': 6.055923877924144, '4209': 4.28720612223065, 'nitchequon': 9.786310212940542, 'parent': 3.492407526169556, '4055': 4.396057514303161, '4168': 3.404399041364142, 'kuujjuaq_a_2': 3.745843917190655, 'blanc_sablon': 1.0209024039926007, 'mont_joli_a_2': 9.652729310883624}",6.043977971,
1979-07-01 13:00,"{'4683': 4.908194647082972, '4337': 0.3204868940132606, '3919': 7.740038430172785, 'blanc_sablon': 8.577752007024731, 'nitchequon': 8.315881381528245, 'baie_comeau_a_2': 9.4401896217917, '4209': 3.505063754451406, '3953': 8.930812393135383, 'mingan_a': 3.848152440012143, '4157': 0.7071560514873063, '3987': 3.534968443751092, 'quaqtaq': 5.791094750133155, 'sherbrooke_a': 1.001707166590311, '4145': 0.051679089672969525, 'schefferville_a3': 2.3542016725901824, 'la_grande_riviere_a': 5.467441931203565, 'gagnon_a': 8.116811907238734, '4589': 8.858577917204626, 'kuujjuaq_a_2': 3.5306814634683636, '4055': 7.506603167019357, 'grindstone_island': 6.60359412511032, 'inukjuak_ua': 4.528551498976871, 'bagotville_a': 4.065074469150488, '3914': 8.497878444347968, 'matagami_a_2': 2.905789352454848, 'chibougamau_a': 8.192898206361312, 'border_a': 7.295497831338386, '4168': 3.8206083554032}",5.300620979,
1980-07-01 13:00,"{'4002': 1.0408322970649415, '5097': 0.17702652298648758, '3969': 5.288459383440035, 'kuujjuaq_a_2': 1.2260546658357327, 'quebec_jean_lesage_intl_a': 19.38794238738432, '4589': 5.449273590915581, 'chibougamau_a': 2.523821263936469, '4209': 1.6677124985563587, '4337': 4.176231770196161, '4099': 13.619985735501643, '4180': 0.4676649654984999, 'port_menier': 9.786696754353528, 'matagami_a_2': 3.4175654488531713, '4168': 1.9585316232624805, '3914': 4.378548137419429, 'schefferville_a3': 12.94984351472501, 'gagnon_a': 2.4670969455785183, 'quaqtaq': 10.621582763913484, 'iles_de_la_madeleine_a_2': 4.739729149937606, 'blanc_sablon': 22.673207274040195, 'inukjuak_ua': 13.424149106696962, '3919': 7.734798474280812, '4055': 2.3717023206730694, 'la_grande_riviere_a': 5.707998880451566, 'baie_comeau_a_2': 9.45617360586289, 'nitchequon': 5.8588551324898255, '4201': 9.294530311156098}",6.735778316,
1981-07-01 13:00,"{'4157': 2.647747777879381, '4832': 2.1426224246414662, '4352': 15.087602532527871, 'nitchequon': 5.849196026119802, '3953': 3.357108915451718, '3914': 1.1112193972224134, 'sherbrooke_a': 3.8395899382975713, 'sept_iles_a': 3.9238671977367474, 'gagnon_a': 12.835650544028802, 'grindstone_island': 20.145157262478172, 'blanc_sablon': 4.987958613107359, 'rouyn_a': 2.2164479867979274, '3919': 5.92956954541625, '3987': 3.3246074993494723, '4093': 5.270443563491369, 'bagotville_a': 7.388288272288122, 'schefferville_a3': 9.293973345628313, '4055': 6.101049943932203, '5126': 3.2348056801547003, '4168': 10.37152845153393, 'kuujuarapik_a': 27.98539408441697, 'inukjuak_ua': 5.8965640477906724, 'kuujjuaq_a_2': 21.66810029840653, 'chibougamau_a': 9.246577245201234, 'ste_agathe_des_monts': 5.655549742233493, '4132': 1.7266453891706064, 'gaspe_a_2': 12.51265474505708, 'natashquan_a_2': 2.3538983550650165, 'mont_joli_a_2': 3.097081190061374, 'quaqtaq': 12.383807270397359, '4716': 4.693767672796689}",7.621886289,
1982-07-01 13:00,"{'4132': 2.2218178882948116, '3914': 1.1184155180866924, '4932': 15.887224603535742, '3920': 0.47510098797966904, 'la_grande_riviere_a': 0.2228304464507218, '4093': 14.27874179934112, 'iles_de_la_madeleine_a_2': 17.676073006486604, 'matagami_a_2': 5.431917549717944, 'gatineau_a': 0.3995225164387648, 'gaspe_a_2': 14.879273446654096, 'nitchequon': 10.2494620674398, 'kuujjuaq_a_2': 11.066301812151671, '4157': 7.671391241706395, '4477': 2.015041527082907, 'gagnon_a': 4.750912043066911, 'quaqtaq': 7.597988565688617, '4716': 7.684213738169998, 'bagotville_a': 13.969670006531175, 'mont_joli_a_2': 14.277158526385222, 'sherbrooke_a': 3.9661760100033376, '3960': 1.495000325852736, 'sept_iles_a': 0.10572818384206428, '4003': 8.759456214686537, 'blanc_sablon': 22.239062372043996, '4055': 7.554648689464656, 'chibougamau_a': 3.7436876573038305, 'schefferville_a3': 21.731816184918625, 'natashquan_a_2': 10.151341129774067, '4168': 1.8615715692798815, 'inukjuak_ua': 11.240195379846583}",8.157391367,
1983-07-01 13:00,"{'4145': 7.572725360917154, 'gatineau_a': 5.727424759496159, '5097': 10.733271888279042, 'mingan_a': 15.92011460795258, '3960': 0.9987690956643718, '4157': 4.552520265727416, 'lourdes_de_blanc_sablon_a_2': 11.61736230348945, '4003': 8.611250435714169, '4209': 6.37501443661521, 'sherbrooke_a': 2.7704027840529832, 'baie_comeau_a_2': 23.59717872639741, '3920': 0.047647931687880174, 'schefferville_a3': 9.461362475026267, 'gagnon_a': 3.666785832409108, 'matagami_a_2': 10.25571287057263, 'la_grande_riviere_a': 8.422244454854173, 'chibougamau_chapais_a_3': 0.06628248172783557, '4716': 11.077008117204691, 'nitchequon': 3.3148466896939652, '4168': 0.1582839763239292, 'kuujjuaq_a_2': 7.539551275189709, 'iles_de_la_madeleine_a_2': 8.3509314126952, '4099': 11.519074263128342, '3929': 7.3035423050586274, '3914': 7.141699532012844, 'bagotville_a': 0.9868313863529394, 'inukjuak_ua': 0.7937563436806343}",6.984503556,
1984-07-01 13:00,"{'natashquan_a_2': 4.421481759026236, '4832': 4.561637468767593, '3919': 5.367135352268386, 'sherbrooke_a': 4.978259189140742, '4352': 9.205917787246879, 'nitchequon': 7.253424939892501, 'iles_de_la_madeleine_a_2': 4.957487718590906, 'baie_comeau_a_2': 12.392941773364228, '3960': 3.230168136840291, '4132': 5.634903851609831, '4099': 0.42148980868057073, 'lourdes_de_blanc_sablon_a_2': 5.282705788334212, '4157': 6.266121122594813, '4168': 12.137883204793106, 'val_dor_a3': 2.4303532277453126, '4055': 1.173914861220636, 'kuujjuaq_a_2': 5.664034418818883, 'gaspe_a_2': 9.480794858776871, '4003': 3.2175720163626824, 'chibougamau_chapais_a_3': 5.590061269753431, 'gagnon_a': 5.012255743433702, 'bagotville_a': 8.74385025706553, '4716': 4.437042416056819, 'ste_agathe_des_monts': 2.109649378474133, 'schefferville_a3': 14.77783428450765, '3914': 3.8391966613246318, 'kuujuarapik_a': 7.934898407614861, 'inukjuak_ua': 5.234327143797733, '5126': 5.7988741057938356}",5.915731619,
1985-07-01 13:00,"{'4209': 2.5381193297172953, '4180': 1.6666372428948506, 'natashquan_a_2': 13.185041091362269, 'quebec_jean_lesage_intl_a': 6.505002819673091, '3969': 4.681896706150011, 'matagami_a_2': 6.542257167616393, 'mont_joli_a_2': 7.126058727023178, '4168': 5.284204358580732, 'gatineau_a': 11.216659174370513, 'gaspe_a_2': 7.318011406491706, '4683': 3.4261322899740527, 'quaqtaq': 5.786209267025043, '4055': 2.9593989734898276, '3914': 5.849984301416134, '3919': 2.7469542292597797, 'kuujuarapik_a': 9.513833216370603, '4201': 4.276698070732362, 'iles_de_la_madeleine_a_2': 4.659321481320099, 'sept_iles_a': 22.645722284470114, '4716': 5.225251132590969, 'nitchequon': 6.93087054149273, '4099': 1.381740059102011, 'gagnon_a': 2.6651621892995507, '4003': 5.622434711411927, 'inukjuak_ua': 4.916079108505215, 'chibougamau_chapais_a_3': 2.9734117726783413, 'schefferville_a3': 0.8781233805706705, 'lourdes_de_blanc_sablon_a_2': 8.09534644460018, 'kuujjuaq_a_2': 2.8664124240742854}",5.844240479,
1986-07-01 13:00,"{'3929': 3.8393116581417654, 'chibougamau_chapais_a_3': 0.06981032337533755, 'quaqtaq': 17.80646633005943, 'la_grande_IVa_2': 3.127445872628625, 'natashquan_a_2': 5.7311160689372755, 'baie_comeau_a_2': 5.765362692388532, '5186': 3.125134562999204, 'inukjuak_ua': 3.667782934188388, '4352': 1.2228463108325265, 'quebec_jean_lesage_intl_a': 4.511438293254004, '4538': 2.6352912753710918, 'kuujuarapik_a': 9.675012964845536, '4003': 1.6185326312481667, 'gaspe_a_2': 2.4444842615531286, '4145': 4.38760995544321, 'matagami_a_2': 3.956404511500324, 'kuujjuaq_a_2': 3.02795730684344, '3914': 18.904281954537176, 'montreal_st_hubert_a': 3.1283912406821486, '4099': 0.18526695867655718, '3960': 9.266986429841506, '4716': 0.3661894668546726, '4157': 4.523679738343999, 'iles_de_la_madeleine_a_2': 5.535112766634839, 'schefferville_a3': 3.188166236346788, '4692': 4.570275254395021, '4168': 1.0603560742619251, '3920': 5.556260586731087, 'lourdes_de_blanc_sablon_a_2': 5.671337860776042}",4.778217673,
1987-07-01 13:00,"{'4180': 3.106826005843031, 'quebec_jean_lesage_intl_a': 4.595526234607508, 'mont_joli_a_2': 18.251628222997198, 'schefferville_a3': 6.230770012357365, '3960': 7.3104864126301266, '4832': 13.944559178761713, 'ste_agathe_des_monts': 1.1053374029107133, '3929': 0.2582399688309369, '4132': 9.103074735040686, 'quaqtaq': 8.989220825639322, '5126': 0.9195488064871498, '4352': 5.496843869106966, '4093': 8.841833147768309, '3914': 6.472442671450633, 'natashquan_a_2': 10.518206639328906, 'iles_de_la_madeleine_a_2': 23.900137630108848, 'chibougamau_chapais_a_3': 5.620390491551586, '3919': 9.302356362117418, 'val_dor_a3': 4.284640876480992, 'la_grande_riviere_a': 0.38049371626611084, '4003': 13.969608503335198, 'gaspe_a_2': 8.768785558429695, 'inukjuak_ua': 2.5142722753067606, '4168': 4.105081219031593, '4716': 4.858884877232329, 'lourdes_de_blanc_sablon_a_2': 9.91794142020305, 'sept_iles_a': 9.059611659949375, 'kuujjuaq_a_2': 13.209887322589122, 'la_grande_IVa_2': 5.208238564301244}",7.594650849,
1988-07-01 13:00,"{'4841': 3.998302672595038, 'quebec_jean_lesage_intl_a': 2.873440995131226, 'montreal_st_hubert_a': 13.85118466104704, '3960': 11.004291421558914, '3914': 6.704134113714844, '4168': 7.517505293995157, 'schefferville_a3': 1.1353752209402543, 'rouyn_a': 2.5454573613418425, 'la_grande_IVa_2': 2.801549778065773, '3919': 9.670971950643118, '4589': 7.132520648470599, 'inukjuak_ua': 4.559523402504832, 'la_grande_riviere_a': 17.076925913076497, '4201': 6.987796598715214, '4055': 1.8247074097263116, 'maniwaki_airport_ua': 2.8431628915603007, 'baie_comeau_a_2': 14.368612800376592, '4157': 1.8114105679643657, '4209': 1.5751130160176317, '4003': 10.389488196376437, 'gaspe_a_2': 12.028314912633476, 'iles_de_la_madeleine_a_2': 17.13325802983399, 'natashquan_a_2': 4.208987894200391, 'kuujjuaq_a_2': 7.8115350209818715, 'lourdes_de_blanc_sablon_a_2': 3.0697282340958907, '4099': 1.4486958156608196, 'chibougamau_chapais_a_3': 5.90464965472032, '4295': 6.994656696321325}",6.759689328,
1989-07-01 13:00,"{'4832': 9.60206089431137, '3914': 1.6550033249954446, '4295': 5.650540409589041, 'maniwaki_airport_ua': 2.1818062947702472, 'chibougamau_chapais_a_3': 7.464112100222204, '4716': 3.138389675291915, 'sept_iles_a': 5.228524039793989, '4157': 0.02689798577670821, '3919': 7.070836173813838, 'lourdes_de_blanc_sablon_a_2': 19.178572299091474, 'quebec_jean_lesage_intl_a': 12.682306247818488, 'montreal_st_hubert_a': 4.207679386831051, 'natashquan_a_2': 7.1413593255629095, '4201': 4.21604748116045, '3953': 5.042532368907452, 'rouyn_a': 2.5459597450887497, '4055': 3.4789188318750472, '4099': 2.9252882651258076, 'la_grande_riviere_a': 4.251980620031599, '4209': 6.834224793174402, 'schefferville_a3': 0.8347574293520452, 'mont_joli_a_2': 7.3187044072952805, '4003': 6.059494189069216, 'la_grande_IVa_2': 4.098107951179996, 'kuujjuaq_a_2': 1.1341014337593514, 'gaspe_a_2': 10.746328167650718, 'iles_de_la_madeleine_a_2': 5.915041509734728, '4168': 2.470948610744143, 'inukjuak_ua': 2.996428390592774}",5.382653529,
1990-07-01 13:00,"{'montreal_st_hubert_a': 4.821461528984607, 'la_grande_riviere_a': 7.8895919736872955, '4145': 8.195042605369688, '4157': 4.132344833694955, '4716': 6.946498638177193, '4168': 3.6874879937622396, 'havre_st_pierre_a_3': 5.0810969152338785, 'iles_de_la_madeleine_a_2': 3.6304807896459295, '4055': 7.036601000251512, 'chibougamau_chapais_a_3': 7.332590224591776, '4832': 11.113566773649369, '4003': 9.568792068356103, 'quebec_jean_lesage_intl_a': 4.757297374420114, '4209': 7.203676148852267, '3953': 4.522377126234639, 'schefferville_a3': 1.7425091442638596, '4099': 3.981074792409098, 'matagami_a_2': 1.1335086883523502, 'maniwaki_airport_ua': 4.797574055383974, 'mont_joli_a_2': 7.766809358554779, 'quaqtaq_a': 5.85214391114282, 'inukjuak_ua': 0.841880392785761, '4295': 1.1481574373582966, 'la_grande_IVa_2': 8.939413865758905, 'kuujjuaq_a_2': 2.683559287769272, '3914': 2.1026103378173, 'lourdes_de_blanc_sablon_a_2': 1.4238334858897268, '3921': 6.296920875432837}",5.165317915,
1991-07-01 13:00,"{'kuujjuaq_a_2': 13.88953288815122, 'la_grande_IVa_2': 0.872505663790264, 'quebec_jean_lesage_intl_a': 9.870952101144333, '4716': 2.4165195136929327, '3914': 14.197750246611363, '3953': 0.5920751643883904, 'ste_agathe_des_monts': 1.0732773073595503, '4295': 11.430276105659594, '4932': 0.7782203692713452, 'rouyn_a': 0.43243730887118303, '4157': 3.4973875741636213, '4003': 11.673699418667017, 'lourdes_de_blanc_sablon_a_2': 8.54644363336865, '3921': 8.399517088140904, '4093': 6.964519078844411, '4201': 11.087208042192781, 'chibougamau_chapais_a_3': 9.517496976172104, 'schefferville_a3': 23.219107509825047, 'kuujuarapik_a': 10.557726770910037, 'mont_joli_a_2': 4.060221942364485, 'natashquan_a_2': 7.450082595265229, '4168': 5.892553337571229, 'sept_iles_a': 12.473427528461464, '4055': 12.130605716926222, 'gaspe_a_2': 2.227511601350102, 'iles_de_la_madeleine_a_2': 12.705332857706917, 'inukjuak_ua': 3.9651756642797444}",7.774872741,
1992-07-01 13:00,"{'5186': 9.519075455706158, '4337': 2.4305949594196967, '4168': 0.2693573945021228, '4209': 12.065316069612287, 'baie_comeau_a_2': 1.8739734675248059, '3921': 6.17344747463229, '3960': 4.416287695329411, 'kuujuarapik_a': 5.7296066477158405, 'inukjuak_ua': 1.603976223781924, '4003': 4.763316523236213, '4716': 3.0005841734078658, '4099': 3.220734061791614, 'sherbrooke_a': 22.829242046415565, '4145': 9.475252277806007, '4157': 8.136992708405533, 'havre_st_pierre_a_3': 6.11368477805037, '4055': 2.4318817320475077, 'bagotville_a': 19.019034169404243, '3914': 5.889824571633929, 'iles_de_la_madeleine_a_2': 8.287138811811605, 'schefferville_a3': 6.379755484811067, 'lourdes_de_blanc_sablon_a_2': 6.590623848590765, 'kuujjuaq_a_2': 4.269169323169718, 'la_grande_IVa_2': 2.015934979468202}",6.521033537,
1993-07-01 13:00,"{'3921': 5.932285087694156, 'mont_joli_a_2': 3.3615597558060664, 'sept_iles_a': 3.878426706046559, 'sherbrooke_a': 8.520443058792306, '4157': 4.3238613850995335, '5097': 8.081944655742486, 'iles_de_la_madeleine_a_2': 3.484943333724262, 'kuujuarapik_a': 2.6641657016242632, '3923': 4.291328813756547, '4716': 2.873033375350836, '4168': 6.226457359762172, '4337': 9.15759410449714, 'lourdes_de_blanc_sablon_a_2': 2.373673481958477, '4055': 3.8837872780747524, 'la_grande_IVa_2': 9.249417724119594, '4145': 0.1643114511215824, '4003': 10.38165076536595, '4093': 2.3919058324406084, 'wemindji_a2': 5.038511991769022, 'kuujjuaq_a_2': 7.86439438843483, 'gaspe_a_2': 1.7940063766603025, 'schefferville_a3': 1.792100383673505, 'natashquan_a_2': 5.932501174593895, 'bagotville_a': 4.770643569843854}",4.934706156,
1994-07-01 13:00,"{'longue_pointe_de_mingan': 3.7036468432264797, 'la_grande_riviere_a': 4.85751124782081, '3960': 10.081798838953738, '10973': 4.496107600312676, 'lac_st_pierre': 3.7562015210089896, 'ile_biquette': 2.66183327944416, '7793': 3.317565553633603, '4111': 1.7511332969656799, 'rouyn_a': 8.809267816367175, 'gatineau_a': 6.838370692293431, 'bonnard_1': 16.612703836302313, '7581': 1.9269871179148552, '10220': 6.935491066476288, 'cape_whittle': 2.7119341861048394, 'kuujjuaq_a_2': 5.127231860529367, 'schefferville_a3': 5.268502042828217, '10084': 3.238774342056569, '7925': 10.370603391626585, 'iles_de_la_madeleine_a_2': 10.016990110525015, '4209': 12.220091418523896, 'cap_d_espoir': 11.653234330786216, 'chibougamau_chapais_a_3': 0.10589097101626876, '11000': 9.997069868534545, '10918': 13.172006114093879, 'mistook': 0.8045570586652655, 'parent': 11.381913398857158, '10197': 0.3399681266562098, 'lourdes_de_blanc_sablon_a_2': 8.870046770999991, 'nemiscau_a': 2.3706744437608407, 'la_grande_IVa_2': 5.8886335159869, '7633': 10.509382821701962, '10804': 9.036090121389812}",6.526006675,
1995-07-01 13:00,"{'akulivik_a_3': 16.678692220296803, 'roguemaure': 4.422133109167056, '4201': 4.185031470284583, 'st_henri': 6.343562407166713, '7633': 15.97098609089495, 'cap_d_espoir': 0.493802298767811, 'sherbrooke_a': 9.494535617642489, 'waskaganish_a_3': 9.190128380765993, '4099': 3.779797751976343, '10197': 9.153121916877215, '4057': 1.641264816218964, '9006': 3.5559577897877617, 'sept_iles_a': 6.753863352287659, '4538': 3.319081250664386, 'kuujuarapik_a': 9.566751068741773, '10244': 0.08691291253086675, 'iles_de_la_madeleine': 0.9984496040870532, 'gatineau_a': 2.566215512471601, 'manouane_est': 8.733745859873968, 'la_grande_IVa_2': 6.0215964350358036, '4683': 2.788120972550818, '10804': 6.979858690412414, 'cape_whittle': 4.861508338183263, 'schefferville_a3': 1.9788698379376974, 'chibougamau_chapais_a_3': 0.4113331441061501, 'inukjuak_ua': 4.078730081099742, 'mont_joli_a_2': 14.1988080926916, '3960': 12.103071193413047, 'lourdes_de_blanc_sablon_a_2': 4.163683626736766, 'parent': 9.386132271736622, 'ile_aux_grues': 2.3408476176562765, 'kuujjuaq_a_2': 0.1384422808831154}",5.824532375,
1996-07-01 13:00,"{'9005': 2.214835985699807, '3921': 4.636639667834288, '4057': 6.130817068889996, 'lac_memphremagog': 11.669501379927734, 'jonquiere': 3.614356269423787, 'kuujuarapik_a': 8.97513924867545, '9006': 11.3533979434524, 'bonnard_1': 14.196921510076201, 'pointe_des_monts': 8.118586038306347, 'rouyn_a': 0.602244706118956, '4337': 0.7420060851185859, 'la_grande_IIIa': 1.6028801162002466, 'schefferville_a3': 2.2176480884802103, '3923': 6.72680641474879, '4132': 2.620539969739575, 'cape_whittle': 13.764737933524803, 'iles_de_la_madeleine_a_2': 1.6547247772959182, '4102': 0.5243352537966075, '10197': 5.2308989762390965, '7925': 3.977783902678347, 'kuujjuaq_a_2': 1.7515277831525076, '10804': 9.666694886839206, 'nemiscau_a': 9.727180472563369, '4477': 0.4037816193931363, '7633': 8.392443573779616, 'parent': 7.862283363826336, 'longue_pointe_de_mingan': 15.505683279798077, 'lourdes_de_blanc_sablon_a_2': 1.7075158284418563, 'inukjuak_a_2': 26.76281418430554, 'chibougamau_chapais_a_5': 12.187127977371066}",6.81806181,
1997-07-01 13:00,"{'kangirsuk_a_3': 17.443338168272646, 'cap_madeleine': 7.746187001324564, 'st_jovite': 2.441196820899302, 'schefferville_a3': 3.0450590585990653, '8997': 6.026908954396976, '4102': 0.4604014008473829, '4003': 16.04221512201011, '4832': 1.3620944974053923, 'la_grande_riviere_a': 1.4988471981283222, '3920': 4.605196316581376, '4295': 4.125554872820093, 'chevery': 2.377302178018711, 'valcartier': 5.550296740615945, '10220': 5.8349226315832645, '4145': 5.335593774410407, 'ile_biquette': 1.6723997216914963, '3960': 2.831504481200419, '4157': 8.594227457141628, 'manouane_est': 5.948642132146386, 'kangiqsujuag_a_2': 0.039962160724799745, 'la_grande_IVa_2': 8.08803238183872, 'matagami': 1.242798135199795, '10804': 0.851105936216209, '10084': 1.6460566821572176, 'lourdes_de_blanc_sablon_a_2': 5.313897751186589, 'inukjuak_a_2': 8.970724848677403, 'waskaganish_a_3': 0.798136105679518, 'iles_de_la_madeleine_a_2': 6.570539069011156, 'chibougamau_chapais_a_5': 14.410688243687215, 'kuujjuaq_a_2': 13.829550218940016, 'parent': 5.90068995567465, 'akulivik_a_3': 14.363779535481829}",5.780245299,
1998-07-01 13:00,"{'nemiscau_a': 2.7564836830484687, '8997': 0.23766577463985428, '10084': 2.5641125290082023, 'trois_rivieres_2': 15.492073349119103, 'st_henri': 11.910125130850876, '7844': 0.046401512464033345, 'natashquan_a_2': 5.128303314350163, 'roguemaure': 5.569825277273537, 'ile_biquette': 11.184026917554103, 'cap_madeleine': 1.976303816428505, '3921': 2.8996569980713893, 'la_grande_IVa_2': 3.7610402773852485, '10804': 0.26513025295495574, 'wemindji_a2': 1.7225694915548821, '7870': 2.600415143196143, 'barrage_temiscamingue': 3.4023450822670185, '4055': 9.3842363851941, '3923': 7.139180133375557, '4111': 3.536150247003171, 'parent': 11.968222188926523, '10918': 1.0073679191198366, 'bonnard_1': 6.1601008878056405, 'iles_de_la_madeleine_a_2': 8.937006967311067, '4337': 0.13173101792256858, 'umiujaq_a2': 6.926099903111165, 'inujivik_2': 11.653882688892136, 'schefferville_a3': 3.848891005152005, 'kuujjuaq_a_2': 3.6448733761622982, 'lourdes_de_blanc_sablon_a_2': 17.808349974957626, 'chibougamau_chapais_a_5': 8.04932236983864, '10197': 3.5614251306060254, 'inukjuak_a_2': 2.2868805858059247, '7633': 3.4139257436876065, 'quaqtaq_a': 3.52787589400171}",5.42652944,
1999-07-01 13:00,"{'4209': 0.19798280448903682, 'deschambault': 7.098401699168207, 'iles_de_la_madeleine': 10.998497991861807, '7868': 1.1016452666008476, '5126': 3.7801535595382223, 'la_grande_riviere_a': 10.209227746235413, '3923': 8.531062407029864, 'sept_iles_a': 3.6411410355909535, 'la_grande_IVa_2': 3.4099830413457113, '4111': 10.93789849376365, 'chamouchouane': 12.877353260645567, 'chevery': 7.899672069557685, 'val_dor_a3': 4.457446433808377, '10804': 3.5547075966674626, 'inukjuak_a_2': 3.9262707586766012, 'cap_d_espoir': 3.5013048522588335, '10244': 0.1600464124885086, 'mont_joli_a_2': 2.7191822271189494, 'gatineau_a': 2.778411899596847, '4003': 5.7588321554440185, '10084': 18.237735831265468, '4055': 0.0280213171713406, 'quaqtaq_a': 2.6793504010749594, 'lac_benoit': 15.12571619014781, 'schefferville_a3': 21.464969718396883, 'nemiscau_a': 7.1806290472589485, 'lac_eon': 1.243551492706457, '4201': 6.755001875067245, '10197': 0.8749178516079326, 'lourdes_de_blanc_sablon_a_2': 18.684936178492023, 'kuujjuaq_a_2': 11.774701645701114, 'inujivik_2': 1.6036981727205166}",6.662264107,
2000-07-01 13:00,"{'l_assomption': 0.8162939083494241, 'matagami': 4.337754874483581, '4538': 10.916976631326893, 'parent': 10.018158577509343, 'ile_aux_grues': 18.364335664348374, '3953': 5.5523509609423805, '5126': 11.97434424890605, '4157': 3.210181535487365, 'inujivik_2': 4.995901616492695, 'port_menier_3': 4.665010425596176, 'la_grande_IVa_2': 6.476582396596452, 'chibougamau_chapais_a_3': 0.024978998480973402, '4589': 1.095648404605086, 'schefferville_a3': 11.138268976589197, '4093': 2.55126041522033, 'lourdes_de_blanc_sablon_a_2': 4.106472293086265, 'kuujuarapik_a': 8.752474672475612, 'cape_whittle': 0.05093006082541862, '10804': 0.6571632451125691, 'barrage_temiscamingue': 8.553966701308255, 'quaqtaq_a': 3.7160187905554753, '3920': 6.980116018543228, 'onatchiway': 6.4360075418841, 'maniwaki_airport': 3.112764194082935, 'amqui': 8.646958031287443, 'iles_de_la_madeleine': 10.341941425091182, '7593': 7.5304365833215705, 'lac_benoit': 2.101126670110947, 'inukjuak_a_2': 3.960000422122537, '10197': 5.4780625971558266, 'kuujjuaq_a_2': 3.7849172758444443, 'lac_eon': 6.172889289280935}",5.82875917,
2001-07-01 13:00,"{'30578': 10.766541146441725, 'baie_comeau': 2.773859438927424, 'chapais': 17.718758303218156, '4209': 9.07206505140546, '4841': 7.637127596459777, 'bonnard_1': 0.47067583110420586, 'ile_dorleans': 0.616130499246335, 'frelighsburg': 15.050946717769197, 'umiujaq_a2': 7.294426491757427, 'iles_de_la_madeleine': 19.54957048805555, 'kangiqsaulujjuaq_a_3': 0.8905760688442044, '9006': 11.704612288436248, 'rouyn': 9.917059925899672, 'inukjuak_a_2': 1.9661123218174055, '10220': 6.881008040751272, '3960': 2.5891824771126934, '4201': 12.374433249971837, 'tasiujaq_a_2': 2.448649841057687, 'cape_whittle': 8.527354548716673, '4111': 14.271242717012221, 'parent': 2.9623397835674226, '3920': 3.8267067060642397, 'longue_pointe_de_mingan': 8.0246816213048, 'wemindji_a2': 11.7601677892877, '4003': 2.7020310233573426, 'lourdes_de_blanc_sablon_a_2': 1.1048523523509282, 'cap_d_espoir': 12.97367440871301, 'la_grande_IVa_2': 3.204955376958207, '10804': 9.191991483530003, 'onatchiway': 10.171215492535694, 'salluit_a': 1.2095745980992056, 'schefferville_a3': 0.03387123029428096, '10197': 3.4386025956383683, 'akulivik_a_3': 11.937579568259757}",7.207722855,
2002-07-01 13:00,"{'10903': 7.30192568945623, '4201': 10.103661659161434, '5085': 7.930966690803796, 'lourdes_de_blanc_sablon_a_2': 6.614967641630251, '3969': 3.813136964367324, 'nicolet': 5.438703222342545, 'normandin': 6.913189061607957, 'ile_rouge': 10.13029154693183, 'lac_eon': 5.249349585666845, 'kuujjuaq_a_2': 15.292974799481641, 'salluit_a': 8.340234829337412, '9006': 2.1298417237582434, 'pointe_noire_cs': 8.833678469848309, 'cape_whittle': 0.7983400480379927, '4102': 6.179914111966722, 'cap_d_espoir': 0.28906167794765025, '4180': 0.11963971687409547, '4055': 7.1244403406861725, '27531': 3.070909437470421, 'manouane_est': 7.568546392701238, 'la_grande_riviere_a': 22.26473681877427, '10197': 19.330208364778805, 'nemiscau_a': 0.14457657122028067, 'iles_de_la_madeleine': 7.030540036157017, '7633': 0.4526710602442723, 'inukjuak_a_2': 22.48902389823497, 'matagami': 0.10221644029402732, 'schefferville_a3': 7.076200544232028, 'la_grande_IVa_2': 12.916221450200823, '10244': 4.518944522888553, 'umiujaq_a2': 4.061139836053584, '10804': 4.742242033618313, 'akulivik_a_3': 22.862207623208324, 'maniwaki_airport': 1.6031315427008437}",7.436406893,
2003-07-01 13:00,"{'4102': 0.11359663610053694, 'maniwaki_airport': 6.115682364483243, '31367': 5.280950345745415, 'waskaganish_a_3': 10.686995762810511, 'bagotville_a': 4.297254855779329, '3953': 2.2040757456809423, '4055': 6.1320016747569746, 'iles_de_la_madeleine_a_2': 1.4647165310650685, 'ile_aux_perroquets': 10.462270659058145, '4209': 6.336009644748973, 'mont_orford': 1.9993408849472356, 'kangirsuk_a_3': 10.827463027725322, 'rouyn': 5.21540928102735, '9006': 6.777676664243691, 'baie_comeau': 7.797582528830137, 'chibougamau_chapais_a_5': 9.698627674268444, '4157': 4.403137673925718, 'inujivik_2': 23.36361150981417, '3921': 4.467312586746505, 'la_grande_IVa_2': 6.890452501305955, 'cap_d_espoir': 8.41559713870424, 'schefferville_a3': 12.076560257263964, 'manouane_est': 7.361968608240733, 'kangiqsujuag_a_2': 5.924620407349142, 'inukjuak_a_2': 5.373792587170811, '10903': 5.441228518904747, 'umiujaq_a2': 1.0212155951422837, '4201': 0.7180953884922374, 'chevery': 6.50696071588602, 'lourdes_de_blanc_sablon_a_2': 14.71138424554046, '4003': 7.220686499413237, 'kuujjuaq_a_2': 6.382769582670324, 'la_grande_riviere_a': 5.446177657865034, '10804': 9.956057674919645}",6.796802454,
2004-07-01 13:00,"{'akulivik_a_3': 6.675313813451753, 'ile_aux_grues': 7.192535008335749, '30435': 4.471120957803681, '9032': 7.240393741412515, '27531': 2.9148587289275163, '4932': 11.46546761995773, '4352': 4.1442024649091636, 'cap_d_espoir': 10.323945721095155, 'chamouchouane': 6.9912560656749, 'lac_benoit': 12.179668927893992, 'cape_whittle': 5.224097976406918, '7925': 6.659473841947735, 'l_acadie': 4.408635002301132, 'rouyn': 2.8603637446488754, '4102': 7.883689038681904, 'baie_comeau_a_2': 4.991418964528064, '3960': 5.458022621406297, 'nemiscau_a': 7.407787375544521, 'wemindji_a2': 4.918543187558402, '10804': 5.012448752300495, 'quaqtaq_a': 6.8169461452926114, 'longue_pointe_de_mingan': 4.779320010682003, '3920': 6.708986983580099, '10220': 7.220533050290438, 'iles_de_la_madeleine_a_2': 3.364481076689449, '10197': 7.079299733832853, '4003': 5.029567463826552, 'kuujjuaq_a_2': 3.967637454694417, 'salluit_a': 11.69949127772622, '42123': 2.883857120703544, 'kuujuarapik_a': 0.9298250451328549, 'lourdes_de_blanc_sablon_a_2': 1.8096091011094284, 'inukjuak_a_2': 11.335510890614898, 'schefferville_a3': 8.483709322353983}",6.192118183,
2005-07-01 13:00,"{'32008': 6.09713741788833, 'la_tuque': 9.256523507941083, 'schefferville_a3': 13.465314113823496, '30266': 1.1587349602192916, 'bonnard_1': 7.964512255497986, '4295': 0.5638886295311387, '9004': 25.965308520495036, 'lac_eon': 10.358672515844184, '3969': 7.811757755092305, '10918': 2.4513935777849554, 'howick': 5.374645721684821, 'heath_point': 12.260521044790536, 'kangiqsujuag_a_2': 3.0963268244919178, 'pointe_claveau': 2.1560571426488977, 'val_dor_a3': 1.6853599220214193, 'chibougamau_chapais_a_3': 0.593420328374183, 'sept_iles_a': 1.680030596503034, '7633': 3.7616685530505904, 'kuujuarapik_a': 8.513796349406512, 'waskaganish_a_3': 22.456998747377586, 'gaspe_a_2': 3.6422568086203526, 'kuujjuaq_a_2': 0.1966416577657668, 'lourdes_de_blanc_sablon_a_2': 2.160626413563527, '10197': 2.593070670770171, 'inukjuak_a_2': 13.256291354506345, '4093': 10.54345993809298, 'chevery': 1.018160850377921, '4180': 5.499816088428723, '10244': 9.604432674241025, '10804': 2.334415190800609, 'maniwaki_airport': 0.5876345378319456, 'la_grande_IVa': 16.10762867555089, 'salluit_a': 21.3022772108839, 'akulivik_a_3': 10.76332759002165, '4055': 8.020585739738358, '4201': 7.6951878658632324, 'beauceville': 2.4750214515589946}",7.147916303,
2006-07-01 13:00,"{'lac_eon': 14.353485777570093, 'mont_joli_a_2': 4.110803250607546, 'st_gedeon': 20.846286655197726, '32008': 12.592835878211115, 'maniwaki_airport': 9.273281203054108, '44183': 3.8860821713589146, 'la_grande_IVa': 3.4647636614817543, 'saint_celestin': 9.149236088889467, '29368': 6.97355117440198, 'cap_d_espoir': 4.874966277401928, '10804': 1.100825058299442, 'chapais': 12.219472165263458, 'kuujjuaq_a_2': 0.43654480297745835, '3920': 8.560119393079454, 'lourdes_de_blanc_sablon_a_2': 7.118028984904051, '30240': 0.32223890806238487, 'rouyn_a': 11.639445928086634, '7593': 13.74163677390024, 'inujivik_2': 13.484160027856856, '10903': 4.932929045114918, '7633': 2.226544471079489, 'schefferville_a3': 2.415148756484246, '4111': 7.31663271622773, 'sept_iles': 4.08968769347857, 'iles_de_la_madeleine_a_2': 1.9542150164277068, 'chevery': 1.5988885584465464, 'la_grande_riviere_a': 10.037513038142343, '42123': 4.718304808799491, 'riviere_au_feuilles': 2.950227765911329, 'parent': 6.1777592822378935, '10197': 2.74113138065222, '30266': 0.6293349485283137, 'bonnard_1': 9.008863572482106, 'quaqtaq_a': 0.47253799427114274, 'inukjuak_a_2': 0.6596895828771565}",6.287919223,
2007-07-01 13:00,"{'inujivik_2': 15.124634543117159, 'jonquiere': 0.5991758311136923, 'waskaganish_a_3': 3.883583320382721, '3923': 0.9274461577802757, 'parent': 1.8914841547451804, '7633': 5.35604601218758, '7844': 2.08380497725404, '7870': 0.47465612922214717, 'bonnard_1': 3.2562266275872727, 'ste_clotilde': 0.3704236099995768, 'sept_iles': 9.966559396209858, 'rouyn_a': 2.1153172926264716, '44483': 3.157398275073252, 'kuujuarapik_a': 3.363385296530133, 'iles_de_la_madeleine': 8.469822179609539, '10197': 4.14270254896053, 'kangirsuk_a_3': 6.60454301925248, '7593': 2.590589222993801, '3920': 2.9854688641331624, '4352': 0.2428296402780763, '4132': 1.8353583148708683, 'gaspe_a_2': 1.550421236207299, 'chevery': 3.780550407720188, '4093': 3.482776767534183, 'schefferville_a3': 2.189231126001694, 'riviere_au_feuilles': 9.359391601567964, '4716': 9.211562437516672, 'deschambault': 5.0997657886983525, 'kuujjuaq_a_2': 5.2981129519985934, 'mont_joli_a_2': 9.303012622713874, 'lac_eon': 0.10771030877331, 'la_grande_IVa': 2.0529518596744225, 'lourdes_de_blanc_sablon_a_2': 4.8889992333487875, 'inukjuak_a_2': 9.098519054983004, '10220': 7.1380286353154165, 'chibougamau_chapais_a_3': 1.8485853432775539}",4.273640966,
2008-07-01 13:00,"{'4055': 6.665601225513914, '7582': 0.19820585442102256, 'l_acadie': 4.907655475370168, '7925': 7.108665041437032, '4932': 6.455180288082044, '4352': 0.2782384401229656, 'ile_rouge': 4.50350112540843, 'nemiscau_a': 2.3569165999790123, '27531': 1.9025419167216313, 'lac_benoit': 8.731018952733484, 'ile_aux_perroquets': 3.5622722440247614, '10804': 1.8813260014984117, '4180': 0.16277261180735714, '3969': 1.7163890518119107, '3987': 6.853689229409836, '45088': 5.971568660963971, '45447': 0.01898191272593941, 'la_grande_riviere_a': 3.536977745698124, '10244': 8.523247010712575, 'inujivik_2': 27.026469994992276, 'apaluk_a_2': 2.1979462142878745, 'chevery': 6.606207149526455, 'normandin': 3.6678197254271723, 'inukjuak_a_2': 13.837975266000736, 'chapais': 0.285780469137352, '30266': 4.223665912771196, 'cap_chat': 10.713460652205214, 'beauceville': 4.028664822707103, 'val_dor_a3': 5.1314702746325604, 'lourdes_de_blanc_sablon_a_2': 3.4536822162329486, 'la_grande_IVa': 3.643946769382758, 'schefferville_a3': 0.5511538641301286, 'iles_de_la_madeleine_a_2': 7.569192301856958, '42123': 6.845804378799505, 'riviere_au_feuilles': 5.80032096052976, '7633': 1.9281386453777767, 'umiujaq_a2': 3.40055839857963}",5.033702903,
2009-07-01 13:00,"{'l_assomption': 4.458544713931861, 'lourdes_de_blanc_sablon_a_2': 4.392302668199015, 'normandin': 6.0277042326338055, 'rouyn': 4.774719546787923, 'amqui': 6.631653385679764, '4157': 5.013613559660996, '29906': 3.9833459659821653, 'iles_de_la_madeleine_a_2': 20.77376332166093, 'la_pocatiere': 0.57766543600078, '43910': 2.888678727749914, '4061': 8.374790778390155, 'la_grande_riviere_a': 9.077811266545488, '45088': 1.8777718438579178, '8997': 10.923979011481794, '9006': 4.946025713097615, 'salluit_a': 3.3585666559929646, 'maniwaki_airport': 4.668369338016632, 'havre_st_pierre_a_2': 0.5698008572989597, '10197': 7.13351150410487, '10903': 7.78123612725296, 'inukjuak_2': 28.202131594687145, 'cap_d_espoir': 2.717400808151467, 'kuujjuaq_a_2': 2.404611893264571, 'cape_whittle': 5.2112607693383985, 'schefferville_a3': 0.17748411154295596, '4099': 8.421744361864906, 'lac_benoit': 4.264105350214551, '42123': 5.20716932201926, 'pointe_noire_cs': 2.999237464700588, 'kangiqsujuag_a_2': 5.897093840003123, 'nemiscau_a': 7.116728028399596, '3960': 3.1759775077640526, '3987': 2.796942105431082, 'kangirsuk_a_3': 4.193546387688233, 'riviere_au_feuilles': 14.157621916581688, 'chapais': 7.751709980444382, 'la_grande_IV': 4.2329027193291004, '10804': 3.6087473527848744}",6.072901847,
2010-07-01 13:00,"{'10899': 10.429233903814556, 'iles_de_la_madeleine': 2.1206450109554424, 'kuujuarapik_a': 5.022606738583182, '3987': 5.6408518569083625, '30435': 2.4938268094298977, 'l_etape': 13.823018464190447, '9032': 8.327915359444841, 'chibougamau_chapais_a_3': 3.8806935021682776, 'longue_pointe_de_mingan': 8.533591048976259, '4337': 4.109243252907618, 'mont_joli_a_2': 16.389337492178264, 'val_dor': 4.207209194891867, '4932': 9.144006794180466, '4061': 10.086771080383109, '4201': 3.349677934981628, '4102': 0.4333943093232193, '3969': 13.3905078348414, 'schefferville': 1.3438946122850517, '10197': 2.4818260103163716, 'riviere_au_feuilles': 8.36967573324944, 'frelighsburg': 1.2495822914166723, 'parc_national_des_pingualuit': 4.709298126172737, 'kangirsuk_a_3': 1.3136517681854336, 'parent': 6.825762971482565, 'kuujjuaq_a_2': 1.4446158300163958, 'nemiscau_a': 4.682562664994084, 'inukjuak_a_2': 4.673789777191256, '43910': 0.4330013444073728, '9004': 11.383153626965633, '45088': 8.757557392970064, 'cap_d_espoir': 3.772261354688247, 'lourdes_de_blanc_sablon_a_2': 8.75057382364836, 'la_grande_IV': 6.696262382665136, 'chevery': 2.84031804703638, 'inujivik_2': 5.155048839492814, '42123': 4.473164179279838, '7925': 5.738690781698033, '10804': 2.8150065386296106}",5.770848123,
2011-07-01 13:00,"{'47527': 5.357302948714532, 'ste_clotilde': 5.372074601408194, 'onatchiway': 1.7759503101058627, 'waskaganish_a_3': 1.327300216168414, 'chapais': 6.784782238659522, 'deschambault': 4.737692476575852, 'schefferville': 1.4565969003216228, '30264': 7.120548013421107, 'amqui': 5.997494082863875, '30435': 8.390324127608084, '29516': 0.4253816981149665, 'iles_de_la_madeleine': 12.569170268754405, '10918': 10.374006329764633, '10244': 2.113621085514133, '32473': 5.467391967428616, 'havre_st_pierre_a': 1.2937183240341028, 'cape_whittle': 23.284935654156683, 'quaqtaq_a': 2.3691195392402964, '45088': 3.0550062508993605, 'kuujuarapik_a': 5.531380203023772, 'salluit_a': 6.138147563839336, 'la_grande_IV': 4.901402423633934, 'riviere_au_feuilles': 5.645898071927469, 'lourdes_de_blanc_sablon_a_2': 19.381695243723627, 'kuujjuaq_a_2': 2.6969511555407273, '3969': 0.9734452347859648, 'manouane_est': 1.421689989709888, '48788': 8.258069153960891, 'akulivik_a_3': 18.829236889078288, 'cap_d_espoir': 5.605355103956763, 'pointe_noire_cs': 2.1838931299340647, 'parent': 5.290012357882805, '44283': 6.09620709979583, '10899': 7.609065208659816, '7925': 1.7207410844270346, '10197': 6.686179527437641, '3987': 0.8713523303628143, 'inukjuak_a': 21.157733068091776, '10804': 6.6937952691274525, 'matagami': 4.907710055744712}",6.29680943,
2012-07-01 13:00,"{'7868': 11.828948232575259, 'lemieux': 5.7334777199561415, '50132': 8.083835615321593, 'iles_de_la_madeleine_a_2': 21.193573814839226, '48373': 1.5672661452433445, 'ile_aux_perroquets': 4.758767639110022, '10197': 2.839360991902506, 'eastmain': 4.218294670036924, 'barrage_temiscamingue': 9.491874720604862, '3921': 13.188318191003006, 'riviere_au_feuilles': 8.644978390906635, 'baie_comeau': 0.9453184631694249, 'kuujuarapik_a': 8.328913586003374, 'matagami_a': 1.42011668938998, '10918': 2.785961266002161, 'onatchiway': 6.707491171083296, '45088': 9.525951909919298, 'chapais': 9.00403732697814, 'chevery': 9.354601112930148, 'parc_national_des_pingualuit': 3.2610444705168575, 'la_grande_IVa': 4.276576576886031, '49568': 8.595473921490035, '48869': 9.391999417192595, '30435': 2.450577983818178, 'schefferville_a2': 7.533518095012877, 'lourdes_de_blanc_sablon_a_2': 6.508870958080564, 'bonnard_1': 9.084367633704936, 'inukjuak_a_2': 1.7757029078995306, 'kuujjuaq_a_2': 6.5160964258354, '50092': 2.739711900961911, '45607': 1.80985358356123, 'akulivik_a_3': 2.1982310639063236, 'parent': 3.925011917059484, 'cap_d_espoir': 6.8789974648954555, 'kangirsuk_a_3': 2.442990914252732, '7925': 0.9077878237082757}",6.108830575,
2013-07-01 13:00,"{'lac_st_pierre': 0.8423427518749733, '50857': 6.0979796313433585, '51219': 16.44250946833344, 'manouane_est': 8.29871043400433, 'inukjuak_a': 8.953117642535474, '50839': 3.5010646574687385, 'tasiujaq_a_2': 10.56186426123702, 'cap_d_espoir': 2.231294057559982, '7582': 10.08950098755172, '27529': 4.714237274470598, 'normandin': 3.162600640111272, 'rouyn': 1.6317314388886306, '47267': 12.472700220101304, '4057': 10.745461705812708, '48373': 9.925319552829958, 'waskaganish_a_3': 3.649698308073223, 'kuujuarapik_a': 5.3178490862148635, '10244': 8.785894904079983, 'sept_iles_a': 4.8350051934315275, 'ile_aux_grues': 0.03700650405433592, 'heath_point': 13.876173950200066, '46507': 5.171689413378573, '50723': 2.1108027219992422, 'pointe_au_pere_inrs': 2.041874174159773, '52419': 6.81762886389428, '48788': 3.679179529495567, 'chevery': 3.3137730738724436, 'kangiqsujuag_a_2': 4.238528218585447, 'la_grande_IIIa': 5.797239768196622, '7633': 9.551489574627142, 'schefferville_a2': 11.23251213899102, 'lac_eon': 7.018871532177911, 'inujivik_2': 27.52882302581921, 'maniwaki_airport': 11.190071999848072, 'lourdes_de_blanc_sablon_a_2': 0.2618140575351049, 'chapais': 8.674591596262754}",7.077804232,
2014-07-01 13:00,"{'lourdes_de_blanc_sablon_a_2': 0.07168507312067618, '49389': 4.025681967214641, 'havre_st_pierre_a': 7.512106996826738, 'maniwaki_airport': 5.782355838977015, 'pointe_des_monts': 7.537186632333039, '4102': 5.903229236403156, 'normandin': 3.9674452362183388, '43763': 5.464285072977269, 'bonnard_1': 0.40869085818846074, '50248': 6.077043748577719, 'iles_de_la_madeleine': 1.3630725215228736, 'chapais': 13.391843052080525, 'la_grande_IIIa': 7.124925451691123, 'lennoxville': 4.396651404650669, 'ile_rouge': 7.976846597158776, '7844': 0.11776429053406545, 'waskaganish_a': 1.5470827861655714, 'schefferville': 3.655120853292729, 'barrage_temiscamingue': 2.9524755125105173, '50460': 3.6697327952939, 'matagami_a': 1.5529547177333853, '8997': 4.593070547884793, 'kuujuarapik_a_2': 13.257289524609767, '10197': 2.7173224878176896, 'puvirnituq_a2': 32.41553759138792, '3987': 2.7717168341381146, 'cap_d_espoir': 2.516762254872635, '52118': 17.65762166087014, 'chevery': 11.444388879590818, '50723': 8.243594686321803, 'riviere_au_feuilles': 0.3405892911189383, 'parc_national_des_pingualuit': 23.668403797002828, '10244': 8.363079227530868, '7633': 3.7498287881072443, 'kuujjuaq_a': 7.28981544230685, '50857': 1.6623266203307274, '46507': 1.7364404121077754}",6.403404559,
2015-07-01 13:00,"{'52498': 0.8922419635471233, 'la_grande_riviere_a_2': 6.958114956532976, '3987': 14.095857747324605, '52419': 6.108523109124073, '50132': 1.3381042616625827, '47547': 4.871312049291179, '50857': 6.470484208224484, 'val_dor_a2': 3.848044117020061, '30578': 9.978058380308225, 'iles_de_la_madeleine_a': 5.835427927164265, 'lac_memphremagog': 6.309243365794035, 'bagotville_a': 15.578401060107298, '7633': 5.86478075606122, 'cap_d_espoir': 1.4330188989353108, '52918': 2.6106732408602156, '9006': 2.3645647899314692, 'pointe_des_monts': 6.683929754888153, '8997': 0.6038889513273311, 'cape_whittle': 1.4095152160170148, '52878': 2.050676925247485, 'parent': 14.402760143548726, 'schefferville': 3.54037138975759, 'tasiujaq_a_2': 6.193230972208344, 'chapais': 9.44508672518464, 'lac_benoit': 12.832586707161873, 'nemiscau_a': 1.7071200772281045, '51958': 3.831010193661614, '30723': 4.8901910824633745, 'inujivik_2': 3.806059713241723, 'la_grande_IV': 2.787798662913133, 'umiujaq_a2': 6.466814040124092, 'longue_pointe_de_mingan': 6.680402136045483, '51237': 2.2445104056478407, '50723': 1.1426596496139148, 'inukjuak_2': 15.054589309222631, 'kangiqsujuag_a_2': 5.7879931990845535, '42123': 2.2316889758481384, '53579': 8.792908596349758, 'lourdes_de_blanc_sablon_a_3': 1.6103921780281762, '46507': 10.559564026738663, 'kangiqsaulujjuaq_a_3': 0.4354089436261539}",5.603609971,
2016-07-01 13:00,"{'iles_de_la_madeleine': 3.177895854529856, '46507': 1.585113294386037, 'pointe_claveau': 9.984391077949631, 'maniwaki_airport': 1.2491997469143516, 'trois_rivieres': 0.13494458686378863, 'riviere_au_feuilles': 8.93481201750466, '50093': 7.287356762412571, '50840': 3.105881937298456, '48649': 0.8381065868998387, 'cap_d_espoir': 1.7897272003217513, 'kuujjuaq_a': 3.8853393280207893, '50857': 2.469032302556073, '53603': 0.4944784131765658, '10197': 6.490713648389333, 'val_dor_a2': 9.04525987178715, '27865': 1.334092102298671, '50478': 4.9048754391364895, 'cape_whittle': 4.009982248114753, '44283': 16.132521249895376, '7633': 2.94104593361482, '42123': 2.9947175231439473, 'parc_national_des_pingualuit': 15.351764910574932, 'schefferville': 10.581543250932814, 'puvirnituq_a': 16.81963525523898, 'kuujuarapik': 3.5347407083730378, 'manouane_est': 6.974386584164732, 'lourdes_de_blanc_sablon_a_3': 12.109383008846407, 'amqui': 10.62315556166976, 'la_grande_IV': 5.484242126445322, 'wemindji_a': 5.903256681928472, '49848': 8.286845627541275, 'lac_eon': 8.519237659588228, 'sept_iles': 3.5360984173562233, 'chibougamau_chapais_a': 12.082064081920127, 'parent': 8.25773922806722, '52918': 3.8548518275945973, '52898': 5.81503224979874, '50723': 7.1692483056858105}",6.255071384,
2017-07-01 13:00,"{'49908': 13.041729586739546, '50248': 4.547969658693029, 'lourdes_de_blanc_sablon_a_3': 7.3052983428939875, '52918': 2.8660490004511594, '43104': 10.171814684829693, 'lac_megantic': 8.228108541549103, 'baie_comeau_2': 9.909290788094157, '48368': 0.6920784747253901, 'la_grande_riviere_a_2': 15.004625366921196, 'rouyn': 3.4814090481607387, '30266': 3.0407706144277498, 'havre_st_pierre_a': 6.336183774309047, 'montreal_mirabel_intl_a': 10.315627392583416, '50722': 4.136149498261034, 'la_tuque': 2.3966245488441142, '8997': 9.83748792313354, '50478': 4.225195551833476, 'iles_de_la_madeleine': 6.715975360931061, 'bonnard_1': 11.557514778862723, '50092': 9.981092915454537, 'chapais': 5.061354319504074, '42123': 2.223354958625393, 'kuujjuaq_a': 5.454503176590897, 'la_pocatiere': 7.023547445128552, 'inukjuak_a': 15.867571373978826, 'new_carlisle_1': 1.1913510219607542, 'la_grande_4a': 8.381718849509934, 'schefferville_a2': 3.7860512131602704, '10220': 1.8427104270986554, '10197': 1.2060087218486633, 'parc_national_des_pingualuit': 1.7305958431981168, 'cape_whittle': 2.092739437766852, '47267': 1.7090855727271048, '30435': 4.689561812544255, 'riviere_au_feuilles': 0.3147911533429184}",5.896169748,
2018-07-01 13:00,"{'manouane_est': 2.4141340059279273, 'cape_whittle': 1.4440428664793181, '7870': 9.52286969587629, 'iles_de_la_madeleine_a_3': 11.569568473918483, 'rouyn_noranda_a': 0.17838379820747186, '51219': 4.958552153178523, '7844': 1.1256073357097147, 'shawnigan': 5.627112204270784, 'mont_joli': 0.33462279455703126, 'gaspe_a_3': 4.065077687638915, '50857': 5.965919766103681, 'ottawa_gatineau_a_2': 2.09987524181747, 'kuujjuaq_a': 1.8103709699382051, '50092': 3.610063837344887, 'lourdes_de_blanc_sablon_a': 0.5274518686005472, '7633': 5.078676064212022, '42123': 9.26951964905753, '52318': 10.668817746025878, '50248': 8.69287859671611, '52838': 7.460593498155118, '4057': 8.764249646120623, '53519': 9.08912498005288, '46507': 12.124201305173518, 'lac_eon': 7.25523737241565, '50478': 3.6281994326808533, '50723': 2.1712284989476736, 'schefferville_a2': 2.1898575651252834, 'kuujuarapik_a_2': 4.629698323177866, 'laterriere': 0.95551062512836, 'inukjuak_a': 8.59783424242349, 'sept_iles_a_2': 0.22881691937244852, 'parc_national_des_pingualuit': 0.04876523442002778, 'chibougamau_chapais_a_4': 2.081848999409793, 'la_grande_IV': 0.3396402412285049, 'riviere_au_feuilles': 8.913434592529363, 'parent': 6.8574822297957105, 'wemindji_a': 2.999787111200842, '52898': 8.25802315829628}",4.883081019,6.680667297
