1956-07-01 13:00,"{'3960': 2.498999999999981, '4180': 1.622000000000007, '4132': 1.2890000000000192, 'montreal_st_hubert_a': 7.175000000000011, 'nitchequon': 0.8600000000000048, '4477': 1.747000000000007, 'bagotville_a': 0.5570000000000128, 'schefferville_a3': 3.6759999999999966, '4029': 2.4799999999999827, '4168': 6.066999999999993, 'mont_joli_a_2': 1.1299999999999812, 'kuujjuaq_a_2': 10.116999999999996, 'lake_eon': 1.9739999999999807, '4055': 3.1219999999999892, '3914': 9.540999999999993, 'val_dor_a3': 2.1990000000000087, 'maniwaki_airport_ua': 2.816000000000006, 'inukjuak_ua': 2.6879999999999953, 'sept_iles_a': 0.5169999999999995, '4716': 7.54600000000001, 'grindstone_island': 1.426000000000009}",3.383238095,
1957-07-01 13:00,"{'montreal_pierre_trudeau_intl_a': 4.789000000000003, 'nitchequon': 3.981, 'kuujuarapik_a': 7.830000000000014, '3987': 3.2379999999999995, '4201': 0.32099999999998374, '5126': 6.346000000000007, 'quebec_jean_lesage_intl_a': 4.6960000000000015, '4538': 2.6720000000000113, 'mont_joli_a_2': 1.4410000000000043, '4716': 4.303000000000001, '3969': 3.5809999999999853, 'sept_iles_a': 2.38900000000001, 'grindstone_island': 4.545999999999994, 'inukjuak_ua': 5.246000000000008, 'parent': 3.3030000000000115, '3914': 3.7010000000000005, 'schefferville_a3': 4.246999999999998, '4180': 0.31999999999999673, '4168': 2.8839999999999932, 'lake_eon': 3.5739999999999945, 'val_dor_a3': 4.531000000000002, '4055': 3.9739999999999824, 'kuujjuaq_a_2': 6.074000000000012}",3.825521739,
1958-07-01 13:00,"{'3960': 1.019000000000009, 'parent': 5.214000000000009, '4209': 3.9020000000000223, '4180': 1.659999999999993, '5085': 6.779000000000011, 'montreal_pierre_trudeau_intl_a': 7.317000000000018, '3987': 0.19100000000000605, '4201': 0.23400000000000531, '3926': 10.373999999999995, 'kuujjuaq_a_2': 8.220999999999993, 'val_dor_a3': 1.6279999999999966, 'sept_iles_a': 1.5460000000000083, 'schefferville_a3': 4.693999999999987, 'lake_eon': 3.2950000000000053, '4055': 1.904000000000007, 'inukjuak_ua': 0.506000000000002, '4716': 7.608000000000018, 'mont_joli_a_2': 0.08300000000001262, 'bagotville_a': 3.202999999999996, 'kuujuarapik_a': 8.386999999999993, '4168': 2.269000000000009, '3914': 1.6350000000000016, 'nitchequon': 1.4880000000000049, '3919': 0.40400000000000347}",3.481708333,
1959-07-01 13:00,"{'3987': 3.6840000000000153, '4201': 0.8069999999999933, 'montreal_st_hubert_a': 0.26299999999999457, 'mont_joli_a_2': 2.8250000000000135, 'bagotville_a': 1.4109999999999765, 'kuujuarapik_a': 5.001000000000001, '4209': 6.450999999999993, '5097': 5.365999999999996, '4180': 4.95399999999999, '3960': 5.098999999999991, 'kuujjuaq_a_2': 4.5710000000000015, '4055': 0.7719999999999985, 'lake_eon': 4.606000000000005, '4716': 9.239000000000008, '4168': 0.4479999999999933, '3926': 5.657, 'sept_iles_a': 5.143999999999991, 'val_dor_a3': 2.4859999999999793, '3919': 1.8080000000000194, 'parent': 0.029999999999997584, '3914': 0.05699999999999861, 'nitchequon': 0.3070000000000057, 'maniwaki_airport_ua': 0.06300000000000239, 'inukjuak_ua': 11.882999999999997, 'schefferville_a3': 0.6280000000000037}",3.3424,
1960-07-01 13:00,"{'inukjuak_ua': 0.13899999999999935, '4716': 0.8649999999999878, 'rouyn_a': 0.9150000000000134, '5043': 3.8590000000000053, '3926': 3.712000000000007, '4157': 1.6059999999999874, 'schefferville_a3': 4.936000000000005, '4132': 1.7389999999999972, '3987': 1.5970000000000049, 'bagotville_a': 0.9000000000000004, 'kuujjuaq_a_2': 5.070999999999994, 'montreal_pierre_trudeau_intl_a': 2.5230000000000246, 'baie_comeau_a_2': 2.3869999999999685, '4055': 2.4829999999999828, '4538': 0.9560000000000137, '4168': 1.9710000000000036, 'nitchequon': 0.867000000000008, 'kuujuarapik_a': 0.9380000000000006, 'lake_eon': 0.045000000000007034, '3919': 0.787999999999986, '3969': 0.28399999999999537, '3914': 1.8429999999999929}",1.837454545,
1961-07-01 13:00,"{'baie_comeau_a_2': 0.03999999999999204, '4055': 2.858000000000022, '4209': 1.7779999999999987, 'schefferville_a3': 4.864999999999993, '5097': 0.505999999999986, 'kuujjuaq_a_2': 3.8600000000000003, 'rouyn_a': 2.29000000000001, 'montreal_pierre_trudeau_intl_a': 2.5059999999999896, '4157': 6.065000000000008, 'lake_eon': 3.5839999999999854, '4201': 0.46999999999998465, '3969': 3.4569999999999794, '3987': 7.303999999999984, 'bagotville_a': 2.120000000000024, '4716': 10.196999999999996, '4168': 3.4530000000000047, '3919': 2.7509999999999835, '3926': 5.404000000000002, 'inukjuak_ua': 1.6300000000000043, 'nitchequon': 1.6510000000000078, '3914': 6.341999999999974, 'kuujuarapik_a': 6.993999999999989, 'port_menier_2': 1.054999999999998}",3.529565217,
1962-07-01 13:00,"{'3919': 0.3479999999999954, '4692': 2.860000000000017, '5043': 3.360000000000003, 'quebec_jean_lesage_intl_a': 1.9779999999999909, 'manicouagan_a': 3.5150000000000077, '4716': 0.3069999999999986, '3926': 0.36599999999999433, 'nitchequon': 10.027, 'lake_eon': 8.682000000000002, 'inukjuak_ua': 5.380999999999993, 'montreal_pierre_trudeau_intl_a': 3.6000000000000156, 'val_dor_a3': 3.4939999999999998, 'mont_joli_a_2': 2.0999999999999908, '4209': 0.7769999999999868, 'kuujjuaq_a_2': 2.5760000000000005, '3969': 4.035999999999987, '4055': 2.122999999999994, '3987': 1.9979999999999727, '4168': 5.233000000000011, 'schefferville_a3': 6.264000000000005, '3914': 2.582999999999984, 'kuujuarapik_a': 7.662999999999995, '4180': 0.8009999999999842, '4201': 0.13500000000001577, 'port_menier_2': 2.3009999999999966}",3.30032,
1963-07-01 13:00,"{'4093': 0.5710000000000086, '5126': 3.234000000000023, '4716': 2.4290000000000056, '4168': 11.492000000000012, 'schefferville_a3': 3.5920000000000005, 'bagotville_a': 3.7070000000000007, '4029': 0.8750000000000107, '3969': 4.668000000000003, 'chapais_2': 2.826000000000004, 'sherbrooke_a': 2.855000000000004, '4802': 0.5480000000000018, '4145': 0.6650000000000063, 'sept_iles_a': 0.30199999999999605, 'nitchequon': 0.3829999999999991, '3914': 5.072999999999993, '4055': 0.791000000000011, 'maniwaki_airport_ua': 3.693999999999992, 'kuujjuaq_a_2': 7.874999999999986, '3926': 1.5399999999999778, 'lake_eon': 4.861000000000018, '3919': 1.8489999999999895, 'mont_joli_a_2': 5.224000000000007, 'inukjuak_ua': 3.9339999999999833, '4157': 7.235000000000024, 'kuujuarapik_a': 0.5910000000000295}",3.23256,
1964-07-01 13:00,"{'3919': 1.3810000000000038, '5051': 4.630000000000024, 'kuujuarapik_a': 8.453999999999986, '4132': 3.4740000000000038, '4093': 1.2450000000000152, '3914': 2.5010000000000083, 'manicouagan_a': 1.3709999999999987, '4180': 2.0129999999999946, 'quebec_jean_lesage_intl_a': 6.105, 'nitchequon': 0.4280000000000026, 'montreal_st_hubert_a': 4.408000000000001, 'mont_joli_a_2': 2.2049999999999983, '4055': 5.978999999999999, 'maniwaki_airport_ua': 3.085000000000001, 'schefferville_a3': 4.019999999999989, 'kuujjuaq_a_2': 5.416999999999988, '3960': 3.0170000000000066, '4029': 2.0910000000000153, 'lake_eon': 0.6940000000000079, 'inukjuak_ua': 11.183, '4716': 0.21300000000002228, 'chapais_2': 5.676000000000009, '4168': 0.6320000000000192, 'val_dor_a3': 1.7209999999999859, '3926': 4.958000000000002, 'port_menier_2': 4.850999999999978}",3.528923077,
1965-07-01 13:00,"{'5097': 1.7589999999999932, '3919': 0.7530000000000037, 'rouyn_a': 0.29299999999999216, 'montreal_st_hubert_a': 3.124999999999986, '4209': 1.6610000000000085, '4168': 3.026000000000014, 'baie_comeau_a_2': 1.1999999999999922, 'bagotville_a': 0.12500000000001776, 'kuujuarapik_a': 12.209999999999992, '4029': 0.8660000000000032, '4201': 1.090000000000007, 'chapais_2': 4.6499999999999915, 'port_menier_2': 2.236000000000022, '3969': 4.195000000000011, 'nitchequon': 5.057999999999995, 'inukjuak_ua': 4.61099999999999, '3914': 3.48800000000001, 'schefferville_a3': 2.2190000000000065, '4716': 1.0570000000000093, '3926': 12.834000000000007, 'lake_eon': 1.1549999999999905, '4157': 1.257999999999992, 'kuujjuaq_a_2': 1.3079999999999945, 'maniwaki_airport_ua': 0.5130000000000088, 'border_a': 1.6339999999999977, '4055': 2.0350000000000144}",2.859961538,
1966-07-01 13:00,"{'rouyn_a': 0.09800000000000253, '3923': 3.037000000000017, 'kuujuarapik_a': 9.039999999999981, '3987': 1.1719999999999793, '5085': 0.2099999999999902, 'montreal_pierre_trudeau_intl_a': 1.3309999999999995, '3919': 1.7489999999999988, '4055': 4.5129999999999875, 'border_a': 1.0360000000000191, 'gagnon_a': 2.065000000000019, 'mont_joli_a_2': 0.08300000000000551, 'nitchequon': 0.8259999999999792, 'chapais_2': 6.048000000000002, 'quebec_jean_lesage_intl_a': 0.11499999999997357, 'port_menier_2': 4.1080000000000005, 'inukjuak_ua': 4.513999999999989, '4109': 3.63999999999999, 'kuujjuaq_a_2': 2.0180000000000113, '4168': 5.221000000000004, 'lake_eon': 5.36699999999999, '4716': 1.8010000000000197, '4209': 3.0360000000000014, '3914': 0.42099999999998516, 'schefferville_a3': 2.4730000000000025, '4201': 2.7819999999999823}",2.66816,
1967-07-01 13:00,"{'riviere_du_loup': 3.0079999999999885, '4093': 2.63999999999999, '4145': 5.450999999999992, '5085': 1.7200000000000095, 'sept_iles_a': 4.5150000000000166, 'border_a': 4.623000000000008, 'gagnon_a': 3.686999999999996, '3929': 2.750999999999978, 'sherbrooke_a': 6.164000000000005, '3914': 3.9120000000000026, '4716': 8.52800000000002, 'inukjuak_ua': 5.951999999999982, 'ste_agathe_des_monts': 2.1169999999999867, '3919': 2.9600000000000115, '4029': 0.8760000000000083, 'nitchequon': 2.480000000000004, 'lake_eon': 0.36099999999997934, '4295': 3.7759999999999856, '3923': 1.5920000000000023, '4157': 0.868999999999982, 'kuujjuaq_a_2': 8.256000000000006, 'schefferville_a3': 0.6150000000000091, '4168': 3.9620000000000033, 'kuujuarapik_a': 3.6320000000000157, 'chapais_2': 0.22299999999999898}",3.3868,
1968-07-01 13:00,"{'4093': 0.2659999999999947, 'quebec_jean_lesage_intl_a': 1.8249999999999957, 'sept_iles_a': 3.362000000000016, '3914': 7.546999999999995, 'maniwaki_airport_ua': 4.601999999999979, 'rouyn_a': 3.689, 'lake_eon': 1.6130000000000013, 'chapais_2': 2.1999999999999975, '4168': 4.039999999999996, '3987': 0.522999999999989, 'mont_joli_a_2': 1.0809999999999818, '3923': 3.7489999999999934, 'kuujjuaq_a_2': 4.471, '5085': 2.2009999999999934, '3919': 7.39999999999999, '4295': 3.1290000000000013, '4201': 1.0049999999999955, 'nitchequon': 0.361000000000006, 'border_a': 2.952000000000007, '4055': 2.671999999999997, '4157': 6.544000000000009, 'kuujuarapik_a': 6.878999999999994, 'grindstone_island': 1.51200000000002, 'schefferville_a3': 2.0980000000000043, 'inukjuak_ua': 1.168999999999988, 'blanc_sablon': 7.090999999999985, 'gaspe_a_2': 4.820000000000029, 'montreal_st_hubert_a': 0.6940000000000062, '4716': 1.6310000000000038}",3.142275862,
1969-07-01 13:00,"{'4352': 2.059000000000008, '4002': 1.8440000000000083, 'montreal_st_hubert_a': 3.6820000000000057, '4589': 0.9650000000000034, '3929': 2.7949999999999946, '3914': 0.5589999999999957, '4180': 2.4179999999999904, '4168': 0.968, '4538': 2.374999999999986, '3919': 3.555000000000012, 'grindstone_island': 3.432000000000011, 'kuujuarapik_a': 5.022000000000009, 'bagotville_a': 2.9320000000000075, 'inukjuak_ua': 8.340000000000003, 'baie_comeau_a_2': 3.719000000000019, '3960': 0.8349999999999973, '5126': 1.7079999999999878, 'natashquan_a_2': 2.936000000000007, 'schefferville_a3': 1.9190000000000085, 'blanc_sablon': 3.447999999999995, '4093': 3.6000000000000103, 'kuujjuaq_a_2': 1.670999999999994, 'val_dor_a3': 5.245000000000022, 'lake_eon': 4.138999999999992, 'nitchequon': 1.408000000000003, 'chapais_2': 2.373000000000001, 'border_a': 4.391000000000004, '4132': 1.4960000000000147, 'gagnon_a': 2.2070000000000025, 'gaspe_a_2': 0.8640000000000079}",2.7635,
1970-07-01 13:00,"{'natashquan_a_2': 0.7790000000000088, '3914': 7.0870000000000015, 'quebec_jean_lesage_intl_a': 0.29199999999998383, 'blanc_sablon': 0.9680000000000017, '4932': 5.680999999999994, 'inukjuak_ua': 1.8650000000000038, 'border_a': 5.612000000000006, '5126': 1.1190000000000033, 'gaspe_a_2': 3.714999999999989, 'montreal_pierre_trudeau_intl_a': 2.345999999999993, '4055': 8.950000000000014, 'nitchequon': 0.3840000000000092, 'sept_iles_a': 1.502000000000006, 'grindstone_island': 4.1100000000000065, '4168': 1.8530000000000015, '4201': 8.234999999999978, 'val_dor_a3': 2.1210000000000093, 'kuujuarapik_a': 7.670000000000007, '4209': 6.544000000000008, '3919': 8.632999999999994, 'gagnon_a': 3.6409999999999965, 'mont_joli_a_2': 3.570999999999991, '3923': 0.9460000000000193, '4109': 2.2690000000000126, 'parent': 0.9240000000000066, 'chapais_2': 0.7189999999999905, '4002': 2.4250000000000007, '4716': 9.004000000000008, 'kuujjuaq_a_2': 0.8830000000000044, 'schefferville_a3': 1.6510000000000087, 'lake_eon': 0.5020000000000078}",3.419387097,
1971-07-01 13:00,"{'gagnon_a': 2.3999999999999986, '4132': 1.1399999999999793, '4093': 5.300999999999998, 'sept_iles_a': 0.741999999999992, 'montreal_st_hubert_a': 11.393999999999984, 'val_dor_a3': 2.233000000000004, 'parent': 0.03199999999998582, 'border_a': 7.335999999999995, '4168': 6.974999999999999, 'nitchequon': 3.481999999999992, '4802': 1.6680000000000206, 'kuujuarapik_a': 6.705999999999992, 'bagotville_a': 0.2799999999999976, '4157': 4.812000000000001, 'blanc_sablon': 1.8060000000000045, '4055': 0.06200000000002248, 'lake_eon': 4.917999999999999, '3953': 2.923000000000002, 'natashquan_a_2': 0.14399999999999302, 'inukjuak_ua': 2.2389999999999954, '4295': 1.7689999999999948, 'mont_joli_a_2': 1.1009999999999938, 'chapais_2': 2.0529999999999973, '3919': 0.3340000000000174, '4716': 8.036999999999995, '3987': 1.6060000000000052, 'schefferville_a3': 3.7470000000000034, 'grindstone_island': 0.8770000000000007, 'kuujjuaq_a_2': 2.661999999999992, '3914': 1.0139999999999993, 'gaspe_a_2': 1.2089999999999979}",2.935548387,
1972-07-01 13:00,"{'3960': 3.99, 'ste_agathe_des_monts': 0.4520000000000053, '4157': 1.4429999999999978, 'natashquan_a_2': 1.6070000000000029, 'nitchequon': 5.674999999999978, 'parent': 2.215000000000014, '4932': 1.0359999999999907, '4093': 0.8590000000000124, 'kuujuarapik_a': 3.072999999999995, 'sept_iles_a': 3.763000000000016, 'schefferville_a3': 4.162000000000003, 'rouyn_a': 3.4700000000000095, '3929': 1.7700000000000102, 'quebec_jean_lesage_intl_a': 1.721999999999987, '3987': 0.37799999999999656, 'mont_joli_a_2': 0.8670000000000027, '3919': 7.623999999999992, 'lake_eon': 7.265999999999998, 'chibougamau_a': 1.9930000000000128, 'border_a': 6.9, 'gaspe_a_2': 8.121999999999998, 'quaqtaq': 8.596999999999998, '4352': 4.8090000000000295, 'kuujjuaq_a_2': 10.66899999999999, 'grindstone_island': 3.2070000000000043, '4716': 5.489999999999998, 'blanc_sablon': 6.508, '4132': 3.1530000000000094, 'inukjuak_ua': 4.4410000000000025, '5126': 1.9490000000000087, '3914': 6.860999999999992, '4168': 1.7079999999999984, 'gagnon_a': 0.9280000000000186}",3.839606061,
1973-07-01 13:00,"{'4716': 3.362000000000009, '4209': 2.422999999999991, '4692': 2.0750000000000206, '4157': 3.3369999999999997, 'quaqtaq': 12.932000000000013, 'quebec_jean_lesage_intl_a': 2.7990000000000066, 'gagnon_a': 2.239999999999995, '3919': 3.177999999999992, '4168': 0.5739999999999981, 'riviere_au_renard': 0.11499999999999133, 'inukjuak_ua': 10.388000000000014, 'ste_agathe_des_monts': 0.9230000000000054, 'val_dor_a3': 3.0289999999999964, '4477': 2.342000000000013, 'baie_comeau_a_2': 3.5459999999999816, 'grindstone_island': 2.01499999999999, '3914': 10.202000000000009, 'kuujjuaq_a_2': 9.574999999999982, '4055': 3.1359999999999992, 'blanc_sablon': 11.507999999999997, '4002': 1.1179999999999914, 'parent': 4.5579999999999785, 'nitchequon': 4.63099999999999, 'border_a': 4.575000000000003, 'lake_eon': 3.6750000000000007, '4295': 2.41800000000001, '3960': 6.706000000000017, 'chibougamau_a': 3.0849999999999973, 'natashquan_a_2': 1.6670000000000051, 'schefferville_a3': 2.4979999999999976, 'kuujuarapik_a': 5.628999999999994}",4.201903226,
1974-07-01 13:00,"{'blanc_sablon': 7.601999999999987, '4145': 0.715999999999994, 'riviere_du_loup': 2.843999999999987, '4932': 0.9309999999999974, '4209': 1.066000000000006, 'kuujjuaq_a_2': 5.801000000000009, '4716': 3.5609999999999964, 'ste_agathe_des_monts': 0.1220000000000212, 'havre_st_pierre': 1.054000000000011, '5126': 0.17799999999999372, 'matagami_a_2': 1.6429999999999865, '3969': 2.7159999999999833, 'inukjuak_ua': 7.60499999999999, 'nitchequon': 0.5669999999999877, 'gagnon_a': 1.292000000000023, 'sherbrooke_a': 0.10600000000000875, 'chibougamau_a': 5.995999999999977, 'quaqtaq': 13.23999999999998, '4002': 0.19100000000000605, 'border_a': 2.7659999999999894, 'grindstone_island': 0.3039999999999825, '4055': 0.4609999999999843, '3914': 3.8339999999999925, 'schefferville_a3': 6.506000000000014, '4157': 0.41699999999998383, '3919': 1.5409999999999968, 'kuujuarapik_a': 6.4899999999999975, '4168': 1.1249999999999893, '4352': 0.9390000000000107, 'parent': 2.012999999999984}",2.787566667,
1975-07-01 13:00,"{'schefferville_a3': 3.5170000000000314, '4002': 0.08400000000001384, 'gaspe_a_2': 6.6229999999999976, '3920': 1.1239999999999952, '4932': 0.15800000000002257, 'maniwaki_airport_ua': 0.3579999999999792, 'sherbrooke_a': 0.23599999999998644, 'mont_joli_a_2': 5.652000000000022, '4093': 1.5949999999999704, 'quaqtaq': 2.5040000000000084, '4132': 2.0260000000000034, '4055': 0.8869999999999791, '4716': 1.2070000000000114, 'bagotville_a': 3.853000000000005, '5126': 0.07599999999997564, '4168': 4.99499999999999, 'kuujjuaq_a_2': 2.103000000000023, 'sept_iles_a': 3.0609999999999964, 'nitchequon': 8.596999999999984, 'border_a': 3.5870000000000104, 'rouyn_a': 0.34000000000001407, 'gagnon_a': 2.6030000000000157, '4157': 0.5879999999999832, 'natashquan_a_2': 4.16999999999998, 'blanc_sablon': 7.006000000000007, '3914': 1.7919999999999945, '3923': 0.39599999999999724, 'chibougamau_a': 2.759000000000018, 'inukjuak_ua': 13.627999999999986, 'grindstone_island': 0.9800000000000075, 'parent': 1.1279999999999681, 'kuujuarapik_a': 1.5179999999999971, 'lake_eon': 2.9800000000000217}",2.791848485,
1976-07-01 13:00,"{'4145': 4.851000000000001, 'riviere_au_renard': 1.4150000000000116, 'matagami_a_2': 2.496000000000004, 'baie_comeau_a_2': 1.2429999999999986, '3919': 0.8389999999999738, 'ste_agathe_des_monts': 0.242000000000008, 'schefferville_a3': 4.210999999999991, 'border_a': 0.14599999999997948, 'kuujjuaq_a_2': 8.599999999999993, 'nitchequon': 4.238999999999969, 'kuujuarapik_a': 2.113000000000012, 'grindstone_island': 3.8540000000000063, '4683': 1.3979999999999784, '3969': 4.199999999999996, 'quebec_jean_lesage_intl_a': 4.064000000000018, '4538': 2.5380000000000003, '4352': 1.3880000000000017, 'natashquan_a_2': 0.13800000000000878, '4093': 0.8379999999999832, '3914': 2.394999999999989, 'chibougamau_a': 5.93800000000002, 'quaqtaq': 15.724999999999998, '4589': 0.619000000000014, '4168': 10.354000000000001, '4055': 0.39699999999999847, 'blanc_sablon': 4.9480000000000075, '4002': 2.3880000000000052, 'inukjuak_ua': 10.361000000000017, 'lake_eon': 1.3519999999999825, 'gagnon_a': 0.6309999999999754, 'parent': 3.836000000000004, '4157': 6.604999999999983}",3.5738125,
1977-07-01 13:00,"{'natashquan_a_2': 0.4809999999999981, '4099': 9.553000000000008, '3960': 5.820000000000011, '4145': 0.7939999999999969, 'riviere_au_renard': 0.4929999999999808, '5126': 0.9079999999999941, 'grindstone_island': 4.491999999999997, '4168': 4.240000000000002, '4832': 4.555999999999983, 'mont_joli_a_2': 0.7589999999999861, '4209': 3.3220000000000134, 'montreal_pierre_trudeau_intl_a': 5.7080000000000055, '4002': 3.0730000000000004, '3929': 3.0310000000000095, 'parent': 2.0180000000000113, 'chibougamau_a': 1.178000000000015, 'matagami_a_2': 2.506000000000004, '4716': 6.814000000000007, '3920': 4.564000000000004, 'bagotville_a': 1.08199999999999, 'kuujjuaq_a_2': 3.735000000000003, 'inukjuak_ua': 7.5429999999999975, 'quaqtaq': 12.84599999999999, '4352': 0.5350000000000037, 'la_grande_riviere_a': 7.458999999999998, 'blanc_sablon': 7.061, 'schefferville_a3': 2.252000000000004, 'nitchequon': 1.2049999999999947, 'border_a': 0.26599999999999113, '4157': 3.7380000000000067, '3914': 0.6329999999999991}",3.634354839,
1978-07-01 13:00,"{'4716': 2.322999999999972, 'port_menier': 3.1640000000000015, 'parent': 3.76700000000001, 'kuujuarapik_a': 6.118999999999999, '4209': 2.318000000000012, 'blanc_sablon': 0.7339999999999964, '3969': 6.158999999999995, 'rouyn_a': 3.2799999999999905, '4352': 0.3690000000000069, '4055': 3.218, '4692': 0.754999999999999, '3987': 3.082000000000008, 'schefferville_a3': 0.6449999999999925, 'bagotville_a': 3.4389999999999965, '5186': 2.5390000000000157, 'montreal_st_hubert_a': 6.955000000000005, 'nitchequon': 5.918000000000005, '4099': 1.8360000000000127, 'baie_comeau_a_2': 1.1419999999999941, 'inukjuak_ua': 1.9819999999999869, 'grindstone_island': 1.7460000000000129, '4168': 1.3839999999999968, '3919': 1.5659999999999847, '4157': 2.1560000000000095, 'gagnon_a': 4.044000000000008, 'border_a': 2.118999999999998, 'kuujjuaq_a_2': 0.3850000000000069, 'quaqtaq': 6.435999999999991, '3914': 0.5809999999999924, 'chibougamau_a': 3.9940000000000087}",2.805166667,
1979-07-01 13:00,"{'chibougamau_a': 1.3070000000000128, 'baie_comeau_a_2': 2.0999999999999908, 'gaspe_a_2': 0.35199999999999676, '4145': 0.7699999999999854, '4055': 4.155000000000019, '4589': 0.09399999999997632, 'sherbrooke_a': 1.286000000000005, 'quaqtaq': 10.390999999999995, '3914': 0.6460000000000008, '4352': 0.003999999999990678, '3969': 3.074000000000016, '4002': 0.8560000000000194, 'bagotville_a': 2.207999999999995, 'iles_de_la_madeleine_a_2': 2.660000000000018, 'inukjuak_ua': 3.203999999999999, 'kuujjuaq_a_2': 0.8710000000000093, '3919': 0.13099999999999667, 'matagami_a_2': 1.6890000000000036, 'blanc_sablon': 1.3919999999999924, 'kuujuarapik_a': 8.116999999999994, '5097': 0.08699999999998909, 'nitchequon': 1.1689999999999827, 'ste_agathe_des_monts': 1.5960000000000072, '4093': 0.9919999999999831, '4168': 1.6899999999999942, 'natashquan_a_2': 1.6039999999999992, 'border_a': 0.8550000000000004, 'schefferville_a3': 2.2920000000000122, '4157': 2.813999999999993, 'gagnon_a': 2.1019999999999897}",2.016933333,
1980-07-01 13:00,"{'4055': 3.1630000000000127, '4832': 4.044000000000025, '4352': 0.5560000000000045, '3914': 2.17400000000001, 'bagotville_a': 4.949999999999996, '4209': 4.356000000000003, 'gagnon_a': 3.9079999999999764, 'sherbrooke_a': 2.302999999999976, 'port_menier': 2.1080000000000076, '4180': 0.5820000000000078, '3987': 1.2199999999999953, '4099': 6.465999999999994, 'nitchequon': 0.09900000000001441, 'matagami_a_2': 2.2999999999999954, '5126': 2.5139999999999816, '3953': 0.5010000000000119, 'grindstone_island': 2.611000000000004, '4168': 1.781999999999984, 'la_grande_riviere_a': 4.743000000000002, 'ste_agathe_des_monts': 3.1210000000000058, 'blanc_sablon': 1.099999999999996, 'kuujjuaq_a_2': 5.30599999999999, 'quaqtaq': 1.7559999999999967, 'inukjuak_ua': 1.5939999999999959, 'mont_joli_a_2': 1.7540000000000049, '4716': 6.569000000000024, 'schefferville_a3': 1.371000000000027, '3919': 0.6820000000000039, 'chibougamau_a': 0.7830000000000119}",2.566068966,
1981-07-01 13:00,"{'4295': 6.003, '4683': 4.629000000000026, 'kuujuarapik_a': 5.876999999999999, '3960': 3.0359999999999943, '4209': 0.8050000000000139, 'rouyn_a': 1.1160000000000032, 'blanc_sablon': 3.5789999999999935, 'montreal_pierre_trudeau_intl_a': 1.5980000000000167, '4055': 5.129000000000005, 'mingan_a': 1.1240000000000059, 'baie_comeau_a_2': 3.388000000000009, 'quebec_jean_lesage_intl_a': 0.5020000000000024, '4002': 1.9610000000000092, 'grindstone_island': 2.6630000000000127, '3920': 2.4369999999999763, '4168': 5.958000000000016, '4201': 1.9540000000000042, '4716': 0.9460000000000086, 'kuujjuaq_a_2': 9.396000000000011, '4099': 2.4750000000000014, 'gagnon_a': 0.4430000000000085, '3914': 2.096000000000007, '4157': 2.2829999999999977, 'nitchequon': 0.9079999999999977, 'schefferville_a3': 0.4129999999999967, 'inukjuak_ua': 15.286999999999992, 'quaqtaq': 3.8179999999999783, 'chibougamau_a': 1.1019999999999968}",3.247357143,
1982-07-01 13:00,"{'4538': 1.9450000000000145, '4168': 4.430999999999987, '4589': 0.48600000000000776, 'baie_comeau_a_2': 1.5820000000000132, '3969': 3.853999999999992, '4180': 1.810999999999975, 'kuujjuaq_a_2': 6.180000000000002, 'mingan_a': 4.309000000000008, '5186': 0.22799999999998732, 'bagotville_a': 0.9180000000000046, 'blanc_sablon': 1.9470000000000063, 'montreal_st_hubert_a': 3.1709999999999816, '3987': 1.005000000000006, '4099': 3.8920000000000066, 'gagnon_a': 0.6730000000000054, 'iles_de_la_madeleine_a_2': 2.822999999999997, 'maniwaki_airport_ua': 0.7859999999999943, 'chibougamau_a': 2.5440000000000076, 'nitchequon': 0.42300000000000537, 'inukjuak_ua': 4.320999999999998, 'matagami_a_2': 2.6809999999999903, 'quaqtaq': 4.742000000000006, '4201': 0.9170000000000016, '3914': 4.176999999999996, 'schefferville_a3': 6.468000000000007, '3919': 0.4470000000000063, '4055': 4.2149999999999785, 'kuujuarapik_a': 8.619000000000012}",2.842678571,
1983-07-01 13:00,"{'4589': 4.934999999999988, 'schefferville_a3': 5.588000000000009, 'kuujuarapik_a': 10.12400000000001, '5097': 3.912000000000017, 'natashquan_a_2': 2.291000000000018, 'sherbrooke_a': 2.4870000000000054, 'matagami_a_2': 3.603000000000005, 'chibougamau_chapais_a_3': 2.4280000000000115, 'inukjuak_ua': 5.159000000000004, '4352': 1.0699999999999932, '3923': 1.3900000000000112, '3919': 5.500000000000005, '4145': 4.6860000000000035, '4055': 0.4430000000000085, '4168': 7.331000000000001, 'kuujjuaq_a_2': 3.7949999999999964, '3914': 0.8400000000000016, 'gaspe_a_2': 7.472000000000001, '4093': 0.9330000000000105, 'bagotville_a': 6.6500000000000234, 'mont_joli_a_2': 0.2049999999999912, 'gagnon_a': 0.09399999999999764, 'lourdes_de_blanc_sablon_a_2': 1.2620000000000022, '4003': 2.814999999999994, 'iles_de_la_madeleine_a_2': 3.6959999999999873, 'sept_iles_a': 6.914000000000016, 'ste_agathe_des_monts': 1.4730000000000096, '4157': 2.8479999999999954, 'nitchequon': 1.5949999999999953}",3.501344828,
1984-07-01 13:00,"{'3929': 2.0849999999999795, '4209': 3.1569999999999965, 'montreal_st_hubert_a': 2.742000000000008, '4352': 0.41800000000000637, '4716': 1.2589999999999826, '4832': 0.5020000000000202, 'chibougamau_chapais_a_3': 1.0629999999999988, '4157': 3.1910000000000096, 'inukjuak_ua': 0.2670000000000261, '4145': 1.1739999999999924, '3920': 0.12199999999998923, 'mont_joli_a_2': 2.987999999999996, 'quebec_jean_lesage_intl_a': 3.381000000000018, 'sept_iles_a': 4.804000000000016, 'schefferville_a3': 1.8960000000000097, 'gaspe_a_2': 0.10299999999998022, '3923': 3.5019999999999882, 'kuujjuaq_a_2': 4.203000000000024, '4099': 9.190999999999974, '4003': 2.9749999999999943, 'nitchequon': 0.37599999999998346, 'gagnon_a': 2.1840000000000046, '3914': 1.5, '5126': 0.7759999999999856, '4168': 8.070999999999998, 'lourdes_de_blanc_sablon_a_2': 5.007000000000023, 'natashquan_a_2': 4.48800000000001, 'matagami_a_2': 2.8940000000000055, 'iles_de_la_madeleine_a_2': 1.854000000000024, 'la_grande_riviere_a': 9.53199999999999}",2.856833333,
1985-07-01 13:00,"{'3969': 6.640000000000001, '4003': 4.521999999999991, '5085': 2.291999999999991, '4352': 1.0550000000000033, 'quebec_jean_lesage_intl_a': 1.3889999999999958, 'ste_agathe_des_monts': 1.1759999999999948, '4099': 5.4379999999999775, '4589': 2.367999999999995, '3919': 4.948000000000029, 'natashquan_a_2': 10.157999999999983, 'inukjuak_ua': 7.555999999999985, '4145': 3.701000000000004, 'kuujuarapik_a': 2.292999999999992, 'lourdes_de_blanc_sablon_a_2': 7.77399999999999, 'quaqtaq': 2.0569999999999915, 'baie_comeau_a_2': 4.488000000000017, 'chibougamau_chapais_a_3': 3.1630000000000074, 'gagnon_a': 2.8080000000000034, '3914': 1.6119999999999948, 'iles_de_la_madeleine_a_2': 6.451999999999991, 'nitchequon': 1.8870000000000218, 'matagami_a_2': 3.030999999999999, 'schefferville_a3': 0.08199999999998653, '4055': 1.896000000000008, 'kuujjuaq_a_2': 0.2670000000000101, '4168': 7.7590000000000146, '4209': 0.5399999999999849, '4157': 2.5500000000000007, 'gaspe_a_2': 6.459000000000007}",3.66762069,
1986-07-01 13:00,"{'4201': 1.4070000000000071, '4692': 0.6330000000000062, 'schefferville_a3': 1.4990000000000023, '3919': 4.736000000000011, '4538': 1.293000000000017, 'val_dor_a3': 1.6930000000000085, 'baie_comeau_a_2': 1.1160000000000103, 'la_grande_riviere_a': 4.4079999999999995, 'gatineau_a': 2.509000000000004, '4055': 0.07799999999999585, 'natashquan_a_2': 6.354999999999986, 'lourdes_de_blanc_sablon_a_2': 3.5149999999999935, 'sherbrooke_a': 0.9209999999999994, 'kuujjuaq_a_2': 1.6199999999999957, '3969': 2.120000000000026, '3914': 5.724, '4180': 0.4350000000000023, 'la_grande_IVa_2': 7.014000000000005, '4716': 1.3049999999999855, 'inukjuak_ua': 1.5570000000000004, '4168': 5.283000000000005, '5186': 0.5209999999999937, 'iles_de_la_madeleine_a_2': 3.6799999999999944, '4099': 5.500999999999985, '4003': 2.480999999999984, 'quaqtaq': 12.028999999999984, 'gaspe_a_2': 4.576000000000009, 'bagotville_a': 0.4869999999999912, 'chibougamau_chapais_a_3': 0.2789999999999999}",2.923275862,
1987-07-01 13:00,"{'4832': 0.9840000000000231, 'bagotville_a': 2.364999999999995, '4337': 2.594999999999999, '4145': 0.7210000000000036, '3914': 0.387000000000004, 'quaqtaq': 5.298, '4716': 0.0799999999999983, 'kuujuarapik_a': 8.521999999999988, '3960': 4.037999999999991, '4003': 0.6920000000000108, 'havre_st_pierre_a_3': 1.6110000000000007, '3920': 3.59, '4055': 0.4519999999999804, '4157': 1.536000000000005, 'la_grande_IVa_2': 3.847000000000003, 'schefferville_a3': 3.6580000000000013, 'inukjuak_ua': 2.2799999999999923, '4099': 3.4929999999999914, 'kuujjuaq_a_2': 2.527000000000003, 'lourdes_de_blanc_sablon_a_2': 1.6969999999999992, 'mont_joli_a_2': 1.632000000000005, 'iles_de_la_madeleine_a_2': 0.18899999999999295, 'sherbrooke_a': 0.3919999999999959, '4209': 0.39899999999999736, 'chibougamau_chapais_a_3': 5.094000000000003, 'matagami_a_2': 2.375000000000007, '4168': 0.578000000000003}",2.260444444,
1988-07-01 13:00,"{'3923': 3.3009999999999806, '5097': 1.9690000000000012, 'montreal_pierre_trudeau_intl_a': 2.5639999999999947, 'havre_st_pierre_a_3': 0.9420000000000037, '4099': 2.4490000000000087, 'chibougamau_chapais_a_3': 2.3789999999999996, '4352': 1.5910000000000224, '4168': 2.4289999999999967, '4716': 2.9010000000000105, '4157': 0.1720000000000006, 'schefferville_a3': 3.808999999999987, '3914': 6.074999999999989, 'bagotville_a': 1.9769999999999914, '4145': 0.7330000000000005, '3919': 3.132999999999985, 'kuujjuaq_a_2': 5.059999999999992, 'baie_comeau_a_2': 0.36600000000000854, 'lourdes_de_blanc_sablon_a_2': 6.164000000000007, 'iles_de_la_madeleine_a_2': 0.8469999999999942, 'kuujuarapik_a': 3.7509999999999994, 'matagami_a_2': 1.115000000000009, '3929': 0.9399999999999764, 'inukjuak_ua': 5.002000000000004, 'la_grande_IVa_2': 3.986999999999984, '4003': 1.0010000000000083, '4209': 1.6340000000000003}",2.549653846,
1989-07-01 13:00,"{'mont_joli_a_2': 1.0829999999999878, 'ste_agathe_des_monts': 5.116000000000005, '3923': 6.633000000000006, '4157': 2.6579999999999906, '4093': 3.3340000000000103, '3914': 8.515999999999995, '4589': 0.6090000000000018, 'kuujuarapik_a': 1.5230000000000103, 'quebec_jean_lesage_intl_a': 3.9680000000000177, '5097': 2.358000000000011, '3919': 4.970000000000006, '4003': 1.5029999999999895, 'lourdes_de_blanc_sablon_a_2': 5.146000000000004, 'la_grande_IVa_2': 2.5240000000000027, 'iles_de_la_madeleine_a_2': 1.9539999999999953, '4145': 5.155999999999999, 'sept_iles_a': 2.387999999999982, '4295': 0.8150000000000226, '4168': 0.7669999999999924, 'natashquan_a_2': 1.3329999999999895, 'gaspe_a_2': 2.341000000000001, 'kuujjuaq_a_2': 0.015999999999994685, 'schefferville_a3': 1.0860000000000074, 'matagami_a_2': 6.681000000000008, '4055': 9.60299999999999, 'inukjuak_ua': 1.9199999999999928, 'chibougamau_chapais_a_3': 10.170000000000012}",3.487814815,
1990-07-01 13:00,"{'4201': 1.6949999999999967, 'la_grande_IVa_2': 2.0190000000000055, '3914': 0.3950000000000067, 'gaspe_a_2': 3.649000000000008, '4157': 0.8569999999999922, '5085': 2.525000000000013, 'lourdes_de_blanc_sablon_a_2': 4.164999999999997, 'quebec_jean_lesage_intl_a': 2.2070000000000114, 'gatineau_a': 2.591000000000001, 'iles_de_la_madeleine_a_2': 1.8499999999999925, 'val_dor_a3': 0.4720000000000155, '3923': 0.20200000000000884, 'la_grande_riviere_a': 0.6739999999999995, '4055': 0.36399999999998656, '3921': 3.48299999999999, 'chibougamau_chapais_a_3': 1.6330000000000062, 'inukjuak_ua': 2.6830000000000025, '4589': 2.567999999999987, '4093': 0.977999999999998, 'mont_joli_a_2': 2.2309999999999945, 'sept_iles_a': 4.086000000000006, 'quaqtaq_a': 1.7680000000000078, 'schefferville_a3': 6.092999999999991, 'kuujjuaq_a_2': 3.811000000000009, '4168': 0.755999999999986, '4003': 1.622000000000014, 'natashquan_a_2': 1.0640000000000036}",2.090407407,
1991-07-01 13:00,"{'4337': 5.876000000000008, '4201': 0.21799999999999287, '4538': 1.2530000000000108, 'la_grande_IVa_2': 2.124000000000004, '4093': 4.077999999999992, 'lourdes_de_blanc_sablon_a_2': 3.2210000000000063, '3960': 0.3959999999999937, 'baie_comeau_a_2': 0.07900000000001484, 'sherbrooke_a': 1.4930000000000057, '5186': 1.7949999999999946, '3921': 1.215999999999985, 'schefferville_a3': 8.311, 'havre_st_pierre_a_3': 4.656999999999998, 'chibougamau_chapais_a_3': 1.2409999999999997, 'val_dor_a3': 0.4759999999999991, 'kuujuarapik_a': 6.486000000000004, 'inukjuak_ua': 1.3999999999999968, 'bagotville_a': 2.684000000000003, '4003': 0.8730000000000029, '4716': 4.611999999999991, '4055': 6.778000000000004, 'iles_de_la_madeleine_a_2': 1.4310000000000027, '4180': 1.9949999999999868, 'kuujjuaq_a_2': 6.8339999999999925, '3914': 5.553000000000001, '4168': 0.6170000000000044}",2.911423077,
1992-07-01 13:00,"{'maniwaki_airport_ua': 3.4969999999999963, '4295': 0.1489999999999938, '4683': 4.553999999999988, '4145': 0.8759999999999977, 'lourdes_de_blanc_sablon_a_2': 4.453000000000002, '4209': 7.752000000000001, '7747': 1.7769999999999957, '3921': 2.8240000000000016, '4157': 2.391999999999996, 'baie_comeau_a_2': 1.2550000000000043, 'montreal_st_hubert_a': 4.924999999999995, '3953': 1.3360000000000039, '3914': 1.6640000000000104, 'la_grande_riviere_a': 0.7960000000000029, '4168': 1.0710000000000033, 'bagotville_a': 1.891999999999996, 'inukjuak_ua': 1.2250000000000032, '4003': 0.8269999999999982, 'kuujjuaq_a_2': 1.1460000000000043, 'havre_st_pierre_a_3': 1.2159999999999922, 'iles_de_la_madeleine_a_2': 0.38200000000000145, 'schefferville_a3': 3.8430000000000017, '4055': 2.4969999999999946, '4099': 0.22100000000000009}",2.190416667,
1993-07-01 13:00,"{'4209': 0.2890000000000015, 'sept_iles_a': 1.4899999999999913, 'quebec_jean_lesage_intl_a': 3.304999999999996, '3923': 4.0639999999999965, 'val_dor_a3': 0.652999999999988, 'schefferville_a3': 0.09800000000000075, 'gatineau_a': 2.5519999999999996, '4201': 1.2309999999999945, '4683': 0.6869999999999976, '4099': 1.3730000000000118, 'lourdes_de_blanc_sablon_a_2': 9.022000000000006, 'natashquan_a_2': 6.648000000000012, '4157': 2.729999999999986, '4003': 2.4100000000000037, 'waskaganish_a_3': 2.529999999999994, '4716': 0.2569999999999908, 'mont_joli_a_2': 3.216999999999995, 'gaspe_a_2': 1.8319999999999936, 'la_grande_riviere_a': 3.044999999999998, 'kuujjuaq_a_2': 7.432000000000004, '4055': 7.952000000000007, '3921': 4.908000000000001, 'iles_de_la_madeleine_a_2': 1.1650000000000027}",2.995217391,
1994-07-01 13:00,"{'4132': 0.6499999999999879, 'trois_rivieres_2': 3.4852500000000006, 'schefferville_a3': 2.2960000000000047, 'havre_st_pierre_a_3': 4.614999999999998, '10087': 0.4189999999999898, 'la_grande_IIIa': 1.4690000000000047, '4295': 4.5410000000000075, 'mont_joli_a_2': 1.499999999999984, '7633': 6.442799999999998, '4180': 0.9100000000000072, 'mistook': 2.301000000000009, '4055': 2.128749999999995, 'cap_d_espoir': 3.2999999999999865, '10197': 2.7800000000000047, 'lourdes_de_blanc_sablon_a_2': 6.122, 'nemiscau_a': 0.8780000000000072, 'kuujuarapik_a': 0.33999999999999986, '4093': 0.9910000000000032, '10918': 11.93399999999999, '3923': 6.510999999999999, '9005': 4.453000000000003, '7581': 6.536999999999988, '11000': 3.3559999999999963, 'iles_de_la_madeleine_a_2': 3.9389999999999965, '10804': 0.5889999999999898, 'chevery': 0.6529999999999845, 'maniwaki_airport': 4.84, 'chibougamau_chapais_a_3': 4.57500000000001, 'val_dor_a3': 0.28850000000000975, 'parent': 2.865000000000009, '9006': 0.5359999999999943, 'kuujjuaq_a_2': 3.3569999999999993, 'bonnard_1': 0.15599999999998104}",3.022978788,
1995-07-01 13:00,"{'ste_clotilde': 1.2929999999999957, 'natashquan_a_2': 0.6569999999999894, 'kuujjuaq_a_2': 6.3409999999999975, '10804': 1.3580000000000094, 'mont_joli_a_2': 1.8709999999999916, '4352': 1.0257333333333456, 'la_grande_IVa_2': 10.203999999999997, 'bonnard_1': 2.825999999999997, '3969': 2.6558333333333373, '4055': 0.5845833333333204, '8997': 4.3394999999999975, '4003': 2.7235000000000067, 'akulivik_a_3': 9.629000000000008, 'jonquiere': 4.6159999999999926, 'la_grande_riviere_a': 3.639999999999997, '7844': 2.6339999999999897, '4093': 5.890000000000008, 'parent': 2.553000000000001, '4716': 6.1239999999999775, '4180': 1.7754999999999903, 'waskaganish_a_3': 7.080000000000002, '7925': 1.5890000000000128, '10197': 7.186000000000002, '10244': 3.3279999999999923, 'iles_de_la_madeleine': 5.244999999999999, 'schefferville_a3': 4.035999999999987, 'chibougamau_chapais_a_3': 0.34200000000000585, 'gaspe_a_2': 0.32300000000000395, 'sept_iles_a': 0.5179999999999936, 'val_dor_a3': 3.6343333333333376, 'beauceville': 9.288499999999992, 'lourdes_de_blanc_sablon_a_2': 8.921999999999993, 'inukjuak_ua': 12.172999999999995}",4.133499495,
1996-07-01 13:00,"{'10911': 3.488000000000003, 'varennes': 3.857000000000003, 'manouane_est': 5.002999999999995, 'pointe_d_lislet': 7.557000000000006, '4716': 4.519999999999996, 'chevery': 6.835000000000006, 'val_dor_a3': 2.370199999999997, 'pointe_des_monts': 7.074000000000007, 'beauceville': 5.707999999999995, '3923': 1.6180000000000128, '4180': 1.0019999999999882, 'la_grande_IIIa': 3.7870000000000044, 'iles_de_la_madeleine_a_2': 2.1359999999999992, 'inukjuak_a_2': 5.106000000000003, '4102': 10.855000000000015, '7633': 3.407099999999989, 'port_menier_3': 9.536, 'nemiscau_a': 2.033999999999992, '4209': 0.03999999999999204, '10804': 3.0290000000000035, 'kuujjuaq_a_2': 9.263000000000007, 'schefferville_a3': 7.281000000000006, 'kuujuarapik_a': 6.374000000000006, 'chamouchouane': 2.3039999999999985, '7793': 4.677, '3921': 1.357000000000017, 'lourdes_de_blanc_sablon_a_2': 6.019000000000004, '26861': 1.2219999999999978, '4055': 7.295999999999985, '10197': 3.820000000000009}",4.619176667,
1997-07-01 13:00,"{'7868': 2.3750000000000107, 'iles_de_la_madeleine_a_2': 5.575999999999997, 'l_assomption': 5.741999999999983, '4201': 1.270599999999984, 'roguemaure': 7.00700000000001, 'natashquan_a_2': 3.7220000000000155, 'mistook': 7.885999999999999, '4055': 1.6302999999999948, 'baie_comeau_a_2': 0.6870000000000083, '3969': 6.632000000000016, '4589': 2.7349999999999994, '10903': 2.184000000000001, 'kangirsuk_a_3': 0.0410000000000057, 'kuujjuaq_a_2': 3.5219999999999967, 'la_grande_riviere_a': 1.308999999999994, '4003': 0.8864999999999874, 'parent': 2.0799999999999947, 'schefferville_a3': 4.485000000000019, 'beauceville': 6.134999999999977, 'maniwaki_airport': 5.810999999999989, 'cap_d_espoir': 2.16, '4111': 6.143000000000008, 'la_grande_IVa_2': 0.7840000000000078, '10244': 3.5189999999999895, '4209': 1.4240000000000066, 'akulivik_a_3': 4.866999999999994, 'waskaganish_a_3': 5.094000000000005, '10804': 2.7849999999999895, 'kangiqsujuag_a_2': 1.040000000000001, 'inukjuak_a_2': 5.327999999999995, 'chibougamau_chapais_a_5': 5.710000000000003, 'manouane_est': 0.74600000000002, '10197': 1.3939999999999824, 'lourdes_de_blanc_sablon_a_2': 1.3760000000000119}",3.355482353,
1998-07-01 13:00,"{'7844': 0.556000000000008, 'matagami': 0.29900000000001015, 'baie_comeau': 1.9099999999999948, 'havre_st_pierre_a_3': 0.5600000000000094, '4157': 1.1205714285714201, 'kuujjuaq_a_2': 5.0209999999999955, '4716': 2.289999999999985, 'cap_d_espoir': 1.0190000000000055, '4337': 4.253000000000007, 'la_grande_IIIa': 3.404, 'cap_rouge': 0.29200000000000337, 'villeroy_ste_francoise': 1.9259999999999948, '10804': 4.556999999999988, 'iles_de_la_madeleine_a_2': 5.162000000000004, '3960': 0.6130000000000102, '7593': 3.0770000000000053, '4145': 1.4550000000000054, 'schefferville_a3': 2.0350000000000037, 'nemiscau_a': 0.5130000000000194, '7925': 0.855000000000004, 'lac_benoit': 1.8010000000000161, '3920': 0.2110000000000305, 'inukjuak_a_2': 4.080000000000016, 'inujivik_2': 5.594000000000012, 'parent': 0.7489999999999917, 'chevery': 5.277000000000003, 'chibougamau_chapais_a_5': 0.509999999999998, '8997': 1.6290000000000013, 'quaqtaq_a': 0.007999999999979579, '10220': 2.4569999999999865, 'umiujaq_a2': 6.6939999999999955, '10197': 8.463999999999999, '4093': 2.063999999999993, 'lourdes_de_blanc_sablon_a_2': 4.788999999999996}",2.507193277,
1999-07-01 13:00,"{'4716': 8.572000000000017, 'ile_biquette': 5.46899999999998, 'l_assomption': 4.207000000000004, '3969': 4.5890000000000235, 'inujivik_2': 8.211000000000004, 'matagami': 1.350999999999999, '4145': 2.297000000000004, '4093': 5.063999999999998, '4055': 1.767125000000009, '7870': 1.1889999999999823, '10244': 1.3610000000000007, 'lourdes_de_blanc_sablon_a_2': 1.694999999999995, 'la_grande_riviere_a': 1.4290000000000056, 'cap_d_espoir': 0.44399999999999906, 'kangiqsujuag_a_2': 6.75, '4538': 6.584999999999999, '10804': 2.0449999999999946, 'chibougamau_chapais_a_5': 0.8749999999999858, 'mistook': 0.9420000000000073, 'schefferville_a3': 0.840999999999994, '10918': 6.210000000000001, 'natashquan_a_2': 4.226000000000013, 'nemiscau_a': 2.336000000000002, '10197': 2.7470000000000017, 'parent': 2.5009999999999906, '7633': 6.763949999999991, 'kangirsuk_a_3': 4.490999999999996, 'inukjuak_a_2': 2.562000000000004, 'iles_de_la_madeleine_a_2': 4.442999999999987, 'pointe_noire_cs': 3.0420000000000016, 'beauceville': 3.746000000000002, 'kuujjuaq_a_2': 1.2240000000000038, 'la_grande_IVa_2': 0.38499999999999446, '4352': 0.5100000000000051, 'lac_benoit': 1.2089999999999783, 'lac_eon': 0.3810000000000038, '7793': 4.31900000000002}",3.156191216,
2000-07-01 13:00,"{'3923': 7.044666666666661, 'natashquan_a_2': 0.7210000000000107, 'kuujjuaq_a_2': 5.3750000000000036, '10903': 0.1146666666666718, '5186': 3.146000000000015, 'l_assomption': 2.3889999999999816, '3920': 1.4680000000000106, '10197': 9.453000000000014, 'baie_comeau': 3.8150000000000013, '4201': 4.740999999999989, 'chamouchouane': 3.6599999999999895, '10804': 4.339999999999998, '4716': 4.245999999999981, 'roguemaure': 0.5486666666666551, '4209': 2.4443333333333435, 'cap_madeleine': 5.610000000000014, 'lourdes_de_blanc_sablon_a_2': 4.193999999999999, 'lac_eon': 0.2640000000000029, 'kuujuarapik_a': 0.5249999999999932, 'cap_tourmente': 4.223000000000013, '4099': 5.046333333333335, 'inukjuak_a_2': 7.865999999999989, 'iles_de_la_madeleine': 3.6440000000000055, '4003': 4.093666666666671, 'quaqtaq_a': 15.462000000000002, '4057': 3.9670000000000094, '27528': 3.1193333333333264, 'inujivik_2': 5.718999999999999, '4157': 1.524133333333328, 'schefferville_a3': 0.22099999999999298, 'lac_benoit': 1.029999999999987, 'maniwaki_airport': 1.9255000000000138, 'la_grande_IVa_2': 6.311499999999997}",3.886418182,
2001-07-01 13:00,"{'7697': 2.7459999999999933, '4932': 0.3244000000000007, 'eastmain': 2.536999999999992, '27531': 0.848333333333338, 'lac_memphremagog': 3.0063333333333198, 'havre_st_pierre_a_3': 1.6700000000000088, 'barrage_angliers': 3.713833333333328, 'st_jovite': 0.2914999999999992, '4716': 5.961999999999989, '10804': 5.105999999999998, 'salluit_a': 8.943000000000001, 'baie_comeau_a_2': 2.2119999999999926, '10918': 2.5278999999999954, 'chibougamau_chapais_a_5': 2.777999999999995, 'cap_d_espoir': 1.8309999999999906, 'umiujaq_a2': 8.105500000000003, 'la_grande_IVa_2': 2.0239999999999956, 'onatchiway': 4.331999999999997, 'akulivik_a_3': 1.9790000000000028, 'iles_de_la_madeleine': 2.977000000000002, '29368': 4.936166666666665, '10244': 2.7170000000000005, 'la_tuque': 7.609999999999998, 'kuujjuaq_a_2': 0.3209999999999944, 'inukjuak_a_2': 2.33, '26912': 4.890416666666672, '30435': 3.433999999999994, 'bonnard_1': 1.712000000000005, 'matagami': 3.452, 'chevery': 1.8589999999999893, '4093': 4.978999999999994, 'lourdes_de_blanc_sablon_a_2': 2.487, '10197': 5.762999999999998, 'schefferville_a3': 1.773999999999992}",3.299393627,
2002-07-01 13:00,"{'4209': 0.8543333333333081, '10918': 13.506000000000013, 'la_tuque': 3.5573333333333608, 'matagami': 2.9579999999999913, 'ile_aux_perroquets': 7.070000000000013, 'frelighsburg': 0.12800000000000722, 'ile_rouge': 9.875000000000004, '4337': 5.225000000000023, '30266': 4.9510000000000005, 'beauceville': 2.9419999999999895, '4201': 1.2323333333333473, '4683': 6.126000000000033, '4180': 4.9254999999999995, '10220': 5.763466666666655, '10197': 5.827999999999996, 'tasiujaq_a_2': 8.907, 'chibougamau_chapais_a_5': 2.723999999999986, 'waskaganish_a_3': 6.289999999999985, '27865': 5.175000000000008, 'la_grande_IVa_2': 2.7093333333333156, '3920': 5.754999999999981, 'salluit_a': 10.815833333333337, 'chevery': 5.5079999999999885, 'umiujaq_a2': 13.329000000000004, 'lourdes_de_blanc_sablon_a_2': 7.751000000000001, 'schefferville_a3': 4.971999999999994, 'iles_de_la_madeleine_a_2': 1.5449999999999982, '7633': 9.622733333333315, 'cap_d_espoir': 2.3370000000000175, '7747': 0.08399999999997831, 'akulivik_a_3': 2.907000000000007, 'kangiqsaulujjuaq_a_3': 5.862999999999997, 'manouane_est': 2.4747333333333437, 'inukjuak_a_2': 5.335999999999998, 'la_grande_riviere_a': 6.441833333333328, 'pointe_des_monts': 4.496000000000016, '10804': 4.775000000000013}",5.263795495,
2003-07-01 13:00,"{'4477': 0.21700000000000585, 'longue_pointe_de_mingan': 1.5870000000000086, 'cap_tourmente': 5.939299999999999, 'varennes': 3.8279999999999994, '4716': 4.790999999999986, 'bonnard_1': 0.08800000000000274, 'chibougamau_chapais_a_5': 2.637999999999998, 'roguemaure': 5.985249999999992, 'la_grande_IVa_2': 1.368999999999998, '7925': 4.251000000000015, 'eastmain': 2.6300000000000026, 'kuujjuaq_a_2': 0.29100000000000215, 'baie_comeau': 1.3059999999999974, '4099': 1.341750000000001, 'inukjuak_a_2': 3.884000000000002, '3960': 5.9780000000000015, 'akulivik_a_3': 4.113000000000002, 'schefferville_a3': 2.3059999999999867, 'chevery': 2.2979999999999947, '3921': 2.464333333333318, 'maniwaki_airport': 3.3113333333333195, '26912': 2.3176166666666553, 'kuujuarapik_a': 6.987999999999999, 'heath_point': 2.172999999999991, 'lourdes_de_blanc_sablon_a_2': 4.8149999999999835, '9005': 4.1715000000000195, '4132': 0.13395000000000223, 'cap_d_espoir': 0.5980000000000079, 'kangirsuk_a_3': 1.2299999999999986, 'onatchiway': 0.8734999999999822, '10804': 6.757999999999997, '30435': 5.085666666666665, '4003': 0.024000000000011568, 'kangiqsujuag_a_2': 3.025999999999998}",2.906211765,
2004-07-01 13:00,"{'ste_anne_de_bellevue_1': 1.564, '7844': 2.0689999999999955, 'quebec_jean_lesage_intl_a': 7.273000000000003, '4145': 0.9678000000000004, 'pointe_des_monts': 5.988999999999997, 'la_grande_riviere_a': 4.560999999999996, '32393': 0.09199999999999875, 'cape_whittle': 6.757000000000007, 'kuujjuaq_a_2': 1.673999999999996, '30435': 1.0555000000000003, 'chamouchouane': 0.04099999999999682, 'ile_aux_perroquets': 0.4190000000000058, 'matagami': 0.04283333333333772, '10197': 1.300749999999999, '4716': 10.487999999999989, '4352': 2.8429999999999964, '5126': 3.004000000000005, 'inukjuak_a_2': 5.741000000000005, 'lourdes_de_blanc_sablon_a_2': 0.16499999999999204, 'quaqtaq_a': 0.899999999999995, '4093': 0.2500000000000071, 'lac_benoit': 4.05200000000001, '3921': 1.0250000000000021, '10804': 1.6562500000000036, '29368': 2.113499999999995, 'inujivik_2': 9.467000000000006, '8997': 4.389199999999995, 'waskaganish_a_3': 1.582000000000006, 'iles_de_la_madeleine': 3.1159999999999943, 'schefferville_a3': 3.7500000000000036, 'cap_d_espoir': 1.3279999999999852}",2.892768817,
2005-07-01 13:00,"{'lennoxville': 3.586000000000002, '10220': 1.9071666666666864, '4841': 6.241999999999983, '8997': 7.889000000000001, 'wemindji_a2': 0.4420000000000037, '30264': 1.1314642857142907, '3920': 1.8519999999999932, 'natashquan_a_2': 2.0760000000000165, 'pointe_des_monts': 1.1619999999999884, '4352': 0.8790000000000191, 'chibougamau_chapais_a_3': 2.9930000000000057, 'kuujjuaq_a_2': 5.315999999999997, 'fort_montmorency_rcs': 1.4150000000000098, '10197': 2.5063333333333375, '4093': 2.8714000000000226, 'parent': 2.309999999999995, 'salluit_a': 4.134999999999993, '10804': 4.1700000000000035, 'kangiqsujuag_a_2': 5.091999999999995, 'umiujaq_a2': 4.546999999999992, '4589': 7.740999999999982, '7593': 1.4989999999999934, 'iles_de_la_madeleine_a_2': 0.6149999999999878, '41738': 2.1250833333333503, 'matagami': 1.4999999999999893, '7633': 4.778833333333326, 'gaspe_a_2': 6.560000000000008, 'bonnard_1': 0.9719999999999906, 'lourdes_de_blanc_sablon_a_2': 4.547000000000002, '42123': 6.132999999999992, 'nemiscau_a': 0.5169999999999959, '27865': 2.934000000000008, 'lac_eon': 3.361000000000004, 'inukjuak_a_2': 2.430999999999999, 'schefferville_a3': 1.7789999999999928, 'akulivik_a_3': 3.3340000000000103, 'la_grande_IVa': 3.6610000000000014}",3.162440026,
2006-07-01 13:00,"{'gaspe_a_2': 6.551999999999989, 'lennoxville': 1.2830000000000048, '7870': 0.4519999999999911, '8997': 6.9876666666666765, '7844': 4.667000000000023, 'sept_iles': 0.4370000000000118, 'gatineau_a': 2.8860000000000063, '42123': 0.16499999999999915, 'la_pocatiere': 4.467999999999996, 'la_grande_riviere_a': 1.0320000000000018, 'chapais': 2.869333333333328, '30682': 2.7088666666666654, '10804': 0.09395714285714263, 'lac_eon': 0.365999999999989, '4003': 4.957099999999997, 'rouyn_a': 0.10433333333332939, '27865': 6.954500000000007, '27533': 5.3866666666666845, '43910': 1.2075000000000138, '4099': 1.6557999999999993, 'kuujjuaq_a_2': 7.806000000000012, 'lourdes_de_blanc_sablon_a_2': 2.5440000000000076, 'manouane_est': 3.7019999999999964, 'quaqtaq_a': 7.842000000000005, 'parent': 2.8720000000000034, 'riviere_au_feuilles': 4.5509999999999895, 'chevery': 5.839999999999986, 'inujivik_2': 5.2960000000000065, 'iles_de_la_madeleine_a_2': 6.60199999999999, '30435': 0.41516666666666424, 'la_grande_IVa': 1.7039999999999917, 'amqui': 3.347499999999993, 'inukjuak_a_2': 3.512999999999993, 'schefferville_a3': 0.7629999999999981, '10197': 4.311066666666669}",3.324070204,
2007-07-01 13:00,"{'30247': 0.5760000000000005, 'beauport': 2.8959999999999972, 'heath_point': 3.016000000000002, '10197': 6.430166666666668, 'la_grande_riviere_a': 0.8049999999999979, 'baie_comeau_a': 1.7369999999999983, 'inukjuak_a_2': 3.4310000000000045, '30240': 1.1824999999999974, '9006': 2.1210000000000093, '3923': 3.1930000000000174, '44283': 3.2896666666666743, 'chevery': 2.0349999999999913, '4337': 1.3414999999999981, 'frelighsburg': 2.99975000000002, 'cap_d_espoir': 1.8399999999999999, 'lourdes_de_blanc_sablon_a_2': 0.8859999999999992, '4099': 0.9610000000000003, 'rouyn': 3.3398333333333365, '4201': 0.3158333333333374, '43910': 1.7989999999999995, 'apaluk_a_2': 1.8600000000000065, 'schefferville_a3': 3.477999999999998, 'lac_eon': 1.4869999999999965, '44483': 4.96266666666666, 'lac_benoit': 2.6409999999999947, 'chibougamau_chapais_a_3': 2.0050000000000114, 'parent': 2.0085000000000104, 'onatchiway': 0.6129999999999907, '4003': 1.4188666666666627, '4157': 1.790166666666659, '42123': 1.8059999999999992, 'riviere_au_feuilles': 3.481000000000005, 'la_grande_IVa': 1.4579999999999949, 'inujivik_2': 2.46699999999999}",2.225630882,
2008-07-01 13:00,"{'4841': 2.9450000000000145, '30435': 1.139000000000003, 'rouyn_a': 0.18849999999999767, '4295': 2.166999999999998, '45447': 6.0116666666666605, 'cap_chat': 3.6339999999999915, '4093': 4.379750000000005, 'ste_anne_de_bellevue_1': 1.1007952380952482, 'la_tuque': 1.3960000000000115, 'cape_whittle': 3.576999999999993, '4057': 2.902499999999989, '3921': 0.772666666666666, 'la_grande_IIIa': 0.5019999999999989, '27533': 2.806000000000026, '10804': 10.287666666666667, '45088': 0.9209999999999958, 'riviere_au_feuilles': 0.07900000000000418, '3923': 0.8609999999999793, 'beauceville': 1.2320000000000029, 'waskaganish_a_3': 3.0991666666666653, '45607': 4.790999999999993, 'inukjuak_a_2': 4.655000000000005, 'chamouchouane': 0.7420000000000009, 'iles_de_la_madeleine_a_2': 4.269000000000007, 'manouane_est': 0.7129999999999868, 'lourdes_de_blanc_sablon_a_2': 1.4499999999999869, '46527': 9.335166666666645, 'havre_st_pierre_a_3': 0.3630000000000013, 'apaluk_a_2': 5.24599999999999, 'schefferville_a3': 3.0939999999999905, 'kuujuarapik_a': 0.9719999999999978, '4201': 0.10666666666665847, 'pointe_claveau': 0.1700000000000017, '46507': 7.974166666666658, 'inujivik_2': 5.7059999999999995}",2.845391769,
2009-07-01 13:00,"{'41983': 0.794999999999991, '47567': 2.070000000000011, 'gaspe_a_2': 2.1470000000000162, '43910': 3.077999999999996, '29368': 0.7594666666666683, 'riviere_au_feuilles': 4.613999999999978, 'saint_germain_de_grantham': 3.7502083333333367, '42967': 2.6459999999999972, 'la_grande_IVa': 1.8298000000000165, 'bagotville_a': 0.7580000000000027, 'inujivik_2': 5.968999999999989, 'kuujuarapik_a': 0.8220000000000098, '4003': 3.555666666666669, 'baie_comeau_a': 4.002999999999997, '4132': 0.6096666666666692, '4055': 3.292666666666671, 'parent': 0.16699999999998738, 'rouyn_a': 1.4081999999999937, 'nemiscau_a': 6.6260000000000066, 'lac_benoit': 4.170999999999996, '42123': 7.68766666666667, '45088': 0.2909666666666624, 'chapais': 4.162999999999997, 'natashquan_airport': 5.212999999999996, 'iles_de_la_madeleine': 2.87300000000001, '4111': 3.322000000000001, 'kuujjuaq_a_2': 3.9724999999999904, 'kangiqsujuag_a_2': 3.6143333333333203, 'kangirsuk_a_3': 0.5760000000000023, 'lac_eon': 8.023000000000003, 'wemindji_a2': 6.573000000000004, '4716': 2.4349999999999987, 'schefferville_a3': 5.9589999999999925, 'lourdes_de_blanc_sablon_a_2': 3.285, '10197': 10.478476190476174, '10804': 2.726973809523809, 'inukjuak_2': 3.4890000000000096}",3.452799775,
2010-07-01 13:00,"{'lemieux': 0.09799999999999542, '44323': 0.8449999999999953, 'ile_biquette': 5.004000000000007, '42123': 3.0611833333333394, '47547': 0.938000000000013, '29846': 0.9394166666666734, '4057': 3.5529999999999884, 'inujivik_2': 7.753449999999996, 'la_grande_riviere_a': 2.706166666666661, '30240': 1.7085000000000008, '10197': 4.629333333333346, 'longue_pointe_de_mingan': 0.8205000000000027, 'iles_de_la_madeleine': 5.638999999999992, '42967': 2.2969999999999935, 'parc_national_des_pingualuit': 5.157399999999994, 'inukjuak_a_2': 6.040000000000003, 'manouane_est': 3.050833333333326, '47567': 2.7969999999999864, '44483': 4.450250000000004, 'chevery': 6.981000000000002, '3921': 3.3044999999999867, '3960': 0.20599999999999952, 'la_grande_IVa': 2.1720000000000006, 'lourdes_de_blanc_sablon_a_2': 0.29300000000000637, 'riviere_au_feuilles': 4.390650000000003, '46527': 0.5800999999999981, 'mistook': 0.7352000000000061, 'chibougamau_chapais_a_3': 1.3928000000000083, 'val_dor_a3': 0.39930952380952434, 'kangirsuk_a_3': 2.844000000000001, 'parent': 3.358333333333336, 'nemiscau_a': 0.13116666666666532, 'schefferville': 3.4220000000000113, 'cap_d_espoir': 0.4370000000000047, 'kuujjuaq_a_2': 3.9860000000000007}",2.746316939,
2011-07-01 13:00,"{'montreal_pierre_trudeau_intl_a': 2.717916666666678, 'waskaganish_a_3': 7.554499999999994, '29846': 6.175999999999984, 'jonquiere': 1.9339999999999868, '3960': 2.3589714285714187, '4111': 1.6429999999999971, 'mont_joli_a_2': 2.283083333333334, 'parc_national_des_pingualuit': 3.757000000000012, 'heath_point': 7.079000000000015, 'rouyn': 1.6139999999999866, '48788': 5.343333333333334, '4057': 4.889499999999995, 'parent': 1.6719999999999935, 'gaspe_a_2': 2.7689999999999966, 'thetford_mines_rcs': 0.04500000000000526, '26799': 1.2251666666666772, '45088': 1.7389999999999795, 'lac_eon': 0.479000000000001, 'la_grande_IVa': 0.6550000000000189, '10804': 4.3779999999999895, '4003': 3.0177999999999976, '27533': 3.615000000000009, 'akulivik_a_3': 1.6393000000000075, 'quaqtaq_a': 9.390999999999991, 'lac_benoit': 1.9319999999999844, 'riviere_au_feuilles': 1.3527999999999984, 'kuujjuaq_a_2': 5.812500000000009, 'la_grande_riviere_a': 3.2680000000000042, 'pointe_noire_cs': 0.17699999999999605, '10197': 7.668400000000005, 'umiujaq_a2': 5.344999999999992, '3921': 0.3670000000000222, 'schefferville': 1.8740000000000148, 'chibougamau_chapais_a_3': 0.5459999999999958, 'inukjuak_a_2': 1.3490000000000109, 'chevery': 2.852000000000004, 'lourdes_de_blanc_sablon_a_2': 5.554000000000006}",3.137115444,
2012-07-01 13:00,"{'48549': 0.3161333333333225, 'rouyn_a': 2.5915, '7633': 0.9082499999999989, 'gatineau_a': 2.3439999999999905, '9032': 2.6516666666666566, 'frelighsburg': 1.0684833333333152, 'cap_d_espoir': 0.020000000000003126, 'salluit_a': 5.860999999999997, 'beauport': 1.9137999999999877, 'amqui': 2.81000000000002, 'schefferville_a2': 3.697999999999997, 'inukjuak_a_2': 1.1039999999999957, '10918': 2.71516666666664, 'chamouchouane': 5.041000000000004, '42967': 0.43920000000001025, '50132': 2.263999999999996, '3921': 0.23900000000000432, 'natashquan_airport': 1.481500000000004, '8997': 3.8730000000000047, '47307': 4.802000000000003, 'tasiujaq_a_2': 0.5329999999999924, 'iles_de_la_madeleine_a_2': 4.692000000000004, 'lourdes_de_blanc_sablon_a_2': 2.064999999999989, 'waskaganish_a_3': 4.822328571428571, 'bonnard_1': 3.5, 'la_grande_IVa': 4.960999999999997, '45447': 5.902999999999999, '44483': 3.853000000000012, '4111': 1.686000000000007, 'lac_eon': 0.09800000000000963, 'kuujuarapik_a': 5.415000000000003, 'akulivik_a_3': 0.05699999999998795, 'sept_iles': 1.9750000000000014}",2.597031169,
2013-07-01 13:00,"{'50637': 0.3026666666666742, 'maniwaki_airport': 1.1441666666666634, '48373': 1.1220000000000034, 'pointe_claveau': 0.25200000000000244, '50092': 3.872833333333343, 'lourdes_de_blanc_sablon_a_2': 0.09399999999999764, 'lennoxville': 4.382999999999999, '10220': 1.0470000000000006, '3920': 1.0290000000000035, 'longue_pointe_de_mingan': 0.0009999999999941167, 'la_grande_4a': 4.205000000000002, 'cap_chat': 2.0560000000000027, 'val_dor_a': 2.12243333333333, 'la_tuque': 0.5449999999999946, 'nemiscau_a': 1.2609999999999992, '7633': 0.9565833333333522, '51219': 17.71699999999999, 'la_grande_riviere_a_2': 2.6540000000000017, 'cape_whittle': 7.4543333333333415, '49508': 1.6931999999999903, 'apaluk_a_2': 3.5470000000000006, 'iles_de_la_madeleine': 4.350999999999988, 'riviere_au_feuilles': 2.9520000000000035, '10899': 3.8440000000000083, '50722': 4.3280000000000065, 'schefferville_a2': 4.899666666666676, '49848': 4.529333333333341, 'bonnard_1': 0.9250000000000043, 'inujivik_2': 2.7979999999999983, 'chamouchouane': 2.6080000000000005, 'inukjuak_a': 4.814999999999996, '50428': 2.3249999999999957, '42123': 3.3550000000000075, '47547': 0.6557333333333304, 'kangiqsujuag_a_2': 0.3059999999999956}",2.861455714,
2014-07-01 13:00,"{'44183': 1.4645499999999956, 'lac_megantic': 5.67241666666667, '31367': 4.3249999999999815, 'parent': 2.619000000000007, '32473': 2.1999999999999957, '47687': 5.180750000000007, '50428': 2.9400000000000155, 'pointe_noire_cs': 6.292999999999978, '7633': 8.905749999999998, 'la_baie': 9.045399999999983, '50092': 1.5730833333333436, '44283': 6.190750000000001, '42123': 5.48856666666666, 'schefferville': 0.49100000000001387, 'kuujuarapik_a_2': 6.0726190476190425, 'maniwaki_airport': 2.2409999999999854, 'ste_clotilde': 2.0156000000000027, 'cap_d_espoir': 0.358999999999984, 'bonnard_1': 2.666000000000004, 'matagami': 2.6697333333333404, '51219': 8.63156666666667, 'parc_national_des_pingualuit': 14.17405000000001, 'la_grande_4a': 6.932000000000002, 'chibougamau_chapais_a_3': 0.5171666666666539, '3920': 4.075000000000005, 'riviere_au_feuilles': 6.717716666666666, '49848': 9.919499999999994, 'cape_whittle': 5.171000000000001, 'havre_st_pierre_a': 0.33149999999999835, 'amqui': 5.483000000000008, 'lourdes_de_blanc_sablon_a_2': 1.367999999999995, '52419': 3.531999999999991, '52875': 7.131333333333334, 'inukjuak_2': 0.6640000000000104, '46507': 0.5054999999999925, 'iles_de_la_madeleine_a': 5.118000000000006, '50723': 3.1809999999999956, 'nemiscau_a': 0.5449999999999946, 'kuujjuaq_a': 3.7985500000000165, 'akulivik_a_3': 6.235296825396837}",4.31110998,
2015-07-01 13:00,"{'10955': 2.4261666666666653, 'umiujaq_a2': 4.6270000000000024, 'kuujjuaq_a': 3.091999999999995, '42123': 1.671999999999997, '49508': 1.5026666666666753, 'la_grande_IV': 1.788499999999992, '47307': 2.739999999999995, 'onatchiway': 0.02500000000000213, '7582': 8.742999999999988, '53519': 2.3220000000000027, '9026': 1.8600000000000136, '50460': 0.1214999999999975, 'saint_germain_de_grantham': 0.8399999999999963, '44283': 1.70624999999999, '30266': 4.527999999999995, '52875': 1.6460000000000043, 'parent': 0.2980000000000089, 'iles_de_la_madeleine_a_3': 6.401000000000005, '50723': 3.4199999999999946, 'puvirnituq_a': 6.697000000000005, 'la_grande_riviere_a_2': 0.560666666666684, '7633': 1.2000000000000082, 'gaspe_a_3': 8.761999999999993, '10244': 4.002333333333333, 'pointe_des_monts': 2.723999999999993, 'bonnard_1': 1.1169999999999956, 'nemiscau_a': 2.610000000000001, 'matagami': 5.70016666666667, 'high_falls': 2.4933000000000014, 'cape_whittle': 7.566999999999993, '51219': 0.5529999999999973, 'chibougamau_chapais_a_2': 1.2700000000000031, '7925': 4.167000000000005, 'salluit': 6.644000000000005, 'schefferville': 0.21599999999998687, 'lourdes_de_blanc_sablon_a_3': 2.8269999999999964, 'kangiqsujuag_a_2': 2.510999999999994, 'riviere_au_feuilles': 2.913999999999998, 'lac_eon': 7.721000000000011, '53579': 2.3100000000000023, '52918': 3.1269999999999953}",3.10859878,
2016-07-01 13:00,"{'lennoxville': 1.4490000000000016, '51219': 1.5075666666666692, '45607': 1.5660000000000096, '53602': 2.74283333333333, '4057': 0.7379999999999924, 'umiujaq_a': 9.249999999999998, '30723': 2.6980000000000146, 'ile_aux_perroquets': 1.27700000000001, '9026': 2.200000000000024, 'ile_biquette': 9.327000000000004, '52318': 0.2396000000000047, 'val_dor_a2': 0.5633333333333326, 'iles_de_la_madeleine_a_3': 4.879999999999999, 'high_falls': 3.474, 'waskaganish_a_2': 3.5091333333333345, 'schefferville': 0.2600000000000122, '52419': 2.2838666666666754, '7633': 1.2599583333333317, 'chibougamau_chapais_a_2': 3.4855833333333273, 'la_grande_4a': 1.8170000000000002, '49848': 3.058000000000007, '50723': 0.5947666666666471, 'cap_d_espoir': 3.90299999999999, '51237': 1.009000000000011, 'manouane_est': 5.930999999999983, 'cape_whittle': 5.180999999999996, 'puvirnituq_a': 0.31599999999999007, 'riviere_au_feuilles': 0.38823809523809416, '30266': 6.143999999999988, 'parent': 1.3137999999999934, '52918': 2.442666666666666, 'la_grande_riviere_a_2': 2.864200000000002, 'kuujjuaq_a': 0.7213619047619133, 'lourdes_de_blanc_sablon_a_3': 4.809000000000015, 'fort_montmorency_rcs': 1.8249999999999886, '50857': 2.680500000000009, 'parc_national_des_pingualuit': 1.1204999999999945, '46507': 1.4710000000000107}",2.639497588,
2017-07-01 13:00,"{'41738': 1.5729999999999826, 'mont_joli': 2.2120000000000086, 'iles_de_la_madeleine': 1.3190000000000026, '49489': 3.01433333333334, '53139': 3.445533333333344, '52998': 1.6795833333333334, '9026': 3.9600000000000115, '50723': 2.994166666666665, '50248': 7.245666666666676, 'matagami_a': 1.5417500000000004, 'puvirnituq_a': 3.299999999999997, 'sherbrooke': 5.865466666666656, '46507': 0.3174333333333266, 'natashquan_a': 1.6820000000000128, '44283': 3.2003333333333437, '30266': 6.483750000000008, 'schefferville': 1.6823333333333483, '3987': 2.4150000000000063, '52604': 3.5160833333333343, 'kuujuarapik_a_2': 4.065000000000008, 'onatchiway': 3.0340000000000167, '10197': 0.47733333333334116, 'gaspe_a_3': 0.20374999999999766, 'quaqtaq_a_2': 8.220000000000015, 'bonnard_1': 5.174999999999994, 'eastmain_river': 0.04160000000000608, 'parent': 1.7094999999999985, 'riviere_au_feuilles': 4.137999999999995, '51237': 1.4743333333333233, '7870': 2.01199999999999, 'la_grande_4a': 4.062000000000001, '52918': 0.3119999999999976, 'sept_iles': 2.410999999999987, '47527': 4.963333333333342, 'chibougamau_chapais_a_2': 3.507000000000005, '50857': 1.8219999999999956, 'parc_national_des_pingualuit': 2.7660000000000036, 'lourdes_de_blanc_sablon_a': 0.5609999999999999, 'lac_eon': 3.1840000000000064, 'kangiqsaulujjuaq_a': 2.155999999999988}",2.843557083,
2018-07-01 13:00,"{'7870': 6.518000000000008, 'wemindji_a3': 6.829000000000008, 'la_grande_IV': 2.1204999999999856, 'kuujuarapik_a_2': 5.328200000000004, 'bonnard_1': 0.3639999999999901, '50839': 0.6192500000000081, 'l_assomption': 7.605000000000004, '47547': 2.9898333333333404, 'matagami_a': 2.0374999999999943, 'mont_joli_a': 4.085999999999991, 'kangirsuk_a_2': 3.3489999999999966, '9026': 4.073999999999984, '10197': 4.832799999999985, 'l_etape': 4.702999999999999, '50857': 2.1479999999999997, 'lac_megantic': 5.304000000000002, '51958': 1.0068333333333293, '9004': 6.242533333333345, 'puvirnituq_a': 1.809400000000002, '52898': 2.5647500000000036, '44283': 4.476000000000003, '53519': 1.489499999999996, 'chapais': 2.206500000000009, 'lac_eon': 1.228999999999985, '51137': 0.31150000000001654, 'chevery': 1.0639999999999894, 'cap_d_espoir': 4.864000000000006, 'salluit': 7.0321333333333325, '27533': 6.97900000000001, 'kangiqsujuag_a': 6.274166666666668, 'schefferville_a2': 2.860999999999997, '52918': 4.29000000000001, '50478': 0.7689999999999877, 'parent': 4.4691000000000045, 'lourdes_de_blanc_sablon_a_3': 0.5249999999999861, '47567': 2.426999999999989, 'riviere_au_feuilles': 1.9440000000000026, '7633': 0.37109999999999843, 'sept_iles': 2.7806666666666615, 'iles_de_la_madeleine': 0.9850000000000065, '50723': 2.019249999999996, '42123': 8.623333333333342, 'kangiqsaulujjuaq_a': 5.589800000000019}",3.444456977,3.14478817
