1956-07-01 13:00,"{'4148': 10.48242779141385, '3944': 5.654120761376147, '5097': 23.577013967959594, '5930': 7.8735153168955385, '4353': 14.702784251565834, '5776': 6.464349817159355, '5617': 9.07241128241074, '5502': 5.096134926415761, '4132': 13.945192218335745, '6024': 4.7150230102993, '4036': 7.898192194665495, '5690': 12.590451907052426, '4088': 11.296553054560174, '5994': 10.579867081137028, '4168': 8.780623906538132, '4615': 15.495392189658167, '4102': 9.274101355007323, '6095': 9.771525682179734, '4301': 16.75245006405524, '4172': 9.816407532293704, '5920': 6.641792005015556, '3919': 3.031561084289206, '6094': 10.071893541811939, '6058': 8.42435635090353, '6096': 9.377875453127892, '3960': 4.897755900978687, '5948': 10.919049173498731, '5798': 3.7891319115347146, '6098': 7.779453450936672, '6036': 8.366025422995104, '5871': 6.7379830322336725, '3914': 21.31200140302163, '6082': 9.74358278023723, '5698': 4.973006196388776}",9.703059001,
1957-07-01 13:00,"{'5580': 9.443465181209755, '4477': 1.446550082552575, '5908': 0.654655132778116, '4822': 0.7827468899364577, '4151': 0.7919636370717406, '4209': 0.41065369114731337, '6089': 8.340317960967297, '5401': 0.2733385257708485, '5835': 1.5797585492350124, '5946': 1.4249765968168415, '3952': 6.357143157248361, '4141': 0.8497294749842812, '5781': 2.140996451754413, '4023': 0.7283529457694428, '4110': 0.8587804252721336, '6058': 1.1220213730012345, '4664': 0.36126228358567714, '6054': 6.915936976869833, '5690': 1.205472129912344, '4233': 1.2257337500242338, '3914': 0.94228896699691, '5698': 2.115773459663564, '5798': 1.7744078984897724, '5766': 2.194881714924489, '6082': 1.9323829035097766, '3919': 0.7026951981704381, '6045': 0.5560979615986386, '4014': 0.6466474272510729, '6095': 3.587709887717407, '6098': 9.709188957929877, '5920': 1.104573594155957, '6083': 0.9048332388512399, '4172': 0.5770837857873239}",2.232194552,
1958-07-01 13:00,"{'5916': 0.9111870091936627, '5257': 2.780773204758767, '4127': 5.771738126667445, '4373': 5.897266631908957, '4411': 3.577494072004101, '4025': 11.62336916628573, '6095': 2.069390741380694, '5832': 3.904749817845323, '3936': 18.614999713302538, '5975': 16.804635052314733, '6089': 10.328107945679534, '4615': 1.85011354954558, '5810': 4.758979145044426, '5715': 4.331660529894856, '6094': 0.991273039119072, '4042': 3.5275673986667293, '4201': 1.1422369272122674, '6056': 9.06941619216244, '4168': 7.739990096975242, '4215': 2.3528353563788538, '5949': 7.810179984685747, '4142': 19.670066617041666, '6098': 0.787055030558431, '3917': 7.148873658804893, '3919': 4.081081226547048, '3996': 4.088847408282388, '6082': 7.377804651990422, '6083': 6.649088959309718, '5698': 10.857810257687142, '5798': 5.436728702191579, '3914': 5.355691260806644, '6058': 5.1145652915137525}",6.325799274,
1959-07-01 13:00,"{'5934': 19.00127091552931, '4640': 12.13647634985442, '5525': 18.696966296260523, '5864': 3.569787575896294, '6081': 6.029790859071941, '4178': 13.09430225185673, '5761': 12.027096366964475, '4201': 1.3568685499081141, '6093': 11.69492827832847, '4088': 28.55626355688853, '3914': 7.934988357106753, '5621': 3.624481026550887, '4115': 8.77085398961623, '3999': 3.7960723739025024, '4588': 13.218327776106293, '5760': 8.244601232496741, '5793': 10.416916264220463, '3943': 4.828449228472981, '4592': 2.8397664094029107, '3920': 6.761998129441848, '4859': 4.24065776112813, '6024': 15.968138739857462, '5726': 12.72781119083093, '4021': 10.058471670346355, '3996': 7.027338280357881, '6083': 9.463027723900373, '5698': 10.042213495949358, '5268': 27.565636239841144, '6094': 9.53632968144058, '3917': 3.1521910030411737, '5690': 11.012713261274369, '5920': 5.061916978959234, '5742': 12.89278487412802, '6082': 10.530835812755159, '6058': 12.133794833759216, '3926': 8.390419902394369}",10.17790242,
1960-07-01 13:00,"{'4612': 0.6843846159426749, '5565': 0.16181999663160562, '5788': 0.25629043661422696, '4195': 0.3932113517816762, '5875': 0.1787386437125949, '4161': 1.546148952100145, '6058': 0.8188765337469075, '4233': 0.26183957307281597, '3987': 3.7444651339937653, '5623': 0.3525654494237684, '6027': 0.3248767958175498, '6087': 0.7856332978216782, '4215': 0.5382866452949568, '3943': 7.919268159477028, '5798': 0.43082774921004696, '4076': 1.4805332676778669, '4721': 0.13012307870287104, '5913': 0.48319167134647284, '4055': 0.9350010646399205, '6094': 20.14070336136314, '6083': 0.16469029647856392, '5690': 5.585699560967947, '3917': 2.9004138401241684, '5979': 1.1670715533771414, '6089': 0.39727981597185913, '3919': 2.001389167470311, '6082': 0.9713631037205921, '6034': 0.6476585729213374, '3914': 2.9649019850049445, '6098': 3.2161251261715655, '5920': 1.4556019156384874, '5698': 2.646706333191469, '3996': 0.7560089666067493, '3926': 2.697687253697146, '6095': 7.216286853504648}",2.181590575,
1961-07-01 13:00,"{'4584': 2.330751291517745, '5411': 3.298767914858045, '5043': 2.777217051284929, '3977': 3.4209521860528724, '5912': 2.7602735664646727, '6034': 0.3515821046896641, '4887': 5.007426413295833, '5607': 1.4907069024773258, '5949': 2.8646115098797202, '4026': 2.9302284359571322, '4201': 6.81329354446094, '5837': 1.9341623007807485, '3937': 1.7129102025602534, '4156': 3.5406973105837514, '5715': 1.6495144676476288, '6083': 2.0908030438325347, '3917': 1.7439377888884282, '4069': 4.993998126752826, '5874': 1.6788147797700366, '6089': 2.5719177913003075, '3926': 4.534475972774025, '3915': 0.12139065517316383, '5920': 1.5649923135170436, '5986': 4.549800185233689, '5499': 0.5557269102913476, '6087': 2.006701279671951, '6082': 2.6194709197071515, '3914': 0.5610221633425676, '5698': 2.2365579071931645, '6098': 0.6690674562681185, '5798': 1.4243775849942795, '6058': 1.8298606385985525, '6056': 2.2172826337712257, '6095': 0.3067579933579496, '6094': 2.7541172996757766}",2.397547676,
1962-07-01 13:00,"{'5578': 0.048553998956188886, '3938': 3.5838069859164925, '4584': 0.011296154129485718, '5905': 0.09679101681412364, '5025': 0.02407379760912362, '4159': 0.09854865865734909, '5864': 0.06385526472375912, '5690': 1.1405152982703535, '4242': 0.026836833561978485, '5341': 0.03386013735102109, '3920': 0.12577653684823245, '4029': 0.05115860920318019, '4201': 0.013940880422646818, '5761': 0.20398791908999508, '4178': 0.03485185438227959, '4097': 0.023076006723643627, '4104': 0.030799151498265377, '5707': 0.13181654120906455, '6098': 0.35727093979576635, '6083': 0.07126183376824599, '4006': 0.2389307986031694, '5793': 0.23555030762528048, '4577': 0.01250667663709394, '6094': 0.17390140399959264, '6034': 0.05365967173316688, '6087': 3.7249038695824215, '6082': 0.162577197498793, '6027': 0.06908347040389641, '3914': 0.06678422829540212, '3926': 0.0633353768755763, '5698': 0.48258754241317886, '6058': 0.11853611846800625, '6095': 0.16239674511296792, '5760': 0.2928982168724394, '3917': 0.3109354756634885, '6089': 0.3504141700348463}",0.352529991,
1963-07-01 13:00,"{'5639': 4.052189745363156, '6049': 0.6674114032862315, '5816': 10.276864949106782, '5112': 2.065188397734669, '5968': 27.984311083790878, '4706': 1.8734270188746915, '5341': 5.472149120419856, '5891': 15.85850730823817, '3930': 4.489792676631446, '5871': 10.215903209128692, '3987': 2.8138863803397625, '5798': 5.501003587472848, '4192': 1.4407270798503733, '6082': 4.349525163514865, '3926': 0.4096156856164037, '4076': 2.65051610326331, '4115': 2.268485252703436, '4088': 1.2391253984800414, '3996': 1.8036995906514293, '4178': 3.934547814384128, '6083': 4.298134114126386, '6098': 6.63636167135653, '3919': 0.06347834027865318, '6094': 4.94500240898908, '3914': 2.544274861847663, '5690': 2.7343213142748866, '6034': 5.01874170909097, '3960': 3.948494594238124, '6087': 5.045966149081423, '5694': 1.5281700329415218, '6095': 4.4021651125163626, '6089': 4.700846888270717, '5698': 6.540682292979708, '6058': 5.949752222348556}",4.933037314,
1964-07-01 13:00,"{'4837': 1.254753032558483, '4890': 1.55579808157328, '4161': 3.0132848559108636, '5912': 2.8282453178779736, '5950': 5.620929714191247, '5385': 1.0984993119552475, '3917': 11.024177808634828, '6025': 1.5081801248910873, '6079': 2.10324980357887, '4354': 3.2270236114093525, '5646': 0.8113631436457716, '6089': 1.8306508018615621, '3943': 1.4378836428170747, '6082': 5.088950248461752, '5788': 0.8100326992770175, '4104': 1.1123022401360454, '5977': 2.5718754188379775, '4577': 3.065824520891514, '5800': 0.30945686622229807, '6090': 3.6640258803811103, '4716': 3.676605012692477, '3919': 2.7699288297838347, '4023': 1.1385908179594937, '6083': 1.5800931412298793, '4092': 2.5520849218430084, '3914': 1.961098572185021, '5893': 1.2103641348836758, '6098': 1.012916698701295, '6094': 4.67050484199805, '3926': 1.7447342347801709, '5672': 6.907677151054809, '5975': 1.8336042944573254, '4168': 1.5125024618663807, '5698': 1.1944043324931917, '6058': 1.0996052504811828, '6095': 1.7542578315198167}",2.51542999,
1965-07-01 13:00,"{'5356': 0.1961511988411882, '4110': 0.15484198415791495, '5930': 0.21116290373168123, '4796': 0.7329654667855465, '5627': 1.4001288806416414, '4577': 0.2757041993904773, '5820': 0.12709919255311677, '4385': 0.12155839416873813, '3920': 6.97379437033253, '3985': 22.561165366407238, '4154': 0.2358941396162635, '6037': 0.7528286091267369, '6056': 0.8738695220850695, '4973': 0.1564170117357824, '3917': 5.4338220330465345, '3926': 0.6870966198679209, '3993': 27.40801145015969, '5871': 0.32320548529545184, '6089': 0.7015026709963037, '4644': 0.3758642637899512, '4169': 1.0124583421007907, '5977': 0.2923150129558787, '6098': 0.4565245399770981, '3937': 15.16106047638495, '5893': 0.2822027228939681, '6088': 1.5189856903241736, '6077': 0.3137787119798054, '5742': 0.19072907444201842, '3914': 2.0391737908051333, '5672': 0.2301702627223836, '5698': 0.18088120201295754, '6082': 1.1748464168536046, '6090': 0.929377966237835, '6058': 2.052162538502559, '5798': 0.16223103095312535, '5684': 3.3109693834205567, '6083': 18.81354804186208, '6095': 0.6427475075771389}",3.117559118,
1966-07-01 13:00,"{'4776': 0.3478511904979512, '6057': 1.60500659186687, '5563': 0.15300931079496016, '5939': 0.3118542747463094, '5878': 0.3852841145487859, '4125': 1.3829854005618953, '3993': 2.1041975543357454, '5625': 2.1171865357531625, '3947': 3.041869307492084, '6013': 0.27410931209726075, '5871': 0.4463524456793014, '6043': 0.27313761240552914, '4892': 0.2504633133182736, '4104': 0.8341591847536334, '4168': 0.1279400025831725, '4092': 0.3377236241577604, '4664': 0.11628633047357681, '5746': 1.582307363256909, '5800': 0.2660578577663698, '5893': 0.20183386972026235, '6090': 0.5460396580685083, '5660': 0.38290200896239124, '6059': 0.6859846503861331, '6058': 0.46856866266845804, '6098': 0.01799291046374818, '3915': 15.455692194246973, '6089': 0.44974133401778255, '4157': 0.5495829933493475, '6082': 0.5233490597505719, '5984': 0.22265376328441455, '6095': 0.40274440884649343, '3914': 2.1749541534064525, '4029': 1.217610184379248, '5683': 0.37149233530543113, '6083': 1.8345107533365907, '3917': 12.379543692252996, '6088': 0.3658408986047237}",1.465103212,
1967-07-01 13:00,"{'5490': 4.027588198323169, '5687': 2.657281720989526, '4978': 41.02912666259544, '5036': 3.314669651138436, '5891': 2.9090159262228905, '3944': 2.1269006077493104, '5852': 2.963312973293338, '4004': 4.619207485024078, '6085': 4.864845990737441, '5527': 3.974707200936399, '6059': 0.26344746001676533, '4353': 1.4692262508182132, '5893': 2.7187438433711355, '5994': 2.624578969636149, '5650': 2.285416255785165, '4142': 9.788875741873984, '4135': 8.653156501938986, '4632': 1.5872956035621533, '5946': 2.2348056483573258, '6052': 1.4172717523185727, '5746': 2.5615025759859598, '6058': 3.4156395897782064, '4093': 5.553307575695364, '3914': 5.117583191141536, '3947': 4.482224369967605, '6095': 3.4069894766671487, '5698': 2.22735686898303, '6082': 0.674382067558176, '3920': 4.367896853154771, '3923': 1.8631444708331375, '5683': 2.6461984926749675, '6088': 2.9796604756251104, '6089': 4.529298311901757, '6098': 2.0400707922634114, '5800': 20.753495679802185, '4168': 4.664218907290121, '6083': 4.530986492311343}",4.901173801,
1968-07-01 13:00,"{'5817': 3.155069929905155, '5742': 5.532276290202424, '5847': 7.3297293398486945, '4862': 5.021105562033345, '6098': 3.801172015978932, '4988': 3.347792639856325, '5591': 4.704802704933713, '4590': 1.8616319746573005, '4577': 0.08059442868632072, '5502': 7.409357930818544, '5887': 4.610394908883583, '4155': 0.3005249434990267, '5994': 4.503261873662981, '5852': 4.656360049764096, '5715': 9.066848696078244, '3938': 3.8839495925650995, '4055': 2.8827535543827185, '3920': 26.88734081628436, '5962': 11.970496004099921, '3914': 4.873252317036588, '5635': 3.9473869027807598, '6095': 4.172533163069985, '4076': 1.6416078270839778, '6036': 8.156492103010567, '5800': 3.5943198002647976, '3996': 3.2724171967762685, '6088': 3.447115261043408, '6090': 3.7826818348776374, '5668': 2.6162150927021948, '3923': 5.44149190472863, '6089': 6.711281106368903, '4088': 2.421448570065126, '5698': 3.3396229079870245, '6058': 7.494535503159557, '5893': 6.249948088650296, '6082': 5.207569364961369}",5.204871728,
1969-07-01 13:00,"{'4826': 0.3535383540842213, '4460': 0.3821193293174335, '5400': 0.795591542141951, '4109': 0.6544159414917069, '5334': 0.9142623971156731, '3930': 1.005842384335194, '6051': 5.3269690727913535, '5780': 4.447570283684751, '3914': 0.9820461099517526, '5809': 0.9091038701672541, '4277': 0.4003301495331925, '3987': 5.110178940402559, '4146': 0.3398223316079106, '5833': 5.446127781439842, '5896': 0.6081614491589928, '4049': 0.6514417976415379, '4719': 0.170090155804189, '5798': 12.43515757506134, '5573': 0.521106006028385, '3917': 0.18077819170285658, '6082': 0.5271987194361158, '4155': 0.9896875994197203, '4169': 1.9555581468472618, '5698': 1.018274426420514, '6056': 1.0248318670773902, '3925': 0.3919846509811517, '6034': 7.457336594766331, '6058': 1.5975239228805824, '5668': 7.935120413790603, '5683': 1.307743962556094, '5893': 0.023622950216844574, '4209': 0.20850691494019613, '6088': 3.493777097104566, '4147': 0.9980611254780232, '6098': 0.3974986100631064, '6083': 1.7443290823998774, '6090': 1.5548600507059618, '3947': 0.44963746487748724, '5685': 1.504709505040038, '3919': 0.5180380120096033, '6095': 0.9849419235148231, '6089': 0.8230004989057706}",1.870021362,
1970-07-01 13:00,"{'4442': 9.613215197032456, '4049': 3.3994942877029457, '5785': 1.1776322689203327, '5685': 0.789618429917019, '4340': 0.5893397718610416, '3974': 2.6604166919674572, '4180': 3.0859476761389306, '5864': 0.9643753686983823, '4635': 2.900521370067578, '5378': 1.5500536033086654, '4706': 4.362258328944019, '5966': 2.805495906228664, '5650': 0.7683604232616903, '6089': 1.5177473949050857, '4189': 11.579033758549482, '6019': 3.2783814982754294, '5899': 1.0138533032946873, '3961': 2.9050678832827503, '6098': 1.1213274904110162, '3925': 0.988714788207385, '4135': 7.37041565394417, '5800': 3.6422747930464254, '6058': 1.080903414557347, '6083': 2.241661147448376, '4093': 2.942339582764789, '3919': 13.420118435995551, '6082': 1.7907557564314103, '6090': 2.375673086936408, '6027': 1.7569493630974526, '5698': 0.7909193188610799, '6034': 2.022613747526928, '6088': 0.8249873973117023, '6095': 1.5409177920902217, '5796': 0.9163304857054033, '3976': 2.988070628718587, '5683': 1.139606022382577, '5893': 1.3698431527395734, '3914': 26.108562515656956, '5668': 1.6456623568297086}",3.411268208,
1971-07-01 13:00,"{'3969': 3.306349372492357, '4784': 1.8366502525637494, '5248': 3.913352386146005, '5258': 5.3900410559909275, '4198': 1.534209494875168, '5788': 4.0980307819316355, '6021': 2.214027808968159, '4143': 1.6271857962017262, '5785': 10.217465537632448, '4048': 2.955142566982298, '6027': 3.9649724988789843, '4112': 1.1321791862023, '5728': 4.234859172408463, '6034': 2.038435140322265, '5903': 5.679762412971405, '4721': 1.0029732427802716, '3914': 1.9121178451723617, '5959': 1.8002069726536454, '5800': 7.388237278071121, '4109': 3.7027402982565656, '3938': 3.24530588138197, '5715': 4.2993160456115085, '6058': 6.486212981664189, '3987': 3.679864054656328, '6083': 2.9678046812229883, '6090': 2.1807203999197866, '5676': 4.324729040389251, '5698': 0.45774534153060653, '6088': 4.1710510629399815, '6082': 2.7125365238272665, '6052': 2.8981635151717837, '4961': 0.9246416511667412, '3919': 1.711295678873171, '5683': 3.9166968504276882, '4147': 2.600300735496492, '6098': 1.909383940486662, '6089': 2.380440863139716, '6095': 2.6638155627496514}",3.249446419,
1972-07-01 13:00,"{'4252': 1.9104060112934151, '5429': 3.0608794154498433, '5527': 23.7572164274961, '4628': 1.5927468715310913, '5814': 1.281902716629316, '6081': 1.4030816432442395, '5742': 0.38259171862504493, '4210': 0.8340346027526161, '3929': 2.1217110857745336, '4001': 5.495170982802099, '5690': 2.1358797348388974, '5877': 2.5604455747642603, '5918': 1.3128906591430207, '4147': 2.1989125225554007, '4180': 1.4281010870302329, '4644': 1.0960596358109471, '6043': 2.1645525096422347, '5573': 2.51902871973253, '6088': 2.905071346601375, '4132': 0.7533210439329507, '4025': 0.3389503213472074, '6034': 0.569771070763422, '5798': 2.2925216348369406, '4567': 1.142537245558298, '6082': 2.1846113326976235, '5893': 5.378476782289407, '3923': 1.9226470719620572, '6097': 2.5475142600396894, '6083': 2.202193503827502, '3914': 0.45316065455946286, '3920': 5.903547904810154, '6058': 13.544029798991776, '3947': 1.8366608511636764, '6098': 0.29075019083464104, '5683': 4.050324497845695, '5698': 2.330317277805722, '6095': 18.612313477319077, '3996': 0.7853665354126718}",3.349992072,
1973-07-01 13:00,"{'5040': 2.3621456439310275, '5516': 1.436311521755198, '5778': 1.8249290761655068, '4243': 1.8973375329826165, '4132': 0.20466789632557814, '5905': 3.770424634455172, '4320': 2.837090482429711, '3957': 3.3436530739365464, '4168': 0.2290148990492371, '5651': 4.32574307985248, '5986': 3.002986849430171, '3995': 1.757907905277616, '5848': 1.3641488024121697, '5798': 3.9872067383577723, '4716': 1.1359230114522436, '5690': 2.710964004866789, '3919': 1.8282053166716385, '6028': 1.5412755205877078, '5689': 4.772705466243928, '4109': 4.097944917833686, '3987': 1.7098074852762166, '6068': 4.385108958645815, '4012': 1.8428392618152434, '3923': 1.419419489079966, '6083': 9.818253322514664, '5893': 5.626491294556782, '3914': 2.1593043097718763, '5966': 0.10222817555666541, '6082': 10.205793990926768, '6088': 3.140553310896859, '6095': 1.4536907962647643, '6058': 12.370133344795441, '6097': 2.2793849594144637, '6098': 0.0595422807369701, '4210': 1.4277417728229556}",3.040882261,
1974-07-01 13:00,"{'5937': 3.2263173820972972, '5264': 2.134211723595616, '5106': 1.4256816843255427, '4132': 1.2369518740111831, '6088': 1.9472603630504282, '4083': 0.8490040843901832, '5511': 2.0185386823396394, '4584': 1.0438966540021348, '3915': 4.185059329672669, '6048': 1.2745995555638263, '5642': 0.9225607444000525, '5749': 8.953338056989741, '5831': 1.705858601856316, '4164': 1.1780996456713984, '4298': 4.185770530673113, '3917': 1.3139532501646556, '5679': 1.6884003365659317, '4012': 0.9841138049772848, '4168': 2.877716852135474, '3938': 1.4508297714435123, '5700': 2.596530345353563, '6095': 1.7384181875571352, '6009': 1.6691596618762203, '6082': 1.4005407222320976, '6097': 1.557233120649587, '6071': 4.7169000499937574, '4002': 0.9253768164984686, '5798': 1.333061538136599, '6028': 2.666885159015524, '5715': 2.912994398770923, '6058': 3.5943866175151653, '5893': 0.4907678739412642, '3996': 10.371024359304956, '5966': 1.1270552712413258, '6098': 9.160388306799552, '3914': 1.030373752579606, '4154': 0.9943245076937263, '5698': 15.882780362147454}",2.862377999,
1975-07-01 13:00,"{'5802': 0.2880219675899408, '5428': 0.6367358698721364, '3953': 3.241317345097669, '5820': 0.3094070158507856, '4126': 0.8203634006362878, '4194': 0.5277159104783532, '4594': 0.44103522832767894, '5192': 0.43385737019799775, '4049': 2.955933560529973, '3915': 2.9430376602204302, '4385': 0.21796325735099975, '5722': 5.7214624798153295, '5966': 0.655060722312912, '5668': 0.5257124172337867, '5904': 0.9139068313873807, '4606': 0.23567424224575922, '5660': 0.4245905122209447, '6053': 72.93416498858777, '5659': 0.0566374363686582, '6068': 2.626117082177179, '4164': 0.2570749869441957, '5994': 0.8126347344646117, '6088': 0.9887912694570294, '6027': 1.2594592873106933, '6082': 0.7781845874618345, '4147': 1.6111639683349184, '4676': 0.3034031822641077, '3914': 1.4469652442952952, '6097': 1.0212834806165456, '5273': 0.39756852528288816, '6083': 2.333245671784702, '6058': 18.95560488397654, '6095': 0.8321685744407179, '3976': 12.283282540832555, '6098': 0.6603023753084141, '5798': 0.38206301152760197}",3.923108656,
1976-07-01 13:00,"{'5192': 9.183197883004409, '5588': 11.454045477190764, '5817': 19.60511652994808, '6064': 7.5247326723846, '3914': 6.805343412489098, '5903': 6.372784227769545, '5675': 8.152024869074328, '3964': 5.545526407944061, '5444': 6.621998155128189, '6034': 10.200388690279905, '4692': 6.406651917077033, '4236': 10.522577362873921, '5832': 6.231341207844665, '6098': 8.050630492578458, '4164': 8.32246308590059, '4192': 2.7088304118609265, '4210': 8.750105073310001, '5722': 10.039145352543196, '3996': 7.430132792735765, '3994': 6.417740073968404, '5949': 5.393640718877711, '3961': 6.254156288751642, '4666': 6.851346708574516, '5746': 12.02838838737544, '6095': 9.43858130841532, '6088': 9.409652421951112, '6097': 9.415544355421156, '5691': 11.4411037002223, '6058': 9.18955585761371, '6056': 9.269956673359273, '3919': 8.876611591751388, '4126': 7.613373082521949, '6082': 10.789604476537349, '5800': 9.750478207614023, '4147': 8.379220111656442, '6083': 8.84970746989792}",8.591547152,
1977-07-01 13:00,"{'4750': 3.239241661037198, '5685': 1.859062207792209, '5490': 1.1599508136041565, '5839': 2.50654200327683, '5668': 0.39280641094853297, '6053': 19.12117078820204, '4142': 3.457109866052273, '4859': 1.363381518862555, '3919': 22.427536972536053, '3939': 1.7258652641263803, '6003': 23.479696663083296, '5588': 2.695672088518568, '4052': 2.596658072230052, '3976': 3.992944957852306, '6097': 0.15702834755912942, '5500': 0.6949436802296081, '5686': 3.0290120297697265, '5798': 1.9574198721338092, '5949': 2.0011305971851505, '5779': 2.2864192068821727, '4507': 13.932656603088716, '4208': 0.13522018183483375, '4168': 0.0659733739748356, '6072': 18.792244253164913, '3995': 3.426302669255614, '6095': 4.728737705334193, '5978': 10.262133008544803, '3914': 3.721766331398767, '6098': 8.527043085870877, '3996': 2.300414537298781, '6058': 1.3238704537124946, '6088': 2.088083641703892, '3923': 3.441859074909209, '6082': 3.888729506824461}",5.199371396,
1978-07-01 13:00,"{'5830': 1.4924062448102875, '5450': 0.22942028467820866, '4255': 0.47641229318798733, '4653': 0.16205736388764874, '4489': 0.3542161489133989, '4144': 0.10981387392754635, '5779': 0.755389814574939, '4719': 4.360396907080169, '5916': 0.2911455942411584, '6047': 0.28171529923306976, '3966': 0.15707790954742332, '4147': 1.2683983129125211, '6028': 0.25348097912904505, '4043': 0.3445075824901888, '5130': 0.1739227769314745, '3995': 0.18959904967315416, '6088': 0.44046687345618063, '4178': 0.31212616769518153, '5960': 0.1711858689757031, '5993': 0.4062672352279033, '6091': 0.3098909818540118, '3914': 0.4692172543348988, '5722': 0.5630481812098388, '3996': 0.26607140184340883, '5668': 0.5439690840120877, '6051': 0.14694742742824576, '6097': 0.33037898676756927, '3920': 0.5164587606582893, '5851': 1.0839209734345356, '5799': 15.328511724261787, '5715': 0.9022063571385703, '4210': 0.33703418342571767, '6095': 0.06813169778815076, '6082': 0.3685262119971745, '5893': 0.48895404266261977, '6011': 0.29968686373335773}",0.951471131,
1979-07-01 13:00,"{'5389': 3.5937720257712016, '5649': 0.9791424781508695, '4608': 1.0153538025198792, '5224': 7.226150715523701, '4052': 4.897178130649166, '5824': 4.533739830769231, '4113': 4.726392686026515, '4881': 12.588273640583358, '6050': 6.7594582175181905, '5952': 11.283661844614427, '4375': 4.322031297054803, '6040': 8.794423781999933, '4092': 15.520632172641742, '5916': 4.4987784305983745, '3939': 5.5688400199511, '4025': 7.162233061504631, '5668': 10.008215177844637, '6034': 10.997248303342014, '4173': 10.785602141536486, '5852': 4.800638988671288, '6091': 9.030889196257755, '4308': 8.305133750340245, '4001': 5.937293065038443, '3923': 5.065191992943608, '3919': 6.864590928749542, '5683': 4.676617753139034, '3914': 7.502255370535713, '6083': 9.262086428846178, '5798': 10.139581570108742, '5685': 10.790455265689161, '6088': 9.013981463772641, '4147': 9.516804476896931, '5893': 2.4020983174448727, '6095': 10.18019144324077, '6097': 9.692058215083044, '6082': 10.064633966570511}",7.458489721,
1980-07-01 13:00,"{'5929': 10.60308004423969, '6050': 21.47302692756125, '3938': 2.7060345046138865, '5237': 3.121427005350416, '4456': 1.0722353720953788, '4055': 0.7203993625482323, '5813': 0.3083409626748965, '4093': 4.022352427122533, '4859': 1.6711501201672914, '5830': 3.61533607119104, '6014': 7.178844087380932, '4779': 3.306426891205244, '5621': 3.022293041355246, '3914': 2.2605733614759966, '5793': 4.66556777467091, '6067': 7.159353399208316, '5722': 0.9545314213443445, '4002': 3.4273133944745187, '5799': 3.6766877984327033, '5685': 3.580137011024187, '3920': 1.9879302194684525, '5312': 0.9656381029270724, '4132': 1.5385113011458347, '4173': 5.287513013892352, '5668': 3.696550718286932, '5893': 12.85571595836522, '6083': 7.677233957806325, '6097': 3.89157920063823, '3923': 1.3361946143703973, '6058': 6.036091822832435, '6098': 5.580041219409512, '6095': 3.8586978836729555, '6082': 3.759767725535175}",4.455047779,
1981-07-01 13:00,"{'5639': 1.0406519516366637, '4092': 0.8417850890661456, '4881': 0.3818242152408833, '5223': 0.42896714598985425, '3919': 0.3370463920391224, '6004': 0.591925171768836, '6011': 0.32376101997774914, '4664': 0.21862294576956165, '4002': 0.39533999283240623, '5644': 0.2227807478648457, '6091': 0.26733475068904194, '5855': 0.2731435914464641, '5940': 0.7139223679691942, '4185': 0.6839962746086056, '3914': 0.37727802181527237, '5793': 0.21255628335969837, '4052': 0.3522005985621874, '3960': 0.29803821307411243, '4593': 0.5093419873454971, '4147': 0.33389647238277265, '5536': 0.5363940886678813, '6095': 0.478932565414973, '5893': 0.18752222765388135, '5660': 0.27922598868158816, '4061': 0.5240074318114165, '6031': 0.39888663399592555, '6014': 0.5251703714618545, '4178': 0.39678401943355196, '5746': 0.22001292478759082, '5676': 0.45219906574761737, '6083': 0.3352488247614344, '6097': 9.626194367172202, '5798': 0.18365176528176794, '4653': 0.7088766730318397, '6082': 2.4364035683385667}",0.745540679,
1982-07-01 13:00,"{'5842': 2.1980691286900704, '5631': 2.15755468086715, '4170': 0.4782972248350157, '5936': 0.31127143576156413, '5746': 1.806767540557249, '5158': 0.9760526721691432, '3996': 0.7759065222432628, '4647': 3.052299555073051, '5462': 0.23733624907680806, '4690': 1.2782769376718228, '5711': 6.799142788147478, '4003': 0.8802108113569833, '3973': 0.6468744231441113, '3977': 0.8086645014576832, '6098': 8.572952597330142, '4155': 0.4184347485921729, '6034': 16.90966403898066, '4147': 5.66976435247219, '6031': 3.990400790294911, '3919': 0.8548198460225203, '6040': 1.2545584110787782, '4065': 0.47972697459654656, '5683': 5.911944185781475, '5799': 1.6650530005998763, '6097': 1.4037243852923011, '3914': 0.745118488887949, '6058': 3.703056519723603, '6083': 1.370038162303081, '5893': 0.600563556098383, '6095': 4.31713042868212, '5965': 1.5253830132133608, '6082': 1.2205428442483919, '4538': 0.4579570326030379}",2.529622965,
1983-07-01 13:00,"{'5339': 3.3050156868602993, '4924': 3.2181688853795993, '5785': 3.381737847244872, '4194': 11.003311140021722, '3938': 2.124117248416509, '5673': 2.2213881527766497, '5746': 0.5667747268872145, '4291': 10.024132235322519, '5691': 1.0444834237818466, '4054': 2.8007661694529276, '3919': 0.9216267465077914, '6014': 2.042315987003698, '5627': 38.79849413822354, '4706': 2.3342803179475844, '6011': 1.3708876687107612, '6023': 0.6252466518456785, '5909': 4.397246401619475, '6075': 6.997555445956181, '4156': 2.5658110775075715, '4093': 2.903940419322252, '4168': 7.12198799199612, '5644': 17.763983415850426, '3914': 2.949536954729081, '4043': 3.6052409483058154, '5799': 3.3585296034926526, '6098': 3.0148813875484892, '4107': 3.0774951164398394, '5796': 3.6393910951747523, '3917': 4.184328889050798, '6082': 3.360109100533714, '6095': 3.6842082670183203, '5893': 0.7844767345139139, '6083': 3.704883783479251}",4.936253141,
1984-07-01 13:00,"{'5832': 0.39526557490657477, '4255': 0.10940426132007512, '4919': 0.10549762236533766, '4146': 0.04220504596118551, '5225': 0.11222293891949961, '5881': 0.12462091256572665, '5848': 0.1468694300680347, '4574': 0.06526348393352639, '4075': 0.07507393406747032, '5669': 1.2093630012188785, '5893': 7.149429469300388, '6095': 0.41096905056450705, '3948': 5.481986135810672, '4054': 0.2278377073852136, '5985': 0.08053434359651557, '4065': 0.03722375237411264, '5799': 1.3119105006073382, '5715': 0.09617156329964527, '4164': 0.07432787776718972, '6034': 0.8620776471489588, '3969': 0.6447308643401047, '4028': 0.5170079859240413, '6031': 0.07680189931521988, '4252': 0.058669314629308744, '5650': 0.7164852978949989, '6091': 0.3735505037488021, '5683': 0.08573005403768758, '6040': 0.6200234442571261, '6082': 0.22847953935064036, '6023': 0.09161751365398785, '3914': 0.20181364665960574, '6083': 0.41859175803037796, '4147': 0.3647827169831126, '3919': 0.18688829046778427}",0.667747855,
1985-07-01 13:00,"{'5860': 0.2336921603680864, '5368': 0.4674843923766374, '4956': 0.7608942760239101, '5633': 0.7057909154755009, '5969': 0.4874233777843646, '5716': 0.38545328264759654, '6020': 0.07604124709977089, '4156': 2.8608318761334806, '4201': 0.5457640982226728, '3994': 9.008581637447163, '5909': 0.31413581430388987, '5893': 0.7394607623899476, '4706': 6.124368779319246, '4107': 1.3148346592372246, '6095': 0.5065598992327528, '6003': 0.613042237033371, '3953': 3.2236494387738164, '4168': 0.14614347314534426, '5748': 0.33053194045028733, '5742': 0.332544294196598, '5877': 0.2801932946185451, '5660': 0.3160563395074688, '5746': 0.6334380486992466, '6097': 0.6084432182877145, '3920': 6.711058945289677, '3996': 2.675664691547238, '6011': 0.6622466640465784, '4556': 0.8076388522419199, '6082': 0.9377294142450898, '5644': 0.400276284532433, '3914': 3.2773365023725294, '6098': 0.3517838173821256}",1.463721707,
1986-07-01 13:00,"{'3914': 0.22818954739412267, '4540': 1.5017100317499534, '4244': 0.9392693333392093, '5705': 0.33665764905898443, '4168': 9.22976828080772, '5411': 0.5697810315235411, '4680': 1.3690245796278029, '5954': 0.6614073052024141, '5703': 0.43490509374576675, '5978': 1.3279941921462441, '4142': 0.4627561820769748, '5794': 0.4869853180713654, '4440': 1.119308141905157, '5728': 0.6394592595715146, '4075': 1.1735039588139353, '4121': 1.193315935482472, '3919': 0.4274350662474333, '5660': 0.48977444552579963, '3923': 2.470428413883085, '3997': 0.5484734789097239, '6026': 1.102264606632457, '5748': 0.06380687709041655, '3943': 4.178059388460578, '6003': 4.798868083580838, '6082': 1.1452483099602695, '6098': 0.5780109459424753, '4003': 0.8548782651461604, '5456': 0.21362718068522568, '5927': 0.5279723372001347, '5722': 0.5709617579195276, '6095': 1.2823438873839719, '6053': 0.9631650158313931, '5893': 0.5351242835794353, '6038': 0.977078204655335}",1.276516364,
1987-07-01 13:00,"{'5838': 3.89744078180642, '4071': 0.2756484469614348, '4919': 0.268250745173867, '4247': 0.16100422512268134, '5644': 0.18101444200116523, '4589': 0.5134668570530473, '4159': 0.4346723764262007, '4375': 0.1334708728259716, '5502': 0.2411553452353684, '3952': 15.002514442218517, '5927': 0.10127965081783508, '3994': 5.018225294172659, '4164': 0.5461755393637837, '5650': 0.7614499884197568, '3914': 1.7893048510762528, '6083': 0.1733588269021184, '5852': 0.29162724237012894, '5705': 0.14485612122726407, '5685': 1.3715438461942313, '4099': 0.565959386165362, '5276': 0.13343016816953784, '6097': 0.39916474978964084, '5748': 0.2764792407714595, '4168': 0.42695702927498913, '6098': 1.858588314920755, '3920': 8.301813502449402, '6053': 0.40228631795548375, '5893': 0.20295607783180486, '5669': 15.899940756766895, '6026': 0.7555168750590684, '6038': 0.050034609492581816, '6082': 0.4394545508569718, '6095': 0.38894361462725474}",1.860848033,
1988-07-01 13:00,"{'5256': 4.519436289652091, '5883': 9.003313322764583, '4761': 6.237780627942311, '4078': 1.2805851079215262, '5633': 3.414911473687458, '3952': 4.672154166326052, '5742': 2.2482760087818967, '6080': 2.8366907949302393, '6095': 6.078322398306682, '4619': 1.3821247851819725, '5860': 1.8165435243274413, '5846': 11.768249705627136, '3994': 1.874612770757299, '6098': 5.84666071902476, '6083': 6.341095192287967, '3996': 1.6140511470647299, '5794': 46.157470794412774, '6026': 4.351210393449014, '4156': 2.6509641054798103, '4168': 6.015015433014133, '5715': 4.26108399141004, '4512': 3.2257062204937643, '3919': 4.432375860136283, '5669': 7.21434513761841, '6038': 4.55915472639302, '5893': 5.102983840610035, '6082': 5.358707138296816, '3914': 3.243555590143411, '5748': 12.201594697888059, '5644': 6.303792123192963}",6.200425603,
1989-07-01 13:00,"{'5978': 1.5056793430445818, '4686': 1.5493136730548471, '5941': 0.9740388070548089, '5256': 4.10306745597561, '4898': 1.9288912205936164, '6083': 2.573548687889562, '5752': 3.1254892895342747, '5722': 2.8327985467288244, '5761': 2.562800957885801, '4540': 0.8268193553952711, '4027': 0.8681254598515707, '4215': 0.7631069494008986, '5746': 2.307109979695477, '4092': 0.7446840553787111, '5748': 3.1465450858060633, '5846': 8.963148233760782, '5660': 2.1707987892482965, '4180': 1.1477453130124038, '4062': 2.6416573424053116, '4463': 1.0021474857355706, '6051': 2.2689601349067936, '3914': 1.5283913224561192, '3961': 1.733136044003642, '4168': 2.644937737808775, '6082': 1.9619471785710143, '6098': 2.493880240888566, '6095': 2.106040103456237, '6038': 2.0147808450506535, '3988': 1.221727445807515, '5607': 2.2090729876594315, '5893': 3.1019519794646433}",2.226527163,
1990-07-01 13:00,"{'3966': 0.9511752192126923, '5494': 17.02136484871077, '4772': 1.3705192206233054, '5746': 1.1362942739754798, '5005': 3.298431750823804, '6053': 0.9556105161817513, '5640': 1.2899986435510895, '4215': 0.8831324724922606, '5781': 0.9877508015617653, '4180': 0.8502671022824206, '5965': 1.5706145387215653, '6095': 1.176431673998279, '5972': 1.0946016618544592, '5239': 0.46858728463339383, '6003': 1.6097330919990802, '3988': 0.5330465418946658, '5853': 1.6240442088562586, '5660': 1.4714725884186008, '4041': 0.6003543558180785, '4647': 0.3299343075164425, '5929': 1.4780272272901909, '3914': 0.5899045317128475, '3997': 0.8087192217418666, '4085': 0.9659188251104154, '5644': 0.10502946932299229, '6029': 1.0188004229026602, '6038': 0.914663409581892, '6098': 0.3659707617402832, '4147': 0.7835164261507384, '5893': 1.1141932542278816, '6082': 3.4168106954315767, '5748': 0.9077002504788092}",1.615394362,
1991-07-01 13:00,"{'4437': 0.525841655442669, '5511': 0.44903539995677094, '5251': 0.5395008272995776, '3943': 2.7280922739368654, '5669': 0.5709705098219962, '4168': 0.8016807505930241, '4911': 1.1460447721431481, '6004': 0.837804175217743, '5823': 0.5666240121526522, '4118': 1.0327510777629991, '6029': 0.5525260626838078, '4665': 0.7438142625306192, '5642': 1.2388360406564556, '5680': 0.3551554204581973, '4140': 1.5745733990919368, '5940': 0.4150500483792943, '5893': 0.7440183326889928, '3988': 15.312217414852942, '4025': 0.3652052266484145, '6047': 0.963835610476883, '4093': 0.7763837323470317, '6038': 1.3004809862821896, '5748': 0.17117312398655726, '6095': 0.9846996030740127, '5722': 4.023955499390232, '4062': 1.5319309880216947, '3914': 2.94865632524799, '3917': 12.217428120863602, '5660': 1.23438476100654, '6082': 0.9762311736192406, '6098': 2.1121733036176282}",1.927131448,
1992-07-01 13:00,"{'6083': 1.5926986275336041, '4625': 0.30996584605415445, '5703': 1.3986081404676818, '5300': 0.620337549967343, '4892': 0.26844908691425867, '6005': 0.3987532920980633, '5650': 0.25140543058096476, '5669': 1.3014974151526433, '4178': 0.4789535043636279, '5893': 3.1086374168848447, '4279': 1.9196852855458306, '5857': 2.858674326528736, '3953': 0.4049970649947881, '4201': 0.39262425526853595, '4107': 0.3640543903028566, '4429': 0.37085493005370385, '5926': 1.0735833505487915, '4147': 1.4754828606511952, '6098': 1.7495407624586161, '6095': 1.0741859463142023, '6038': 3.2885380590591544, '3988': 1.1311577268780038, '4062': 2.521373994221266, '4027': 0.8523394500174192, '5748': 9.975259546989875, '4093': 15.931247828787182, '5644': 0.5870802375254203, '5715': 3.0729272826595873, '6034': 0.5981035406964825, '6082': 1.2598711260423507, '3914': 0.8236975223029328, '5605': 0.3817514117701355}",1.932385538,
1993-07-01 13:00,"{'5397': 0.1617087487301786, '5817': 0.0615941066607359, '4760': 0.39652366768145864, '5612': 0.14579222246951767, '5832': 0.07842603362380429, '4252': 0.054160288236889356, '4555': 4.625173121653429, '5748': 0.0908296835266585, '6047': 0.23765649873839464, '4146': 0.16198626472976266, '5644': 8.330993013624768, '4157': 0.5408268148598905, '5686': 0.08533498663098282, '3966': 2.3983011559802394, '4215': 0.21265351779498, '5937': 0.06565966678234841, '6899': 5.995270345446944, '4092': 0.36936531489632607, '5660': 0.12096084312058224, '6075': 0.10462350162716443, '4008': 1.807620575443325, '6026': 0.09661682519032601, '8456': 0.872942572695798, '5893': 0.1511737125629981, '6082': 0.27690585305127874, '6098': 0.08907035216422754, '5965': 0.37615090207763974, '4168': 0.2260113316501926, '6038': 0.36712806156387884, '6095': 0.15066146407165035}",0.955070715,
1994-07-01 13:00,"{'11008': 1.92426850646899, '5817': 1.6654843038271852, '5322': 1.298419522734146, '4291': 1.9557996135571851, '5832': 12.246685458649555, '5627': 5.796261492417534, '4715': 1.6505581302800918, '5660': 3.021421688063258, '4524': 8.85023102619852, '4071': 3.8269153815787753, '5929': 8.815899805977287, '5987': 0.8953544395715407, '4054': 0.9692293937605303, '4156': 31.1598620358343, '5757': 2.2612573960193334, '3950': 4.16054540462238, '5644': 2.8316117152127442, '5669': 1.9698816860376396, '6095': 2.597532832036113, '6083': 2.3821903276201186, '5742': 2.9596482837326357, '4062': 2.5403700213142195, '5893': 2.0587991394279013, '3921': 3.629105477178273, '6038': 0.9352614960595975, '6026': 2.066242318879465, '3917': 1.4104726642180845, '5748': 0.3863309743283412}",4.152344305,
1995-07-01 13:00,"{'5571': 2.8301846559220043, '5460': 4.823085453783017, '5682': 18.324811694351755, '4647': 1.203248266396953, '4408': 3.1889456077593197, '5794': 5.165927777322297, '4225': 6.2396690955633645, '4113': 1.8213688003421904, '5893': 5.36921996990419, '4140': 2.094171957496952, '6049': 2.925751450295938, '4018': 3.4260983822951996, '3928': 2.17793317082749, '5757': 19.50726797079356, '4003': 2.834806798715592, '7632': 0.17475938841893823, '3917': 1.6780648539596275, '10204': 15.020696393979255, '6083': 14.288695790735815, '10244': 2.125311596830686, '10763': 6.910641725745565, '8456': 3.8812509625401725, '5669': 1.9090153808238917, '5660': 5.355414654474216, '6098': 5.724887964050102, '5644': 5.468837868071742, '5909': 3.1636437688218644, '4099': 1.9434260540129447, '6095': 4.458529528004432, '5742': 6.779020865561824, '10804': 2.696421899940848, '6038': 3.244418678257575, '10197': 4.013497355389447}",5.174818963,
1996-07-01 13:00,"{'4140': 3.6213659719553863, '4429': 0.21234484976227955, '5893': 4.972808147675455, '4093': 0.35859927514299383, '26797': 2.524250844549819, '6019': 0.5116554299923025, '6906': 0.28063429442235144, '4838': 0.11231116305804263, '5719': 0.9829570128122951, '5575': 0.24171262132214846, '4027': 0.45331821992910415, '5644': 14.782385990346212, '3966': 0.25281113657605964, '5863': 1.7384057299955142, '4194': 0.18940924895733813, '10244': 0.6644144148965585, '6900': 0.18785122717469818, '5428': 1.1336473006952505, '5748': 0.2540808743521745, '10204': 0.5844733227251578, '8456': 6.467728127975514, '5693': 2.259848596218001, '6899': 1.1533602407960704, '4671': 0.1385049786964246, '3987': 0.8333014215672528, '4107': 1.7559217469210788, '10197': 0.6863925474580784, '6047': 0.5831534647396777, '5669': 1.982868280903441, '8668': 10.470003241219056, '7632': 0.4888614320755214, '6095': 1.9721498976489125, '10804': 0.543654246981409}",1.921066221,
1997-07-01 13:00,"{'5031': 7.0993489516300805, '6051': 1.6235128397388672, '26798': 0.8891309646375505, '27195': 3.194044289184979, '5486': 3.002250604311363, '4247': 1.1947096368222259, '4125': 2.886463104073692, '3921': 5.7262838039712385, '5719': 2.7781016270506997, '10918': 5.758021589474263, '4607': 2.6572192557229553, '4156': 7.7111800998907505, '3943': 7.658280123141126, '4062': 7.014662218874286, '5669': 2.2220003114680758, '27535': 12.155660620404454, '4374': 12.062410728647235, '10977': 2.443151311427228, '7981': 2.6966773360192864, '5909': 11.939708763080064, '4085': 4.2612949316668525, '8456': 1.7656310887382312, '5644': 3.1606042623345747, '6095': 2.6065819834129047, '6047': 3.629636318239585, '3923': 11.56325609022683, '4168': 4.600761009123054, '8675': 1.7655110107945395, '10204': 3.215138050881825, '10197': 3.7833252167580245, '6098': 6.0828199875353945, '10804': 5.027656834165505}",4.817969843,
1998-07-01 13:00,"{'5954': 2.0858745688046025, '4333': 5.799869663884198, '8999': 23.518601072352578, '5178': 1.660723337940608, '10244': 1.0755045319563548, '5875': 1.2215726107749854, '6081': 1.6517643478905788, '4699': 1.2582910627572568, '5519': 3.0207745035479023, '4054': 1.4018342134103787, '10204': 6.083309898338278, '3923': 0.9725439260568, '4107': 0.9471697903712031, '8668': 4.096661647128843, '4607': 0.653085133122247, '7632': 1.762913315731259, '4194': 0.9974710946191856, '4157': 0.9980007250647457, '3931': 0.9324867560925139, '5893': 3.2175114053001237, '10815': 0.14759472938125828, '10197': 3.0248275546588004, '6047': 1.9961851001069444, '6095': 3.3039217111262884, '3945': 1.0773740567921248, '5660': 6.7249162025602285, '10804': 1.1887526059143614, '5909': 2.7922634736448124, '3987': 0.9371841383764856, '6098': 3.5222589035256746, '10763': 8.438094300263668, '4093': 0.8105862385521646, '5669': 31.31011256631831}",3.897879854,
1999-07-01 13:00,"{'27082': 9.05809313413978, '5686': 7.509002045086845, '5858': 2.7183532349587214, '4300': 10.241085541036457, '5325': 17.830641278475635, '7593': 8.643498785602794, '26778': 11.794496037718732, '7595': 6.519480283845374, '3923': 2.3572742347822597, '10977': 8.596853107125856, '10865': 9.555197024272935, '10197': 8.745470250653893, '5669': 8.388941225843427, '3943': 5.732862636830959, '5913': 12.25753661102912, '4722': 12.276641330808221, '5619': 28.248836385242914, '3987': 8.68309735924574, '6083': 10.078645036981717, '6095': 2.485563214605828, '9001': 8.7610912766287, '6005': 6.2179526093476944, '4180': 12.109796324534283, '10763': 10.642622778574875, '5977': 7.5823343530473775, '10244': 6.437612236836863, '8456': 9.676279728052988, '4062': 6.627779662199002, '4168': 7.5343381375599, '10804': 6.2817231617604605, '7633': 9.94369123429509, '6098': 11.872506931043535, '10204': 9.811085231578893}",9.249102498,
2000-07-01 13:00,"{'5462': 4.685811341988291, '4835': 3.7092125572618477, '4132': 2.8235498873500324, '5794': 7.986333680187476, '3932': 3.1408878859886347, '10903': 2.1153294278450376, '5269': 6.120595468761236, '4716': 2.1538336781654968, '5889': 0.29166938569309986, '10804': 1.7050446011976508, '5988': 1.1020980275811634, '4055': 0.2463904834798809, '5669': 0.5374734790179714, '4456': 2.449494388889985, '4111': 20.45635245832062, '4374': 1.854916785263352, '6047': 13.397103286587008, '3923': 3.89863244097406, '27326': 2.209015496259048, '5715': 0.7716326786375092, '6098': 2.55965305933514, '10197': 3.7409661150947646, '4003': 0.26831681759349557, '5785': 2.826551011774401, '10204': 1.1603396690558094, '10865': 8.415032304743844, '4168': 1.105542459727853, '10244': 3.2631850683930224, '10763': 1.0256585078574192, '6095': 1.2064542797639084}",3.574235891,
2001-07-01 13:00,"{'5838': 3.809207086206956, '4180': 1.6069839414468312, '5285': 2.6465692576726036, '4816': 3.5202938869016833, '5972': 5.85809162463504, '4440': 3.299889099811308, '6902': 4.636630675598182, '7632': 5.00901434999156, '6098': 1.3988783997241967, '29368': 3.5921345689483495, '27603': 3.994670307588663, '4099': 3.536143169041488, '5748': 8.240399942051654, '10898': 11.656142356693593, '10804': 3.398600556741501, '5669': 7.900669293466466, '5715': 7.55747450073408, '10874': 6.398841003427547, '6083': 7.083768143356432, '4647': 2.722226420888368, '6026': 19.034043109774508, '5254': 6.271852204326328, '6095': 0.3727460577071291, '3997': 3.2327610266644866, '9029': 0.869589230845218, '3921': 3.1909954481875737, '5965': 1.2088073111615643, '10197': 5.6834013190973485, '4003': 2.445748618649148, '5722': 15.562278627533072, '10204': 6.879488508611868, '10791': 9.54893245218123}",5.380227266,
2002-07-01 13:00,"{'3950': 0.2138873956338636, '5564': 1.739903058588038, '31048': 0.4509400549543919, '10977': 2.604437690433976, '5606': 0.9213228885768008, '5936': 2.257820406324652, '4121': 0.39357343356722707, '27488': 0.36589139367959195, '10918': 0.7350673662364335, '10849': 1.207634186996225, '3997': 2.161809501728879, '4607': 0.27594352305695224, '5966': 0.9742876796580311, '5854': 23.82036288717655, '26889': 1.3784422242257848, '10204': 9.04566110566696, '10903': 0.617203344729867, '6083': 0.5386394527027352, '4140': 0.5265627035353893, '6095': 12.659558891036264, '3921': 1.0235843220197696, '10865': 2.068825579994072, '3923': 2.038915498871625, '5748': 2.134654462114288, '6098': 4.750185672396266, '4524': 0.28773240222976587, '10898': 2.82206187858346, '4168': 1.309161633164281, '6038': 1.3344413724254, '5669': 1.6302704563406147, '10804': 1.578871398105868, '26798': 2.6343577424208617}",2.703187863,
2003-07-01 13:00,"{'29368': 0.7625900662489435, '4538': 1.5420356604303456, '5248': 1.3300480122296052, '4712': 1.6532165655340891, '10871': 3.598868797535947, '4647': 0.8454274201618626, '6083': 2.732773190098617, '4132': 0.10376348101313804, '27612': 2.551595138876878, '7632': 2.7824714911727226, '5669': 0.5189819788728496, '5662': 2.6820902551234367, '5715': 16.83189405371332, '10791': 3.1068261192337348, '6899': 13.045564702887287, '5794': 0.14365148669604944, '5502': 2.2898623630021318, '27443': 1.8543023463572816, '10244': 3.623221963133948, '6038': 2.0351760801584815, '4093': 1.448044453421849, '10804': 2.990035491317328, '10763': 3.158123831908706, '6095': 14.368662688046223, '4157': 1.4920241319076517, '3987': 3.769269517143536, '10918': 1.80407588066738, '10204': 3.5949624352279956, '6098': 0.44722784449461184}",3.348509912,
2004-07-01 13:00,"{'4862': 1.1088040426024781, '10873': 1.1872624119865849, '5934': 5.8240953139572875, '4003': 3.1418041789349864, '4607': 2.13692823309393, '5542': 14.97489029661919, '5993': 4.6204923032144425, '4699': 3.6890646321124603, '10849': 3.202529978648344, '3923': 3.668115912025022, '10973': 2.3412486047333783, '6083': 6.992465452055645, '8536': 5.966062488291286, '5857': 7.268901988283287, '3950': 3.013049067308372, '7981': 2.8268630507611583, '4140': 2.3260996867430483, '6038': 4.561619171818003, '30667': 2.4738344053527364, '8539': 19.776528135045858, '5669': 3.697703920837035, '6098': 0.6161766262321269, '4132': 1.4718860949738668, '10804': 2.6754387686101664, '10244': 2.74374325906693, '8675': 6.355999411432581, '10874': 6.252315433565609, '6095': 6.196658497046055, '4168': 1.0994020918960428, '4099': 2.7399661122865133, '10865': 8.601001573546107, '10204': 5.296401280994623, '10197': 4.562126785475477, '8456': 5.178045295605217}",4.664338956,
2005-07-01 13:00,"{'5615': 1.4884466994514707, '10874': 2.6349360344587502, '4524': 2.023635289746237, '3943': 2.797689206882106, '26889': 0.3756822388894676, '4816': 3.778452282250514, '5936': 21.59611249441722, '5502': 3.4188686567207043, '4121': 2.9572805974706666, '7593': 3.549485084900139, '4862': 4.666232743256931, '4062': 10.871844745426099, '6005': 0.1441472262069574, '8536': 6.732123301254594, '42123': 5.3746552709798445, '8456': 4.057519245344052, '4607': 1.9900550324496311, '5954': 1.6721920526778438, '6038': 14.690329266415322, '6083': 26.970921094681465, '10197': 3.8115837365398297, '10244': 0.9953123557815737, '4180': 1.6877151955199658, '5748': 5.171446614537311, '6098': 5.6553987901714775, '27443': 2.8068212118927605, '10898': 2.34065447228342, '10204': 6.348485310498626, '3923': 4.499651221404294, '8404': 5.910343389113505, '6095': 0.2603889114775191, '10804': 3.0410040606391164, '5669': 4.4984397784384855, '7633': 7.01984016808408, '5858': 5.191830598963795}",5.172272125,
2006-07-01 13:00,"{'5618': 8.431169662408044, '44806': 7.088424333818619, '5315': 0.42837055202942587, '5794': 7.459485406377326, '7595': 0.050492642372388374, '10197': 10.80240509800831, '30247': 9.767766068616993, '3939': 13.175640408739898, '26887': 0.029168332249614792, '5940': 4.44541848668387, '27674': 16.60152995114312, '26773': 0.772161914663986, '6047': 8.197401515652716, '5988': 27.125734952871298, '5715': 7.8586694431280595, '10815': 0.16124580851121006, '6098': 11.967156634746548, '44204': 6.300984640071597, '27326': 7.436303874118121, '26798': 12.90234390091597, '6029': 9.294770373883487, '42123': 12.497104811091596, '44143': 5.458900539043434, '4493': 4.709798517752856, '4157': 24.885077233149158, '3921': 11.831557607661226, '10763': 7.267613749632648, '6095': 4.112362549710685, '5669': 7.525931330871828, '4099': 43.3515256962159, '10204': 11.07241258956969, '3923': 0.341767239067833, '10804': 5.05075286523974}",9.345498446,
2007-07-01 13:00,"{'5514': 0.7444038194914705, '7633': 0.650238172890503, '42183': 1.4339785444516477, '5623': 0.7031615341681055, '5701': 2.7487997554932067, '5794': 2.000517630214749, '4715': 0.38147464280026044, '44163': 6.727506169747876, '5913': 4.550802887351731, '44324': 1.081133667829683, '7925': 0.789690569904709, '3920': 1.409101142714334, '4180': 0.6530985721433911, '4121': 1.1768392092162099, '10204': 0.6883496483297153, '4168': 1.0269893773156906, '5993': 6.1180465871762255, '26798': 1.8364498371108653, '6095': 1.5797605780163315, '10763': 2.434258446512943, '5715': 4.238709936697179, '6098': 0.46977487194643386, '10918': 0.6645946097692177, '10804': 0.9600873366267251, '6083': 1.283490784504509, '6005': 1.2510798956709555, '5669': 0.1509751009165936, '8404': 1.8679897723914856, '44143': 3.6398483102405583, '27443': 3.886174744529155, '44204': 0.7556533980668532, '10197': 1.344304756774558}",1.851477635,
2008-07-01 13:00,"{'7790': 0.6407866703955513, '5913': 0.38683232278505086, '4121': 0.7114709615593208, '4252': 0.5009854616030507, '46427': 32.01107538977302, '5406': 0.5793628483840085, '4647': 0.3117928087766524, '10849': 0.7339992309201697, '4157': 1.7621563868254215, '5857': 1.28312505310241, '5510': 0.42882273253395115, '5627': 0.740437181923878, '10804': 15.081742626328214, '5650': 2.2750323099326426, '44204': 0.9948528356603275, '5669': 0.6717397210564781, '5715': 0.6502407355974855, '4099': 0.9729492665286599, '3939': 6.508554788768855, '6047': 0.44186625950821945, '44324': 4.6746717443158, '30164': 4.804634945305693, '42123': 0.03726689677243833, '9001': 0.8126019274495366, '10763': 0.5381166604388685, '7747': 0.41853260413908083, '27443': 0.8203395671688704, '44143': 6.674281296929563, '10204': 1.8983621166100815, '4003': 43.14254003963798, '10244': 4.398104537701273, '8404': 10.025544362964721, '3923': 13.288489388789175, '6095': 0.8048718973249938}",4.706652458,
2009-07-01 13:00,"{'5701': 1.469656433036354, '5398': 3.866419759489066, '5027': 5.751425528536574, '44143': 0.28743970364313, '4121': 3.0753403840431193, '5615': 1.91531167131365, '5794': 0.9331385412300142, '3966': 5.652482759659086, '10791': 6.841725546907451, '10872': 2.3576476601729093, '7633': 9.50108130365476, '6098': 3.525948889033391, '32473': 1.699943061024787, '27674': 4.166616631858531, '27443': 1.378551754759496, '30168': 4.195371180997804, '10197': 1.860376639278642, '4898': 0.46206254693619275, '42123': 1.8808464785338939, '44204': 2.4058163927715888, '3920': 1.7468218587686706, '5748': 3.204787939652009, '26893': 2.7904531773403525, '30246': 0.9567819918674445, '6047': 0.563838973643144, '8404': 2.7918082482252373, '4099': 5.188268003072238, '30166': 4.751991234561771, '6095': 5.040869115765986, '5669': 3.1269267102775204, '10804': 3.364093376421145, '45349': 3.778354802222885}",3.141631197,
2010-07-01 13:00,"{'4125': 0.3753207547530744, '5259': 0.9011543178203755, '10999': 0.5902997842791828, '7925': 0.7596204997609444, '5650': 1.5494704818649232, '3966': 0.4904927372446697, '10869': 1.0099377700650696, '5785': 1.1049999273897357, '5633': 0.6769764530070543, '30435': 0.5633070703026323, '4168': 0.8986294606973937, '8675': 8.273421404991895, '10244': 1.8094759989120166, '44143': 0.9164183161811602, '6005': 0.6563285413444607, '4057': 3.4697526892732045, '26778': 1.6079026183197658, '10804': 0.12047326826166227, '5940': 0.3869808580116725, '4093': 0.49088935800010536, '8404': 1.314829621831597, '8456': 0.23776808693632345, '6029': 0.14071634576320613, '6095': 1.3607303423492914, '44204': 0.08003951679248678, '10918': 0.8659820991566903, '9001': 5.777461218149796, '30164': 0.692028926418168, '6047': 0.9153613045948737, '30166': 0.9234455756181829, '10197': 1.1157001358012941, '5669': 0.392296749084581}",1.264631632,
2011-07-01 13:00,"{'27194': 0.5040861695344887, '31688': 0.48386952461261423, '5255': 0.31451122607496623, '5575': 0.37182907712748353, '3969': 2.5336656174783614, '4647': 1.6132846068387514, '10804': 1.1844373111906095, '8404': 5.053249507597789, '8536': 1.2995946757495733, '42967': 0.55057612709654, '4157': 0.6886297997807574, '5940': 0.1606169719143275, '6095': 0.6100453775061454, '6047': 0.6477273920226181, '26778': 0.3490719074390808, '4093': 1.5770534895882662, '3997': 4.2582294158872465, '4132': 0.2367828801009758, '44143': 0.9800071832387653, '4003': 1.9920005029571066, '6029': 0.2620204198621019, '10791': 0.14458445475267734, '30164': 0.6618301900032917, '4168': 0.630023316566784, '5669': 1.0366016826367437, '10197': 0.5988270283592223, '3932': 2.071309556499717, '10244': 10.219361092305645, '8456': 0.5538869585872644, '10898': 0.6486706910868909, '30166': 5.456478503646164, '5748': 0.8562701068229523, '44204': 0.577864187690859}",1.488696877,
2012-07-01 13:00,"{'4168': 0.21000235698161873, '45967': 0.279304889593462, '48373': 0.24062409019325331, '3987': 5.812664805926502, '10843': 0.28922480217278335, '32413': 0.35495514060678146, '6083': 0.2848181335544322, '42683': 2.335814261286166, '26778': 0.3048329785842058, '44143': 1.079200054434789, '8404': 1.7630039810776972, '8997': 0.25519010524313107, '5814': 0.5859713946380312, '4111': 0.7556472173222453, '27865': 0.5190400943619216, '8456': 0.8064999229167455, '10849': 2.295327795440764, '4308': 0.344841943791417, '6095': 12.121494062234252, '42967': 0.24554713438228087, '3997': 5.252694513344316, '49648': 0.25073588734602686, '6029': 0.45496404913153954, '5748': 0.6838076623975675, '44343': 0.7021716209413492, '30166': 0.5851067969059872, '5779': 0.3801603084684201, '10804': 0.46735473678353595, '5615': 0.5651679563937555, '49848': 0.6096667528301292, '49649': 7.245065859128004, '5669': 0.12706362822336126, '10197': 0.32914818862028444, '10244': 0.7286505473659945, '7633': 2.6480480491575427}",1.483251763,
2013-07-01 13:00,"{'49649': 2.6987695832693155, '10955': 2.8550352998086383, '48974': 0.19819015310249044, '10197': 0.5715401658045868, '5936': 1.5929390917039297, '5310': 0.21842181445125824, '50822': 1.5340320309244289, '3997': 1.4138057730896278, '50840': 0.7634277834739116, '4236': 0.3937046987810031, '27194': 0.9769600572391721, '42123': 0.28874034991001585, '5650': 0.594492568966575, '44204': 0.5770029757163444, '5966': 0.6508491023151732, '5988': 0.9118255777132473, '7633': 0.525661240896516, '10244': 0.45429022614617764, '30266': 38.82227069198416, '48971': 0.646243659802685, '10804': 0.535737977581479, '46507': 0.163280122690052, '4099': 0.6452743881485733, '6095': 0.7658697982072199, '9001': 0.6069081082126901, '4635': 13.436302749943431, '50723': 0.4701898877968331, '44143': 1.1566021992821747, '26778': 0.7139004625405464, '48228': 2.3490720371287246, '46427': 0.8750326746223651, '10763': 0.6109908836593598, '5669': 0.4643907113012628, '6029': 0.6073080483150413}",2.355560673,
2014-07-01 13:00,"{'30164': 0.17584412910221214, '51958': 11.344166782834844, '4474': 2.583796940898939, '5373': 3.3401841307228537, '5913': 1.713144116715462, '4762': 4.358778483886419, '27612': 2.189125688767514, '49389': 4.095194315485468, '27535': 13.011777462013164, '51138': 2.813700395824489, '5545': 3.7087705668820843, '30166': 0.7898540888164369, '48788': 1.003825599100455, '51297': 1.7044344424096773, '10763': 3.05900894388411, '51219': 13.288766425209614, '48228': 2.382224245792936, '49488': 11.255172305492334, '3987': 2.918960980701313, '9029': 7.811425801891506, '42123': 9.026528062112309, '10244': 2.5212070001161564, '49491': 14.821022026585275, '10874': 11.50880087294943, '4607': 2.5788365919800236, '52179': 3.447210570180289, '8456': 2.1216537647185056, '44204': 56.3005653715444, '50723': 4.371358035178492, '27443': 10.159484487509417, '50822': 12.51541209862558, '30435': 2.430062443116773, '5669': 3.337840064492175, '8404': 2.887205845502658, '44143': 0.955618982291587, '3932': 1.6939282647256824}",6.506246954,
2015-07-01 13:00,"{'30168': 12.28535292903549, '5542': 5.688397776820516, '5988': 5.691234737210826, '44204': 4.746235797203162, '6904': 6.540130640445262, '5913': 16.236483697214666, '6901': 6.00864122421311, '48950': 9.301627438296189, '9006': 4.030284031333176, '26887': 11.213800730840426, '51219': 8.151873416683365, '49488': 4.949754917490968, '46507': 4.560849986130897, '9001': 13.510995607255568, '52898': 6.678836853101722, '4140': 6.175020547512364, '30682': 4.0982969516411005, '30166': 9.744592629499309, '30164': 12.61061383798663, '48788': 4.48848371622959, '51958': 5.469104139682696, '27326': 6.271174931251911, '50723': 3.7325459484446855, '50822': 8.938498022941506, '10874': 4.544375666778903, '53140': 11.73275429423422, '52179': 10.756676717469476, '27443': 2.3726091367799658, '53519': 5.010682827162991, '52918': 7.415015158500163, '27865': 4.748809547039497, '10763': 13.849212514947814, '3920': 3.2984479311673813}",7.419739827,
2016-07-01 13:00,"{'9029': 4.952413494501121, '5348': 2.008391202752809, '48974': 6.793824461994511, '27442': 2.022465548924612, '45348': 9.549992109686528, '27534': 2.018032996296033, '30172': 8.046352975154093, '4603': 3.5806334315648067, '4715': 6.251069232832698, '51297': 3.3014891201149705, '27603': 3.9036799001450166, '8456': 2.856558919432304, '27865': 5.8123060774547515, '52179': 4.680406480835759, '27674': 3.084418811039541, '4635': 6.115072269068136, '7633': 5.465015992493133, '10220': 4.717142897733404, '42123': 4.228777765392367, '30164': 3.755107478290011, '10244': 4.165275872171015, '52918': 3.767369107133632, '27443': 0.8514655557111617, '44204': 5.473126223505423, '51958': 6.450452968730995, '50822': 2.3562235958003797, '53140': 1.9858349419991792, '47547': 7.464622599757014, '5966': 4.3183834843749285, '49488': 5.481287656997466, '10763': 3.503416656542181, '10197': 3.9989641212924174, '26798': 3.8933463232780956}",4.450088493,
2017-07-01 13:00,"{'30578': 23.90564616877063, '5502': 6.37645289539179, '31688': 7.28697675741619, '54378': 1.9176771469368568, '49488': 6.305294554223449, '10244': 7.272470804499581, '5918': 1.6552172766729907, '44323': 4.482898467142714, '5988': 8.728020871361837, '50822': 13.042712341775001, '5701': 13.417458583119599, '30455': 1.0666170135249535, '30168': 6.8970754249553785, '10763': 5.989766557646659, '53618': 27.784850447336346, '49649': 0.4752143870393093, '48188': 1.8039163619066798, '8999': 8.956227058725322, '8404': 6.741899824730915, '5858': 6.0490956705957055, '50092': 6.202880134321588, '42123': 5.695353191607703, '52604': 4.749644284653716, '10197': 5.61808226698428, '27443': 10.988811658880032, '53140': 5.331647563989976, '49648': 8.310934836523273, '3987': 3.114434802821148, '52179': 8.173366223658821, '49848': 6.470624650285773, '48228': 6.894706453394123, '48974': 8.199997476755016, '50723': 0.629965775672888, '52918': 4.999241518209649, '26798': 3.1121423215687347}",7.104209194,
2018-07-01 13:00,"{'54604': 2.0980538953877095, '4333': 2.5162355743679408, '30435': 6.5971258807645885, '27326': 1.6144521691706277, '53678': 2.343239822766141, '5398': 2.3429757219156846, '10872': 1.4611869055615005, '9001': 1.8660260772802275, '48228': 1.8006347105639084, '6005': 14.292945199475412, '49848': 3.370890175415484, '4121': 1.9273635819591814, '3966': 4.704523553030502, '53140': 1.9487811151907382, '54698': 2.4978826767970594, '52838': 0.8759389585757036, '30682': 20.22116791370427, '42123': 1.9133592018672179, '44143': 2.1034875609982624, '50822': 1.865419171990104, '27443': 5.927127365803031, '3920': 5.472526085861634, '51219': 4.57686474440362, '48971': 1.589317121499161, '5969': 1.8187680401432846, '50723': 3.5244976058244513, '10763': 0.27518517456728575, '10874': 3.7361601491804812, '44204': 3.019860903297369, '30166': 2.109288651157447, '8404': 2.1051845869173893, '52179': 1.602874555907575, '52898': 15.424867311084075, '49649': 2.322956388214243, '50857': 1.8623303013743673}",3.820842824,3.828610953
2019-07-01 13:00,"{'4140': 0.7198334160583737, '10871': 7.998706708997783, '10815': 0.9826047720614822, '10955': 0.4930806170369405, '5977': 0.6238843958407041, '50722': 0.43711124049844, '51958': 0.48019503022566756, '44143': 1.422270033820464, '3966': 0.7824793098655493, '5642': 0.6543511321313787, '51219': 0.6454917927661806, '51237': 0.4584946609007512, '27443': 12.610388454577594, '51297': 1.3150845187629152, '4656': 0.43297681364910023, '10791': 6.612157543667282, '3987': 0.19246334744260649, '26798': 3.167935800061689, '53140': 1.4563074089593044, '54558': 1.9359076688495014, '5126': 0.5259345624196161, '48971': 1.2320149413325865, '52378': 1.1982386003093974, '42683': 1.2918810356540997, '54606': 0.6885278027544621, '49648': 3.973489552313671, '50822': 3.8522365376563386, '48788': 0.4321135600841519, '48950': 0.6876799646777365, '52179': 1.2182779254116833, '10763': 14.640391882042184, '48974': 1.0250056802773189, '5966': 1.8080218022826449, '49649': 3.1965029965787686, '52918': 0.9889464333237169, '8404': 1.547530008327226}",2.27023661,
