1956-07-01 13:00,"{'4180': 0.48076000461241186, '4477': 1.4566056840545478, '4168': 4.030505195278447, 'schefferville_a3': 4.860745575101362, '4132': 11.83181665831702, '4055': 17.929066608662957, 'quebec_jean_lesage_intl_a': 3.4786285450789514, 'grindstone_island': 7.419107833805292, '3987': 6.730508461012004, 'kuujjuaq_a_2': 1.763868835425317, '4337': 3.184807530431108, 'val_dor_a3': 3.5171234332621317, '4716': 8.565595628964985, '3969': 8.947774569471743, 'inukjuak_ua': 7.034567243921106, 'sept_iles_a': 13.935652447919086, '3914': 10.979916506622509, 'lake_eon': 1.001401091332598, 'mont_joli_a_2': 15.58224379490223, 'nitchequon': 16.22775912014665}",7.447922738,
1957-07-01 13:00,"{'4157': 0.1297030391476035, '4716': 10.267954649876494, '5043': 1.3955966857060105, 'grindstone_island': 0.5999751154229926, 'montreal_st_hubert_a': 6.486591642990323, 'bagotville_a': 7.411335463875691, 'kuujuarapik_a': 2.0881366842966145, 'maniwaki_airport_ua': 3.3231334467807905, 'val_dor_a3': 0.8472921997278497, '3969': 1.1666279198059932, 'sept_iles_a': 12.354649432494767, 'parent': 8.056976786116024, '4168': 4.762201436577797, '3987': 9.161571788889287, '4055': 3.3767362777529826, '4201': 6.457726970619586, 'inukjuak_ua': 5.592137350631095, 'lake_eon': 5.400717491071845, 'nitchequon': 10.222798132699328, 'schefferville_a3': 13.288543168941654, 'mont_joli_a_2': 8.024359697695605, '4538': 9.965880344388253, 'kuujjuaq_a_2': 7.33379517062998, '3914': 11.74487761829824}",6.227471605,
1958-07-01 13:00,"{'4168': 6.735573626375565, 'quebec_jean_lesage_intl_a': 14.771107865228291, '5051': 3.048828526900799, 'kuujuarapik_a': 2.6041919765314603, 'rouyn_a': 9.992689623334861, '3914': 2.4019316379491364, 'montreal_st_hubert_a': 2.8952589602852754, 'inukjuak_ua': 6.014952585811855, '4055': 14.240386549473126, '4132': 8.618008244140697, '3987': 8.877487263770966, 'schefferville_a3': 8.225302962974066, 'parent': 11.927502080421949, '4157': 5.571698236067171, 'sept_iles_a': 10.940524362534024, 'mont_joli_a_2': 12.305292268430811, 'maniwaki_airport_ua': 4.27951228517799, 'lake_eon': 10.634306656583501, '4716': 23.15174840057681, 'kuujjuaq_a_2': 6.389854705095125, 'nitchequon': 10.645628077330489, '3919': 1.9434078363253349, '3969': 1.7474704912520238, '3926': 9.354832742990133}",8.221562415,
1959-07-01 13:00,"{'parent': 2.919120187128488, '4055': 2.251193273178963, '3987': 2.4452139614299604, 'baie_comeau_a_2': 6.786677542462392, '4201': 12.640152304979086, '3960': 0.8095667425290323, 'montreal_pierre_trudeau_intl_a': 4.794882031061345, '3914': 3.1338846694489675, '4157': 4.363072318078906, '4209': 10.302614285783896, 'lake_eon': 2.261275827604159, 'rouyn_a': 4.309167040552822, '4716': 17.888437317192867, '3926': 1.5157559710041646, 'schefferville_a3': 0.01346086665202506, 'quebec_jean_lesage_intl_a': 2.0684359123720526, '5043': 8.198215094023539, 'nitchequon': 6.101773710800295, 'kuujjuaq_a_2': 0.8640038332091038, '3919': 7.575749706274845, 'kuujuarapik_a': 2.128145060325892, 'inukjuak_ua': 9.73104713825558, '4168': 13.38035597761258}",5.499226121,
1960-07-01 13:00,"{'schefferville_a3': 9.613917971637665, '3969': 4.0896662760478435, '4477': 10.4446747015038, '4157': 0.6085286474146407, 'bagotville_a': 7.577280701981188, '4168': 4.664335256136393, 'nitchequon': 1.8932845434027392, '4209': 4.970169903582198, 'montreal_st_hubert_a': 6.866305749653701, 'sept_iles_a': 14.981514890836273, '4145': 3.9966517731363265, '4055': 0.801958954443446, '4029': 10.439766983615264, 'maniwaki_airport_ua': 0.1506596900876378, 'lake_eon': 2.1579602038805987, 'mont_joli_a_2': 7.664869452653392, '3914': 10.510086141218924, '3926': 10.945890994411549, '3919': 13.263126041754223, '4716': 6.995725098110793, 'inukjuak_ua': 3.318307788768557, 'kuujjuaq_a_2': 1.6041846476465693, 'kuujuarapik_a': 8.330985924152632}",6.343037058,
1961-07-01 13:00,"{'4180': 5.116015461741522, '4716': 0.2502592463165314, 'inukjuak_ua': 1.6971320801432235, '3987': 11.00141329572947, '4132': 13.757355757477473, '3919': 4.937810530063921, '3914': 1.6839563924623846, '5043': 15.894182624360688, 'baie_comeau_a_2': 18.219654583174428, 'maniwaki_airport_ua': 10.291655929691846, 'montreal_st_hubert_a': 10.832700735428686, 'val_dor_a3': 18.925268086360187, 'kuujjuaq_a_2': 5.913907855780625, 'bagotville_a': 1.9033023039988386, 'schefferville_a3': 20.537228529756536, '4168': 2.849392047090401, '4538': 3.0197494688768423, '3926': 13.935165990239337, '3960': 9.71751235221797, 'nitchequon': 2.490523330415698, '4055': 3.1582322753852345, 'lake_eon': 17.589976284230026, 'port_menier_2': 25.818029516961833, 'kuujuarapik_a': 17.778941653049767}",9.88830693,
1962-07-01 13:00,"{'5097': 0.9996303381146916, '4055': 3.7292964754998508, 'kuujuarapik_a': 14.490855527619868, '4716': 8.377777597261012, 'port_menier_2': 8.12647953810125, '3969': 3.8272978278269782, 'kuujjuaq_a_2': 4.921992201065127, '4180': 2.23729975031808, 'montreal_pierre_trudeau_intl_a': 6.65936337966172, 'manicouagan_a': 9.612276606140455, 'inukjuak_ua': 19.734116679433303, 'lake_eon': 16.31641735532648, '4132': 1.0699323721924756, '3926': 6.68312456308745, 'quebec_jean_lesage_intl_a': 2.6889487975666917, '4168': 3.954166418875287, '3919': 12.32101758869765, '3914': 12.732969777838534, '4093': 10.28949743867108, 'schefferville_a3': 11.989743757669938, 'val_dor_a3': 2.0195613193868986, '4029': 16.250876441579678, 'mont_joli_a_2': 6.236805977410221, 'nitchequon': 0.005897837002827089}",7.719806065,
1963-07-01 13:00,"{'4802': 9.932950356649322, 'montreal_st_hubert_a': 6.727628961185536, 'maniwaki_airport_ua': 11.059040434336694, 'port_menier_2': 16.791171430980064, '4093': 8.339198649979728, '3969': 0.5101866533416342, 'bagotville_a': 6.237472853291038, 'chapais_2': 14.746836011702229, '4055': 9.866482265422263, '3987': 30.41088519475496, '3926': 10.249621609524691, 'val_dor_a3': 4.718056835379748, '4157': 7.369924117856932, 'lake_eon': 6.248117101999338, '4168': 4.600776341698481, '4716': 0.9872833391505829, 'schefferville_a3': 1.6788506741631402, '5043': 5.701172740529202, '3919': 13.928625031709363, 'kuujjuaq_a_2': 3.286485979167587, '4132': 2.0020991144374705, '3914': 7.9194631309464505, 'mont_joli_a_2': 21.786617003914934, 'manicouagan_a': 24.963183051182327, 'inukjuak_ua': 11.018108629979007, 'kuujuarapik_a': 30.094484691720265, 'nitchequon': 11.146715153341923}",10.45634953,
1964-07-01 13:00,"{'nitchequon': 20.489554126424476, '3914': 8.49260177559303, '4802': 5.667396278576625, 'sherbrooke_a': 2.9159694628151485, '4157': 4.61297527881797, '3987': 2.184268029623359, '3923': 9.480880157786979, 'lake_eon': 11.247883877652207, '5043': 0.11810080981486593, 'port_menier_2': 0.5695743184318189, 'manicouagan_a': 13.77616626299194, 'inukjuak_ua': 13.102117746503481, 'kuujuarapik_a': 16.228664604897922, '4055': 3.0268934922483233, '3919': 10.174244665355978, 'rouyn_a': 5.3058816922937275, 'chapais_2': 2.65738680440872, 'schefferville_a3': 22.732341698636606, '4132': 9.012483158500098, 'kuujjuaq_a_2': 19.91754136113479, 'mont_joli_a_2': 4.281118641940392, 'maniwaki_airport_ua': 7.765007152379074, 'bagotville_a': 17.550103958790178, '3926': 13.358158897976434, '4168': 0.5329746751392719, '4093': 4.89219937038199, '4716': 6.493277142134158}",8.762435757,
1965-07-01 13:00,"{'4716': 3.108498127504383, 'bagotville_a': 6.250395170922189, '5097': 3.7363035050900635, 'schefferville_a3': 9.536028502702838, '4157': 8.349256755728288, 'montreal_st_hubert_a': 7.948398269203619, '3923': 12.981657986375463, 'maniwaki_airport_ua': 7.756038108191795, 'kuujuarapik_a': 7.095459249418322, 'inukjuak_ua': 13.451399928342134, 'manicouagan_a': 4.697279818047825, '4055': 4.074637856291208, 'mont_joli_a_2': 9.423216208543131, 'rouyn_a': 7.615610778138269, '3926': 15.537349477286288, '4132': 1.137796706431363, 'lake_eon': 1.4547566667722087, '3919': 4.929269895007874, 'border_a': 10.620925573351098, 'nitchequon': 11.830781899059737, 'kuujjuaq_a_2': 19.088732979880252, '4093': 4.4535586755715535, 'chapais_2': 5.070068730906211, '3914': 5.314937297019792, '4029': 9.026527810789439, 'port_menier_2': 8.895534931202821, '4168': 10.409263721327697}",7.918284616,
1966-07-01 13:00,"{'4093': 17.330482973808376, 'montreal_st_hubert_a': 12.697825476753387, '3923': 10.228362769639261, '4180': 4.567265694702208, 'manicouagan_a': 9.102132609095225, '5097': 1.1889745974416606, 'nitchequon': 13.491592910451487, '4716': 1.7378296391878916, 'val_dor_a3': 1.648321049692541, 'inukjuak_ua': 0.3809047502286269, 'maniwaki_airport_ua': 9.891327826182668, '4055': 0.4444212380311079, 'port_menier_2': 14.508199873079464, '3987': 2.700143580305525, 'kuujjuaq_a_2': 9.57154097422772, 'chapais_2': 1.0478642778861271, '4132': 14.555285038352713, 'kuujuarapik_a': 7.8501701083330655, '3919': 11.850614718341125, '4168': 9.131322537156693, 'border_a': 1.9142581526561777, 'riviere_du_loup': 4.220643540766757, 'lake_eon': 13.700428155017532, 'schefferville_a3': 6.489460869416858, '3914': 0.6056808831693559}",7.23420217,
1967-07-01 13:00,"{'5051': 10.788314988540424, 'nitchequon': 8.179450588742437, 'sept_iles_a': 4.364487678062201, 'gagnon_a': 3.4560309457932377, 'sherbrooke_a': 11.812541355289547, '3929': 15.519565891117953, '4180': 2.2197353922409064, '4029': 11.346859933623946, '3923': 8.94894343222781, '3914': 5.222978842535703, '4337': 2.7388555806015518, 'mont_joli_a_2': 9.712739431689133, '4716': 6.247560895048718, '4209': 3.2972384827724888, '4168': 4.19436185384782, 'border_a': 5.436662047514691, 'val_dor_a3': 5.40008894951513, 'lake_eon': 5.990942204514205, 'inukjuak_ua': 9.12556409043659, 'schefferville_a3': 6.200541099024221, 'kuujuarapik_a': 8.373045342641738, '4201': 8.616584512420772, 'chapais_2': 5.5649725227854, 'kuujjuaq_a_2': 2.168596549710916, '3919': 7.419735300660182, 'bagotville_a': 7.75906249452035}",6.927133093,
1968-07-01 13:00,"{'4337': 2.0458129248929318, '4802': 0.10054726373684986, '3987': 7.898362613336463, '3960': 16.67563377459515, 'inukjuak_ua': 2.4150897738854944, '4168': 5.559569178616087, '4093': 1.615946116159087, 'mont_joli_a_2': 0.2781824769682757, '4716': 2.3541207564580375, '3914': 1.6395070642890914, 'havre_st_pierre': 7.780694718823064, '4132': 18.1690860617674, '3919': 8.895673409879286, 'blanc_sablon': 24.12676452736694, 'nitchequon': 13.965242463020385, '4180': 3.1392635497675805, 'border_a': 10.04393686495158, 'kuujuarapik_a': 0.9645684254552762, 'kuujjuaq_a_2': 2.3824803866536506, '3929': 3.471492534910169, 'grindstone_island': 13.575594972437386, 'schefferville_a3': 7.471231620822554, 'chapais_2': 3.6342492544490455, 'quebec_jean_lesage_intl_a': 1.3679787844225686, 'val_dor_a3': 8.737912851917166}",6.732357695,
1969-07-01 13:00,"{'manicouagan_a': 5.9511750367512235, 'bagotville_a': 18.88941030100007, '3923': 4.029795557852875, '4201': 12.726017158081387, '5097': 1.737418091298732, '4337': 18.93397529785694, '4209': 10.033065496151842, '3987': 6.37215480129213, 'nitchequon': 4.847789179800767, 'schefferville_a3': 2.3893219230282625, 'chapais_2': 11.575806720149082, '4109': 3.2335392707555215, 'gaspe_a_2': 10.010403509260698, '4589': 5.2253247679957795, 'blanc_sablon': 0.3967929834711299, 'grindstone_island': 31.214097483557023, 'kuujjuaq_a_2': 4.528682512529528, 'kuujuarapik_a': 3.7054414405265597, 'mont_joli_a_2': 12.43428373509775, 'natashquan_a_2': 4.41264824097054, '4168': 1.9074452121577359, '4055': 1.7797113873157393, '3914': 1.942637076255604, 'lake_eon': 12.25016182882154, 'border_a': 7.1213191258164095, 'val_dor_a3': 2.1384883209849193, '3919': 4.788330895995173, 'sherbrooke_a': 0.860169432775713, 'inukjuak_ua': 3.6729943723770866}",7.210634523,
1970-07-01 13:00,"{'4132': 9.775335585894307, '4055': 8.419850882844138, '5097': 2.4578401277574997, '4295': 10.190605867162144, '4093': 18.388079753065888, 'nitchequon': 9.627664737340051, '3987': 3.079281106844345, 'bagotville_a': 4.2506180904995325, 'grindstone_island': 11.003105799912863, 'gaspe_a_2': 4.296158658773152, 'schefferville_a3': 12.92984956081925, 'natashquan_a_2': 5.30161336579463, '4589': 2.480645831025596, 'montreal_pierre_trudeau_intl_a': 2.299178199197062, '3914': 6.549113618828567, 'lake_eon': 10.402771881327858, '3969': 3.215799145023471, 'inukjuak_ua': 0.49746243180804584, '4180': 0.08963174747267999, 'mont_joli_a_2': 3.746782532008364, 'sept_iles_a': 7.4119200235990235, 'val_dor_a3': 1.1456641963648426, 'border_a': 8.2478010365686, 'kuujuarapik_a': 10.06550903766962, 'chapais_2': 0.43254230574389574, 'blanc_sablon': 5.68470018581089, 'gagnon_a': 3.9689461704336004, 'kuujjuaq_a_2': 3.787275559661534, '4168': 2.3175995975605197, '3919': 2.1071498614663113, 'parent': 8.897204368050964}",5.905409718,
1971-07-01 13:00,"{'4209': 3.226061169399152, 'rouyn_a': 3.8638468447514978, 'nitchequon': 4.4416522189542285, 'riviere_au_renard': 2.053169374328448, '4002': 1.1170171993764253, '4932': 10.972434659568783, 'baie_comeau_a_2': 12.861994684400667, '3960': 7.635371131172668, 'parent': 1.4346522517750646, 'natashquan_a_2': 12.598664562021149, 'bagotville_a': 10.927078437731522, 'gagnon_a': 0.9524814985700587, 'chapais_2': 5.247075757092189, '4295': 3.3894268951101303, '4201': 13.216164936694618, 'blanc_sablon': 17.715165940407857, '4716': 0.1149958609590378, 'border_a': 7.027153573485805, 'sherbrooke_a': 7.624345358593956, '4168': 0.18720954751743868, '3929': 10.116745485149146, '4157': 6.975476182991066, 'ste_agathe_des_monts': 4.593614689595196, 'grindstone_island': 0.9962430602842893, 'inukjuak_ua': 1.8870422924796504, '3914': 7.239387460080282, 'kuujuarapik_a': 0.41353000066997936, 'schefferville_a3': 8.971506857148182, 'lake_eon': 11.659775161506118, 'kuujjuaq_a_2': 7.148393365334908, '3919': 3.094544836914954}",6.119426493,
1972-07-01 13:00,"{'4295': 3.7225879986676063, 'montreal_pierre_trudeau_intl_a': 1.9385915216850265, '4109': 7.569119924953867, 'chibougamau_a': 1.547592411543084, 'kuujjuaq_a_2': 4.292273692383123, 'parent': 4.676546152152252, 'val_dor_a3': 3.2611543650331285, '4802': 0.05954718934784253, '4132': 16.299179724170205, 'inukjuak_ua': 31.63555032084698, 'havre_st_pierre': 5.282906101112886, 'quaqtaq': 19.121723606720206, 'kuujuarapik_a': 9.132763369393317, '3987': 0.1975709669699448, '3960': 2.12394331844893, 'bagotville_a': 7.440275259312877, 'blanc_sablon': 16.61576453212735, '3919': 8.383782228650723, 'baie_comeau_a_2': 5.596807586472988, '4055': 10.030615051521213, '4168': 4.608920352312836, 'gagnon_a': 7.730042828490273, '3914': 16.561484593715946, 'nitchequon': 7.802111669143503, '4716': 3.593060651750708, 'grindstone_island': 15.800565199638706, 'border_a': 15.250836867757297, 'schefferville_a3': 14.506000917179524}",8.742189943,
1973-07-01 13:00,"{'port_menier_2': 3.3156538299831286, 'bagotville_a': 10.086515992735183, '3929': 6.289605684796465, '4589': 4.54772368895571, '4002': 1.3892995533224877, '4109': 5.859018024761227, '4209': 6.524736193915743, '5097': 8.400749213339736, 'nitchequon': 8.713237768736628, 'montreal_st_hubert_a': 5.7484421348006265, '4145': 2.109189586414052, 'gagnon_a': 0.44799910251397534, 'kuujuarapik_a': 2.208154893891024, 'quaqtaq': 5.3743908376511484, '4352': 0.01628228799511433, '3923': 5.879997523493611, '3919': 2.3792610577892788, 'inukjuak_ua': 6.041813816264337, 'kuujjuaq_a_2': 17.792343048428584, 'blanc_sablon': 13.974671808589921, 'lake_eon': 3.4373069498015063, 'schefferville_a3': 15.243087556046781, 'mont_joli_a_2': 7.295123483820074, '3914': 5.9786970597022595, 'parent': 1.3872776794395278, '4168': 4.592920472676621, 'matagami_a_2': 7.039512455876476, 'border_a': 10.792899661674417, 'chibougamau_a': 8.730608950441196, 'grindstone_island': 12.210043474876649}",6.460218793,
1974-07-01 13:00,"{'gagnon_a': 5.073906712261476, 'havre_st_pierre': 8.522042864778875, 'grindstone_island': 10.738044658644387, 'nitchequon': 10.732534769122203, '4180': 8.472384534240074, '7684': 9.503981628548061, '4567': 9.1044063346041, 'sherbrooke_a': 1.1755581027104327, 'matagami_a_2': 4.622228926824739, 'bagotville_a': 8.645579629979398, '4683': 7.8360192588441855, '3953': 5.448529300913581, '4002': 1.9582755567277168, 'kuujuarapik_a': 18.035660278080897, 'parent': 0.02263426780417177, '4093': 12.681675114833439, 'kuujjuaq_a_2': 4.500928778674222, '4132': 28.773299099306293, 'inukjuak_ua': 2.914204509589389, '3919': 1.4935014525756856, 'schefferville_a3': 7.056612213220095, 'blanc_sablon': 12.491919037718436, 'baie_comeau_a_2': 7.454717280852275, '4168': 6.454825787082111, '4055': 12.132742113999754, 'border_a': 5.280833470465879, 'quaqtaq': 37.72375312168699, 'chibougamau_a': 10.324152856762332, '3914': 12.811611998598892}",9.378847023,
1975-07-01 13:00,"{'4055': 14.11285959132081, '3987': 8.500972020511073, 'chibougamau_a': 3.3614880330499393, 'matagami_a_2': 6.393976977013963, 'riviere_au_renard': 0.38445024445907805, 'mont_joli_a_2': 9.543778750347347, 'lake_eon': 2.157445412717916, '4295': 6.312673106138945, '4932': 7.895925003859276, '4201': 1.033731238887139, 'montreal_pierre_trudeau_intl_a': 1.2466006995657608, '4109': 17.30096209023134, 'inukjuak_ua': 1.5583511320888803, 'schefferville_a3': 23.058167599154434, 'bagotville_a': 6.573664872328976, '4209': 8.836268560810897, 'grindstone_island': 8.427366125332787, '4716': 1.50876630264991, '3914': 7.479137582088789, '3969': 8.448460422821338, 'kuujuarapik_a': 2.3785664567863023, 'gagnon_a': 7.1139202346966925, 'quaqtaq': 3.9438394069869958, 'natashquan_a_2': 5.477634198462191, 'nitchequon': 8.814485128195617, 'parent': 3.3415811688368624, 'kuujjuaq_a_2': 8.396585928339896, '4168': 1.8335072364870655, 'blanc_sablon': 11.029328242281483, 'border_a': 24.16746003171331, '3919': 13.56441167888519}",7.554721467,
1976-07-01 13:00,"{'rouyn_a': 9.133134098453574, '4683': 1.4425867129234078, '4538': 6.718737778338378, '4716': 13.387969042745759, 'lake_eon': 12.253767613696773, '3923': 0.17743328307074435, 'grindstone_island': 10.27756321056377, 'riviere_du_loup': 15.048641968456533, 'ste_agathe_des_monts': 4.315738364017619, '3929': 16.940087855354086, '3987': 3.5531307937021417, 'gagnon_a': 0.8569937430176218, 'riviere_au_renard': 1.4129197525748936, 'border_a': 16.62360709341871, 'sherbrooke_a': 1.849586143059037, 'chibougamau_a': 9.765680203486294, 'inukjuak_ua': 2.774718491621474, 'blanc_sablon': 6.0219263204511115, '3914': 6.080032282379939, 'nitchequon': 5.696187658454262, '4201': 12.460309461457385, 'kuujjuaq_a_2': 6.010289328045783, 'parent': 11.735969141148946, '4093': 19.40334075944748, 'kuujuarapik_a': 7.764817001673217, '4168': 3.412694562462967, 'schefferville_a3': 6.107053702556787, '3919': 11.791962683540564, 'natashquan_a_2': 4.6043415502094245, '4157': 5.9914666810810004, '4295': 6.8214266330245135, 'quaqtaq': 11.352344978745911}",7.86832684,
1977-07-01 13:00,"{'4802': 4.658633823650078, 'rouyn_a': 8.372622209712631, 'quaqtaq': 33.607473135903035, '4295': 2.79848908069404, 'parent': 6.371517935827097, 'sherbrooke_a': 2.6001201177050035, 'port_menier': 11.290701947180217, '3987': 2.9808964081103966, '3953': 3.7976029682212484, 'grindstone_island': 10.462136113373234, '4201': 10.08054864346537, '4055': 23.15403852145172, 'border_a': 11.195644849364978, 'nitchequon': 11.758398784652123, 'ste_agathe_des_monts': 2.4621489189257915, '4157': 6.260593045623395, 'la_grande_riviere_a': 4.13018149593816, 'inukjuak_ua': 5.211272825494824, 'bagotville_a': 14.067712446204073, 'schefferville_a3': 11.565860070965336, 'kuujjuaq_a_2': 2.704768635781871, 'blanc_sablon': 26.511187000612143, 'baie_comeau_a_2': 22.818794582457024, '4093': 2.5323626103330703, '4716': 16.13551639519838, '3914': 13.34482996812007, '3919': 2.025498949656299, '4168': 12.324621745623809, 'chibougamau_a': 18.422108069487564}",10.47056142,
1978-07-01 13:00,"{'rouyn_a': 5.9924379239059675, '3953': 6.711563859986983, '4832': 5.662440500668922, 'mont_joli_a_2': 16.30778505315952, 'kuujuarapik_a': 1.6455421601492581, 'havre_st_pierre': 8.815043983652831, '4157': 8.807770478910928, 'gagnon_a': 4.401872544143432, 'bagotville_a': 5.5239481329126505, '5126': 0.17339354865215384, '3919': 0.10262572759343058, '4201': 0.5715041724733538, 'border_a': 5.182497145473626, 'parent': 1.0104722234619175, 'ste_agathe_des_monts': 7.202748112498536, '4002': 1.780209216496047, '4209': 0.095474856764028, 'schefferville_a3': 10.762830328426194, 'blanc_sablon': 1.2951359404293648, 'inukjuak_ua': 0.17822299219310977, '4099': 8.327599655753831, 'nitchequon': 9.935563746933404, '4055': 8.328638674630024, 'grindstone_island': 27.062061664271887, 'kuujjuaq_a_2': 3.368355675525976, 'sherbrooke_a': 2.2484000542906557, '4716': 8.67889028499675, '3914': 0.21182568074784136, 'quaqtaq': 14.05765378217496, 'chibougamau_a': 10.245748716302067, '4168': 1.9472946158494473}",6.02050166,
1979-07-01 13:00,"{'3987': 5.060862849202923, 'montreal_st_hubert_a': 15.850719885827534, 'quaqtaq': 5.865799192387506, 'rouyn_a': 7.258931121704876, 'chibougamau_a': 10.179388397098435, 'mont_joli_a_2': 1.4832029985500341, '4168': 9.13194226724026, 'grindstone_island': 10.189250410997662, 'border_a': 8.488734606248062, '4683': 8.99358435410634, '3969': 1.2053695540243243, '4295': 1.767730129782855, 'nitchequon': 8.829352619741742, 'gaspe_a_2': 16.5038602191698, 'blanc_sablon': 9.350189950063065, '4201': 0.7779167170748664, '4538': 3.030742928307749, 'kuujjuaq_a_2': 3.4111142519786153, 'gagnon_a': 7.917370274105847, 'kuujuarapik_a': 13.216455754000457, 'bagotville_a': 5.2005863902123455, '4716': 4.959268158718547, 'inukjuak_ua': 5.459490469561322, '4157': 1.2348147666090874, '4093': 4.269286819849338, '3914': 7.598511529460904, 'maniwaki_airport_ua': 10.563712752855334, 'schefferville_a3': 1.8771300731595275, '4055': 8.168649011261325, 'sept_iles_a': 3.656037424530542, '3919': 9.51007474622276, 'natashquan_a_2': 11.2765871873565}",6.946458369,
1980-07-01 13:00,"{'schefferville_a3': 7.048288001314276, '4132': 1.134264885446644, 'gagnon_a': 0.6485882729008807, '4683': 0.8659501192695949, '3960': 2.1709495761150563, '4589': 5.551070779035179, 'rouyn_a': 14.370118706826583, '3920': 12.81738067479672, '4157': 6.083362467100294, '4538': 9.735529363460337, 'iles_de_la_madeleine_a_2': 12.795083488931857, 'mingan_a': 2.723919137604181, '4337': 0.007160668484591071, '3929': 10.384578229557434, 'quebec_jean_lesage_intl_a': 16.282981528019015, '4099': 18.23564470743565, '4002': 2.1047475428432207, 'kuujuarapik_a': 1.8858689819662935, 'blanc_sablon': 20.135778880102144, 'baie_comeau_a_2': 10.1507824953773, '4168': 0.7995383597497892, 'quaqtaq': 10.904816812246722, 'nitchequon': 4.011456219152276, 'kuujjuaq_a_2': 1.6869354314741436, 'inukjuak_ua': 11.97370459202715, '3914': 5.216390915125363, 'chibougamau_a': 5.083872784191026}",7.215139393,
1981-07-01 13:00,"{'mont_joli_a_2': 2.1269263295509617, '4132': 9.171866232460872, '3923': 10.23260512019279, 'mingan_a': 7.110674418289285, 'la_grande_riviere_a': 12.523665168950046, 'val_dor_a3': 3.246121146968086, 'bagotville_a': 4.831420922737735, '4802': 0.6907241547022203, 'inukjuak_ua': 4.753232875409459, '3987': 5.7750633263860145, 'iles_de_la_madeleine_a_2': 8.020176764303994, '4157': 0.7208278540766386, 'schefferville_a3': 6.018469243121242, '4093': 6.206242929403697, 'ste_agathe_des_monts': 2.3689060069535905, 'nitchequon': 7.135167989144545, '5126': 2.140985207308958, '4716': 3.272833895817154, '3914': 0.3021423788142279, 'gagnon_a': 13.639838765893838, 'quaqtaq': 13.945288667031253, '3919': 8.99250044438994, '3929': 5.788128325397274, 'chibougamau_a': 4.4521255468657355, 'sherbrooke_a': 0.10658221571580384, 'blanc_sablon': 4.7641308484347675, 'kuujjuaq_a_2': 21.486985954004187, '4352': 15.665875185695509, '4168': 8.673070535666024}",6.695261326,
1982-07-01 13:00,"{'sherbrooke_a': 0.36052266458413484, '4716': 8.906252753443216, 'bagotville_a': 12.262200537406002, 'la_grande_riviere_a': 0.26918331139156493, 'mont_joli_a_2': 9.807090655595989, 'kuujjuaq_a_2': 12.804091534546682, 'ste_agathe_des_monts': 2.966130932237512, '3923': 14.13465881027788, '4683': 6.546674824578492, '4538': 4.814105157850523, 'val_dor_a3': 7.477099857588623, 'natashquan_a_2': 6.714118521484721, '4093': 12.014587801938173, '4180': 4.479984209950825, 'gagnon_a': 4.559242374197538, 'iles_de_la_madeleine_a_2': 16.337746913279556, '4201': 0.07614523769766635, '3987': 4.941247723249171, 'quaqtaq': 6.584319374282593, 'chibougamau_a': 2.3589259654029107, 'gaspe_a_2': 19.105903689876293, '4055': 4.634773722035732, '4168': 1.012939860274475, '3914': 0.7216768560521025, '3919': 7.003719604763273, 'blanc_sablon': 22.52339447378199, '4295': 0.14819252223872326, 'sept_iles_a': 4.322765573888336, 'nitchequon': 12.354106181772543, 'inukjuak_ua': 12.769824534307084, 'schefferville_a3': 26.98588598086766}",8.064435876,
1983-07-01 13:00,"{'4003': 4.514692477552575, 'chibougamau_chapais_a_3': 1.9807308148283482, '3969': 1.274668801383779, 'sherbrooke_a': 3.1922964196510044, '4209': 6.660395910220778, '4180': 6.113776396359091, 'mont_joli_a_2': 3.063181878353973, 'sept_iles_a': 8.494252208271838, '4716': 11.020085320621327, 'matagami_a_2': 9.783259142278244, 'maniwaki_airport_ua': 13.279911433469813, 'natashquan_a_2': 6.320174175132539, '5085': 6.859301853763494, 'gaspe_a_2': 1.6196189700819161, 'schefferville_a3': 12.473188843378388, 'iles_de_la_madeleine_a_2': 2.0705108773989274, '3914': 6.826051855873985, 'gagnon_a': 2.9825478105453733, 'lourdes_de_blanc_sablon_a_2': 13.393180707134963, 'kuujuarapik_a': 3.0894030981639347, 'bagotville_a': 1.8578134952644056, '4099': 6.673821612061483, '3919': 11.615063245653353, '4201': 0.9184152401630534, 'nitchequon': 0.8921031124685079, '4295': 7.618144345227492, 'kuujjuaq_a_2': 8.342760808821268, 'inukjuak_ua': 2.095344175723824, '4055': 2.4260571145657366, '4168': 1.8808764965310445}",5.644387621,
1984-07-01 13:00,"{'4589': 3.1794318248705498, 'gatineau_a': 8.764754632484397, 'val_dor_a3': 3.472374847978717, '3920': 4.824540983823866, '4093': 7.307949422088649, '4132': 1.663671128699514, '3914': 2.6230365181426656, 'la_grande_riviere_a': 7.437324142311944, 'natashquan_a_2': 8.197360270183239, '3923': 4.7410847725727105, 'iles_de_la_madeleine_a_2': 5.975240345588494, '4003': 1.2208548760436546, '5085': 6.121619048923273, 'bagotville_a': 6.710800745308942, 'schefferville_a3': 13.516051939901812, 'nitchequon': 5.066318773837947, 'lourdes_de_blanc_sablon_a_2': 2.4517552067236004, 'gaspe_a_2': 10.071901833855797, 'sept_iles_a': 5.880242620326209, '4157': 3.309371339655266, 'inukjuak_ua': 4.326681583610775, '3929': 3.1794750439491057, 'mont_joli_a_2': 5.2886705582010975, 'sherbrooke_a': 6.742356703708079, 'kuujjuaq_a_2': 5.124545837588457, 'chibougamau_chapais_a_3': 1.3010617318634523, '4168': 8.414838390560746, 'gagnon_a': 4.484685609370555}",5.407071455,
1985-07-01 13:00,"{'4168': 6.0094637890597085, 'montreal_pierre_trudeau_intl_a': 1.84281566815066, '3919': 5.038039603763522, '4832': 2.2339301658345416, '4132': 8.37587825366992, '3929': 7.925221056552839, 'kuujuarapik_a': 9.959721276012312, 'iles_de_la_madeleine_a_2': 0.058527755591381236, 'chibougamau_chapais_a_3': 4.2688273294309536, 'gaspe_a_2': 1.789363060160678, 'schefferville_a3': 0.9129807300263657, 'matagami_a_2': 6.276606585581831, 'natashquan_a_2': 12.688679977781813, '4716': 6.433380480150836, '4180': 0.15557998381334848, 'inukjuak_ua': 3.474084516439337, 'sept_iles_a': 18.075664907088658, '4093': 13.654136755463496, 'bagotville_a': 3.174099405607164, '5126': 1.2630969559953709, 'lourdes_de_blanc_sablon_a_2': 9.707203751273601, 'mont_joli_a_2': 5.080740682897648, '4003': 6.408427447390144, '3914': 8.80144535078151, 'quaqtaq': 5.266865291943592, 'gagnon_a': 7.879599780849482, '3960': 2.8468194490967758, '4352': 4.740325789419606, 'kuujjuaq_a_2': 3.212649422729328, 'nitchequon': 5.41691653577373}",5.765703059,
1986-07-01 13:00,"{'gaspe_a_2': 0.8669398485042485, 'lourdes_de_blanc_sablon_a_2': 6.041162573355416, 'natashquan_a_2': 5.74630742051896, 'quebec_jean_lesage_intl_a': 1.9806790723094778, 'baie_comeau_a_2': 4.5709649425738235, '3914': 16.86976639111808, 'quaqtaq': 18.123944575657024, '5126': 2.911924889359998, '4145': 5.176695632235969, 'maniwaki_airport_ua': 7.021483739665012, '4209': 0.19288025454350688, '4932': 4.100892152380791, 'kuujuarapik_a': 9.469807070939225, '3923': 5.985021262978467, '3920': 5.430219704269739, 'iles_de_la_madeleine_a_2': 4.558966614664559, 'chibougamau_chapais_a_3': 0.5811676778448316, '4003': 0.08487382508976715, 'la_grande_IVa_2': 1.8470813768745487, 'matagami_a_2': 3.4842089488592816, 'montreal_st_hubert_a': 1.7091553642388106, '3929': 3.2578362416728837, 'kuujjuaq_a_2': 2.9335703697799964, '4716': 1.5349843698777157, '4168': 0.3159409345587143, '4157': 3.575275139674078, '4099': 3.9974668173906878, 'inukjuak_ua': 4.782040621672776, 'schefferville_a3': 2.4036932411947767}",4.467412106,
1987-07-01 13:00,"{'bagotville_a': 9.35148812024144, '5097': 5.084632577376453, 'havre_st_pierre_a_3': 19.746210588823452, '4352': 1.5800684164278103, '4180': 4.986774727884926, 'montreal_pierre_trudeau_intl_a': 4.94890449642741, 'lourdes_de_blanc_sablon_a_2': 9.507286612497705, '3919': 8.77918158013103, '3969': 11.718355471101148, 'kuujjuaq_a_2': 13.74201557909727, 'kuujuarapik_a': 9.137139031959865, '4716': 2.599332381128322, 'iles_de_la_madeleine_a_2': 21.23144623153078, 'chibougamau_chapais_a_3': 10.217738145788491, '4093': 11.742783266020375, '3914': 7.059147401224612, 'la_grande_IVa_2': 3.4713078358403298, 'mont_joli_a_2': 19.453141525886725, 'schefferville_a3': 9.3718591577526, '4003': 14.084041597253867, '4055': 3.6636119616148974, 'val_dor_a3': 4.455668935579276, '4132': 8.835161445818608, 'inukjuak_ua': 3.1336671200051676, '4168': 1.2770602264867463, 'quaqtaq': 8.018800894794218}",8.738339436,
1988-07-01 13:00,"{'3953': 1.8280915590331492, 'ste_agathe_des_monts': 7.128928697695514, '4477': 4.378786768459403, '4716': 8.69153323381299, '4132': 8.849622868385499, 'kuujuarapik_a': 4.9148243968848035, 'sherbrooke_a': 4.459793409131429, '4157': 2.8073356987043674, 'baie_comeau_a_2': 12.925256544388066, '3920': 12.208685429748346, 'rouyn_a': 3.9064302966335376, 'la_grande_IVa_2': 1.4816058106717165, '4932': 10.566928960768834, 'bagotville_a': 1.1544498039749502, 'inukjuak_ua': 5.116475032649685, 'havre_st_pierre_a_3': 2.580292208433674, '4295': 7.477273292273807, 'chibougamau_chapais_a_3': 6.26555300670346, 'iles_de_la_madeleine_a_2': 16.882743942144625, 'kuujjuaq_a_2': 7.338049306498622, '4003': 7.563546995683112, '4055': 4.059017598106397, '4099': 0.6292720276096517, '4168': 2.9393138770537526, 'lourdes_de_blanc_sablon_a_2': 3.842547018905762, 'schefferville_a3': 1.8966809165929632, '3914': 5.549044919777749}",5.831188282,
1989-07-01 13:00,"{'la_grande_IVa_2': 8.153265282051485, 'ste_agathe_des_monts': 6.35066335116961, '4201': 7.347136201774607, '4932': 7.877374549721818, 'schefferville_a3': 5.163981506160795, '4295': 4.87884443937034, '4716': 3.659253435397998, 'val_dor_a3': 6.97160076292856, 'inukjuak_ua': 3.5853038608322407, '3914': 2.1783835694317837, '4168': 1.3873767434597912, 'quebec_jean_lesage_intl_a': 15.252252659586524, 'lourdes_de_blanc_sablon_a_2': 19.9282627181799, '4209': 6.578242291975425, '3919': 5.264825975642902, 'baie_comeau_a_2': 5.800768964240575, 'havre_st_pierre_a_3': 8.94336754687914, '4099': 3.3449866629594496, 'kuujjuaq_a_2': 1.4034554202763534, '4180': 4.528808847003626, '4055': 4.45006284004843, '3960': 12.675376572101888, '4003': 8.820113493224742, 'kuujuarapik_a': 9.794098057388847, 'chibougamau_chapais_a_3': 10.9341112609308, 'iles_de_la_madeleine_a_2': 3.295720089625881}",6.867986042,
1990-07-01 13:00,"{'montreal_pierre_trudeau_intl_a': 0.517655824584569, 'rouyn_a': 4.652062186824681, '4132': 3.4370219973057026, 'baie_comeau_a_2': 3.4533704293744094, 'kuujuarapik_a': 6.1306555212000795, '5085': 4.856251645285333, '4295': 0.21783577343304472, 'schefferville_a3': 1.3679480041951422, 'quebec_jean_lesage_intl_a': 6.093441105232749, '4099': 8.599139414899401, 'lourdes_de_blanc_sablon_a_2': 1.6074611695589045, 'iles_de_la_madeleine_a_2': 2.3848346005145356, '3923': 2.703650610431218, 'la_grande_IVa_2': 5.034347216719883, 'quaqtaq_a': 6.314047266848638, 'gaspe_a_2': 3.8052362846349315, 'natashquan_a_2': 1.9191749876034265, 'chibougamau_chapais_a_3': 8.624784016363966, '4157': 0.1016144792889655, 'kuujjuaq_a_2': 1.9584142730767784, '4589': 7.60190086809774, 'inukjuak_ua': 0.13961105398951723, '3914': 2.8788953981364784, '4055': 8.927075890082747, '3921': 3.4628170716238156, '4003': 8.860873917315239, '4168': 5.894824768058079}",4.131294288,
1991-07-01 13:00,"{'val_dor_a3': 6.333620183382219, 'mont_joli_a_2': 1.3070808589416352, '7747': 10.14289508510231, '4337': 1.5113173147955337, 'havre_st_pierre_a_3': 9.433905944221362, '5186': 1.812727995436644, '3953': 3.2186565198891586, '4180': 0.20388595565477985, 'schefferville_a3': 22.255823269606744, 'la_grande_riviere_a': 11.079869534418037, 'lourdes_de_blanc_sablon_a_2': 3.730566242230939, 'sherbrooke_a': 2.616119825461677, '3921': 6.621056715494383, 'bagotville_a': 13.574302758245857, '4168': 10.923156822837488, 'inukjuak_ua': 2.3451509706418605, 'kuujjuaq_a_2': 13.538096156273081, 'iles_de_la_madeleine_a_2': 10.721764336729652, 'chibougamau_chapais_a_3': 4.628668753680767, '4099': 12.076323644822253, '4055': 18.24115290522407, '4209': 4.135388058418995, '4003': 12.07793500620813, '3914': 14.583837338762997, 'la_grande_IVa_2': 3.071012845619146, '4201': 11.574139560207854}",8.144555946,
1992-07-01 13:00,"{'natashquan_a_2': 4.974065579488718, '4477': 5.585509769417225, '4932': 3.117621008346404, 'maniwaki_airport_ua': 8.84352322457108, '4055': 4.136558862888396, '4168': 0.8676978938572724, '4180': 4.682861748207312, '4295': 0.2078139571940465, '4132': 8.045933560889488, '4099': 1.4801056135945654, 'la_grande_IVa_2': 3.3274082585480933, 'mont_joli_a_2': 0.972196056008169, 'la_grande_riviere_a': 0.16993977688882822, '3921': 7.977145076383046, 'bagotville_a': 19.90453609778079, 'sept_iles_a': 4.7049862241175155, 'val_dor_a3': 3.670227469293973, '3914': 6.340221828366886, 'inukjuak_ua': 0.9168774683830954, 'iles_de_la_madeleine_a_2': 9.45100508791945, 'montreal_st_hubert_a': 13.467133025234851, '3960': 2.9797211574721842, '4716': 1.8357946832552443, '4003': 7.232918760742528, 'schefferville_a3': 8.20202077231209, 'lourdes_de_blanc_sablon_a_2': 7.8837758819106085, 'gaspe_a_2': 6.456158201836651, 'kuujjuaq_a_2': 4.545120085946882}",5.42781704,
1993-07-01 13:00,"{'bagotville_a': 5.834365977903044, '4209': 4.658169921306072, '4201': 2.042439678089835, '4683': 1.6667739874056764, '4716': 2.797507573755029, 'wemindji_a2': 2.683370448565654, 'la_grande_IVa_2': 8.861311148398592, '3921': 6.941208457702725, '4003': 14.35936625339928, '3960': 6.08513667852953, 'kuujjuaq_a_2': 8.161870745153124, 'sept_iles_a': 2.578596178963391, '4295': 7.1364872069891305, 'montreal_st_hubert_a': 6.429447740016084, 'gaspe_a_2': 0.344152120815437, '4157': 7.393132685455665, '4055': 4.6868502505436815, 'kuujuarapik_a': 4.318107350195017, 'iles_de_la_madeleine_a_2': 0.506052832132351, '4168': 7.100256652848653, 'val_dor_a3': 8.96438838533229, '4099': 4.487250101190774, 'schefferville_a3': 2.611096161268085, 'lourdes_de_blanc_sablon_a_2': 2.4243082178539215, 'natashquan_a_2': 5.766065956589209, 'mont_joli_a_2': 3.0876807910600874}",5.074053596,
1994-07-01 13:00,"{'nemiscau_a': 9.50269649802857, '9005': 14.41042996682895, '4589': 20.251424611583303, 'st_henri': 11.329985576854575, '3923': 4.185866563666384, 'wemindji_a2': 4.801411433925404, '10918': 19.444951251365552, 'matagami': 7.93008176520323, 'montreal_pierre_trudeau_intl_a': 4.9390623248219185, '10973': 4.697858313220731, '7581': 0.8003176626532742, '4093': 0.867449384717947, '4157': 6.498753024988972, 'lourdes_de_blanc_sablon_a_2': 8.686875205527638, '4055': 21.470378203420875, '10804': 8.517046812345988, 'port_menier_3': 5.6490209080736875, 'iles_de_la_madeleine': 10.154034275997244, 'ile_biquette': 5.325566653077969, 'kuujuarapik_a': 6.909685805037546, '11000': 10.191031876309925, '4295': 3.466700125209602, 'quebec_jean_lesage_intl_a': 5.421362561432916, 'chibougamau_chapais_a_3': 2.699308575603146, 'parent': 14.768099800233887, 'la_grande_IVa_2': 6.9129173092190115, '10197': 0.09083384205959533, 'schefferville_a3': 3.964522688445687, 'cape_whittle': 3.651802525231499, '4145': 7.188407774638243, 'kuujjuaq_a_2': 6.022125499921874, 'bonnard_1': 15.734955041315956}",8.015155121,
1995-07-01 13:00,"{'sherbrooke_a': 7.652315811365234, '5085': 0.5773621573682863, '3953': 7.569911580599506, 'manouane_est': 13.636294435137433, '4132': 6.84459058140051, '4099': 4.05484883524959, 'akulivik_a_3': 16.77118180127619, '10804': 6.733816544562135, 'chevery': 0.3318985830861685, 'charlevoix_a': 9.719794233515897, '26861': 5.500099913825252, 'cap_d_espoir': 5.6072979486403725, '3920': 2.356581325550078, 'wemindji_a2': 3.98268194562225, '4003': 2.5649071481968555, '4055': 7.908898156795249, 'chibougamau_chapais_a_3': 1.70501127733991, 'havre_st_pierre_a_3': 5.818916037664607, 'rouyn': 7.246979282637131, '4157': 2.5578995352549967, 'inukjuak_ua': 4.780251276808432, '10197': 9.6520596301737, 'st_jovite': 3.946638602733376, '4716': 5.023230269759267, 'kuujjuaq_a_2': 2.719597065981091, 'la_grande_IVa_2': 5.782975224358285, 'iles_de_la_madeleine_a_2': 4.0910177399706615, 'parent': 7.89660220453648, 'schefferville_a3': 1.2377841764338484, 'pointe_des_monts': 19.652697672315885, 'kuujuarapik_a': 8.344814157368678, 'lourdes_de_blanc_sablon_a_2': 3.752074477372428}",6.125657176,
1996-07-01 13:00,"{'pointe_d_lislet': 16.12576500859569, 'l_assomption': 0.9099767207522831, '4932': 1.2265303888209615, '4716': 7.9064660652451515, '4180': 3.0470632394237214, '3960': 0.3847633081565327, '26799': 4.125617909042791, 'la_grande_IIIa': 2.0975417633069497, '10244': 6.548835503345533, '4055': 6.8922300086366945, '4132': 3.0671822057651603, 'cap_chat_aut': 16.065578983265425, '10804': 11.911192802604901, 'beauceville': 4.8826082687217465, 'manouane_est': 9.567787803282272, 'inukjuak_a_2': 27.98907179023663, 'nemiscau_a': 2.662720291483403, '10918': 0.576845815049019, 'longue_pointe_de_mingan': 15.331811716636167, 'chevery': 8.293491900395644, 'parent': 8.19887060991443, '4093': 6.388434657732425, 'matagami': 4.927334812759067, 'iles_de_la_madeleine': 0.6954217055135601, 'lourdes_de_blanc_sablon_a_2': 0.7062795563007178, '7633': 5.607578597183039, 'chibougamau_chapais_a_5': 2.4926042086466254, 'kuujuarapik_a': 7.8386524919286344, '10197': 5.044802157123293, 'schefferville_a3': 2.0803631514998884, 'kuujjuaq_a_2': 3.9233139209991243}",6.371507657,
1997-07-01 13:00,"{'26861': 2.799321156030132, '10918': 3.6551544223303125, 'mistook': 8.586566671104459, '10087': 7.220137547611049, '4180': 9.522301567021053, 'lennoxville': 2.5318815980686296, 'pointe_au_pere_inrs': 0.735370172273031, 'kuujuarapik_a': 3.119519819980116, 'inukjuak_a_2': 9.125107690765349, '7647': 10.5331960991454, 'st_jovite': 2.5973796557829765, 'kuujjuaq_a_2': 10.752640434705247, 'manouane_est': 5.093696811382534, 'wemindji_a2': 15.984712113811586, '3921': 0.12205726232632408, 'longue_pointe_de_mingan': 5.887809563379873, '7793': 6.652156946488013, 'kangiqsujuag_a_2': 1.9496598171097883, 'la_grande_IVa_2': 7.775727051372442, 'parent': 10.141938688952106, '7633': 0.23887773296543813, '10804': 2.5807172176288837, '4716': 0.02668001712424939, '3960': 0.26385270323528864, '4093': 6.975150842780568, 'akulivik_a_3': 9.662065087864057, '10220': 7.170421998308955, 'schefferville_a3': 4.5911545603423125, 'val_dor_a3': 9.200970059655011, 'iles_de_la_madeleine_a_2': 5.0782927978435985, 'lourdes_de_blanc_sablon_a_2': 5.815290086784923, 'cap_d_espoir': 0.4833587737476801, 'chibougamau_chapais_a_5': 15.860692835274117, 'chevery': 2.1436292797069125, 'kangirsuk_a_3': 12.941886509257543}",5.937696445,
1998-07-01 13:00,"{'7844': 0.09917990047881631, '4337': 2.1183483529103313, 'lennoxville': 1.7314908950625352, 'val_dor_a3': 7.045239842355468, 'waskaganish_a_3': 10.749289213983603, 'manouane_est': 2.2525312041427945, 'ile_aux_perroquets': 24.01871537175606, 'pointe_des_monts': 2.668115008232931, '4132': 6.842773020211155, 'onatchiway': 6.895854471866635, '4093': 8.615925655335772, 'la_grande_riviere_a': 12.604687668326061, 'cap_tourmente': 22.07900459486904, 'kuujjuaq_a_2': 4.095468575291683, '3969': 3.113180784664273, 'la_grande_IVa_2': 1.880731017773897, 'iles_de_la_madeleine_a_2': 8.118542278613976, '7633': 0.33718650922874716, 'inukjuak_a_2': 3.0256117537578415, '7870': 3.5644196684759457, 'inujivik_2': 12.768974505216809, '4716': 10.23363810466375, 'umiujaq_a2': 7.267179269964288, 'cap_d_espoir': 0.7028965426757132, 'quaqtaq_a': 8.191613217083322, '4180': 1.0399950738793358, '10244': 16.604891025966083, '4055': 7.271460759479641, 'parent': 13.283213810107902, 'chibougamau_chapais_a_5': 10.077397204743358, '10804': 1.6384345317766993, 'lourdes_de_blanc_sablon_a_2': 18.63526558894522, 'schefferville_a3': 5.7787571297964995, 'chevery': 10.645936128914151, '10918': 2.2220452907594836, '10197': 7.489455799644061}",7.380762494,
1999-07-01 13:00,"{'natashquan_a_2': 8.296677305015438, 'charlevoix_mrc': 0.19633954588283586, '26799': 0.4349896101281736, '3960': 8.000346142739412, 'sherbrooke_a': 0.18383950691249673, 'eastmain': 6.426785939549669, '7593': 9.907887934395013, 'lac_eon': 6.348711414351136, 'la_grande_IIIa': 0.6340343714728363, '4157': 2.2352333437835252, 'pointe_des_monts': 5.033206727089285, '5097': 1.7225065055987976, '3921': 3.399656405192177, '4209': 6.245003271007452, 'parent': 7.487148337180912, '10084': 19.404842843150515, 'val_dor_a3': 5.003385530688172, 'chibougamau_chapais_a_5': 3.5432581591050294, '10804': 3.4865253782402252, 'iles_de_la_madeleine_a_2': 13.55321198806817, '10197': 2.8276278127954253, 'kuujjuaq_a_2': 11.188443842975428, 'st_jovite': 1.1886253160953668, 'gaspe_a_2': 4.382955849075913, 'inujivik_2': 5.2670324710265, 'inukjuak_a_2': 1.86857534594688, 'schefferville_a3': 16.74949761920148, 'kangiqsujuag_a_2': 7.932129104377918, 'lourdes_de_blanc_sablon_a_2': 14.342876572812159, 'kuujuarapik_a': 1.5685485495816138, 'kangirsuk_a_3': 6.572457441945261, 'lac_benoit': 18.54934966236125, '10220': 6.178798611160051}",6.368500256,
2000-07-01 13:00,"{'havre_st_pierre_a_3': 5.251058238639253, 'lac_benoit': 3.5802294509793455, 'iles_de_la_madeleine_a_2': 6.785337120658355, '10220': 6.0248169133395795, '30264': 7.01401750265364, 'mont_orford': 3.5280941761549407, '4589': 5.475861878361268, 'lourdes_de_blanc_sablon_a_2': 6.360991451867559, '5097': 7.807879258328699, '4102': 0.21975507027971375, 'pointe_claveau': 1.3735675063424244, '7704': 7.49806313973933, 'matagami': 4.79554069082689, 'st_jovite': 3.798473437100215, 'apaluk_a_2': 9.450191249230976, 'parent': 14.656367108719909, '10804': 0.6439733863781125, 'la_grande_IVa_2': 8.680915346062303, 'inujivik_2': 6.000967400595389, '3960': 2.9387801655570946, '4352': 3.568819331123965, 'pointe_noire_cs': 5.385046336726489, 'chibougamau_chapais_a_3': 5.158815384554909, '10903': 0.7231976781767457, '10244': 0.5389387079954897, 'inukjuak_a_2': 3.7838322593945897, 'cap_d_espoir': 2.9250756320855817, 'kuujuarapik_a': 10.0092305432226, 'chevery': 1.1179885561816505, 'schefferville_a3': 11.97773561995535, 'amqui': 4.5377413857863935, '4157': 11.703343960791495, '4003': 12.238541690087544, '10197': 3.4662856891390987}",5.559396273,
2001-07-01 13:00,"{'7868': 12.0390412808893, 'umiujaq_a2': 5.589440431558824, 'lourdes_de_blanc_sablon_a_2': 1.9409291982572299, '4099': 1.0195501389077535, '26799': 10.758882659007753, 'frelighsburg': 9.244042542612004, 'pointe_des_monts': 11.480862765685234, '3921': 1.6929849146798475, 'gaspe_a_2': 7.120259520235463, 'bonnard_1': 11.125691732296595, '4180': 5.310051547630046, 'cap_rouge': 28.492649235106423, '30266': 7.811832079697837, '4209': 9.69620848239989, 'chamouchouane': 29.091723606614167, 'inukjuak_a_2': 1.7257257439147793, 'iles_de_la_madeleine': 11.509718117746033, '3960': 0.30978303505840543, 'schefferville_a3': 0.6710579761920705, '10220': 6.770229965768788, 'kangiqsaulujjuaq_a_3': 4.211059146088832, 'tasiujaq_a_2': 3.690693520751399, 'eastmain': 26.158049915229675, 'barrage_temiscamingue': 1.2190399901549576, 'chevery': 7.691702052962398, '4003': 4.256517734652398, 'akulivik_a_3': 12.553781280041548, '10197': 4.037342272099149, 'la_grande_IVa_2': 1.0900407780595458, 'lac_eon': 5.506510634954591, 'salluit_a': 3.050645184058734, '10804': 13.162439970305094, 'matagami': 17.590273394154725, 'beauceville': 14.791453004364872}",8.600300407,
2002-07-01 13:00,"{'roguemaure': 6.726951554308039, '4003': 4.652194153584784, 'chibougamau_chapais_a_3': 4.222277990497513, 'lourdes_de_blanc_sablon_a_2': 4.802030827976335, 'amqui': 6.558102918793427, '7733': 13.439960797707005, 'ile_dorleans': 19.492763152019915, 'akulivik_a_3': 22.93424188867604, 'inukjuak_a_2': 24.300970571034867, '7790': 6.183385002326284, 'havre_st_pierre_a_3': 0.05460260183076748, 'la_grande_IVa_2': 4.6856239487801155, '26912': 6.509698741769377, '4157': 7.872346572655381, '4352': 5.514098791616458, 'ste_clotilde': 3.241466243672363, '4093': 11.9675322550275, 'schefferville_a3': 3.141324319101656, '29368': 1.348623512554866, 'iles_de_la_madeleine': 6.688173975784432, 'nemiscau_a': 3.5348000367189307, 'la_grande_riviere_a': 15.396358369417854, '30266': 1.1481758368475834, 'manouane_est': 5.784138645276931, '3921': 5.89445547547227, '10197': 12.850217510688054, 'kuujjuaq_a_2': 20.123078490635113, 'chevery': 8.03223275763208, '10804': 3.4141853384768694, 'parent': 8.524407958511167, 'pointe_noire_cs': 8.721444445613905, 'umiujaq_a2': 1.7887046973465814, 'cap_d_espoir': 3.432110914577258, 'onatchiway': 2.619323493094182, 'salluit_a': 7.439832988679932}",7.801138194,
2003-07-01 13:00,"{'normandin': 0.7047834412229506, '3960': 11.299321298575261, 'valcartier_a': 6.299060065101424, 'kuujjuaq_a_2': 4.770632424447911, 'manouane_est': 4.06620070547752, '30266': 2.296801225748176, '4157': 2.5917333708684556, 'frelighsburg': 2.6605234428055144, 'waskaganish_a_3': 11.609002644998162, 'havre_st_pierre_a_3': 10.304313215995203, '4295': 9.651612993920276, '27528': 0.5256669317555716, '4201': 0.6424384135810826, 'schefferville_a3': 9.51912749533026, '4093': 0.16385219814818086, 'pointe_noire_cs': 0.6992511580716876, 'chapais': 9.109356501507904, '10220': 0.11275617575201125, 'val_dor_a3': 1.6347819031738222, '10918': 2.748250010528878, 'lourdes_de_blanc_sablon_a_2': 12.199992132717536, '3921': 4.631038584131987, 'inujivik_2': 25.381884742139913, 'kuujuarapik_a': 8.911589557129904, 'kangiqsujuag_a_2': 17.653232069999298, 'chevery': 6.963194457189246, '10804': 12.098215948334492, 'ile_biquette': 32.053203436566605, 'iles_de_la_madeleine_a_2': 5.944633829976697, 'kangirsuk_a_3': 9.219680605857608, 'maniwaki_airport': 9.242689632273564, 'inukjuak_a_2': 5.648208816826003, '27531': 5.763901612485853, 'la_grande_IVa_2': 3.919768781671486, 'cap_d_espoir': 12.31340691130642}",7.52440305,
2004-07-01 13:00,"{'4352': 2.116921671809589, '42123': 6.3554162488331425, 'frelighsburg': 4.44507656043087, 'ste_foy_ulaval': 4.433816236031889, 'pointe_noire_cs': 4.968349115681203, '41983': 16.071784998338913, '4003': 2.6317179559510855, 'chamouchouane': 10.564754442483075, 'ile_biquette': 7.469447470448522, 'natashquan_a_2': 1.390697819369766, 'rouyn_a': 1.2029832209125608, 'kuujjuaq_a_2': 5.419744190316617, '10084': 10.027969585302628, 'schefferville_a3': 9.020820192621217, '4055': 1.7164524459293204, 'akulivik_a_3': 4.809887767360742, 'iles_de_la_madeleine_a_2': 8.95623972460418, '9004': 11.186293066725366, 'la_grande_IIIa': 0.6839961607911889, '4093': 2.200735382477653, '3969': 7.6921150471819555, '30435': 3.2798930812352403, 'salluit_a': 7.492974062414106, 'manouane_est': 5.145953060809481, '7925': 7.5614664405147956, 'lac_eon': 1.4753581909594509, '10244': 5.0222473157576495, 'quaqtaq_a': 1.5973620642896904, 'gaspe_a_2': 6.840568432477982, 'kuujuarapik_a': 0.8029692620655648, '10804': 4.773199029865356, 'inukjuak_a_2': 12.12210534216824, '10197': 7.927421889533772, 'nemiscau_a': 11.096834525026335, 'lourdes_de_blanc_sablon_a_2': 0.04327763551496666}",5.672767132,
2005-07-01 13:00,"{'ile_dorleans': 0.281273966473627, '9005': 24.20280810875056, 'barrage_temiscamingue': 1.7464094619508153, '32473': 4.363715606930981, '10973': 16.97211529413888, 'natashquan_a_2': 13.894122346222655, 'montreal_pierre_trudeau_intl_a': 7.933170276831028, 'pointe_au_pere_inrs': 11.710881805638728, '4057': 8.386311140735529, '4209': 11.080814238579258, 'sept_iles_a': 10.080249330823332, '7633': 5.456166879665702, 'iles_de_la_madeleine_a_2': 3.3821619982040616, 'matagami': 6.942277597394135, '10244': 8.922039354144577, '10918': 0.24674461758796085, 'la_grande_riviere_a': 5.897689288082386, 'gaspe_a_2': 4.585184481996979, 'bonnard_1': 11.90588421292859, '4180': 6.507536658287442, '10197': 0.3299946829654239, 'chibougamau_chapais_a_3': 7.007077480530546, 'nemiscau_a': 7.9022564964256645, 'lac_eon': 8.478544834165891, '3960': 0.22113706912838538, '10804': 3.2012716890020627, 'akulivik_a_3': 10.97585734931241, 'lourdes_de_blanc_sablon_a_2': 5.293292013253705, 'kuujjuaq_a_2': 2.2336861295800396, 'salluit_a': 20.31995667739804, 'schefferville_a3': 4.224053699400294, '42123': 1.5606058839339596, 'kangiqsujuag_a_2': 11.3099080360664, 'inukjuak_a_2': 10.629997341851102, 'la_grande_IVa': 17.985050403958464, '7925': 6.8215001635189765, 'umiujaq_a2': 30.520961723715125, 'parent': 1.7162984881068226}",8.29550018,
2006-07-01 13:00,"{'4111': 4.061580982964671, 'inujivik_2': 13.828899933395181, '7870': 16.08407100880565, 'iles_de_la_madeleine_a_2': 2.2459646121865156, '42006': 11.464486174115457, '42123': 2.6362928097357905, '9032': 2.263003475766073, 'pointe_noire_cs': 14.210486618985902, 'lac_eon': 14.509174801845315, '3969': 0.6652459813481002, '4132': 4.156538930376845, '7844': 11.922425768548113, 'la_grande_riviere_a': 8.1576351141046, 'mont_orford': 2.0318543579767017, 'rouyn_a': 12.046105907090418, 'chevery': 6.37218124951621, '30682': 14.310972657641202, 'charlevoix_mrc': 1.334308828701154, '10804': 0.16913563118746566, 'schefferville_a3': 0.1592966939324505, 'bonnard_1': 11.467800705308399, 'riviere_au_feuilles': 2.368902106387175, 'chamouchouane': 30.452378492311098, 'gaspe_a_2': 5.992158727867853, 'mont_joli_a_2': 2.335887221575341, 'inukjuak_a_2': 0.3659502669647736, '7633': 6.04290632399222, 'la_grande_IVa': 6.005134001023533, 'quaqtaq_a': 5.730274215143311, 'kuujjuaq_a_2': 0.1596381929194166, '10244': 2.494789103789941, 'lourdes_de_blanc_sablon_a_2': 5.267287683700761, '10197': 0.9356987015878673, '10918': 18.359747811670623}",7.076712209,
2007-07-01 13:00,"{'quebec_jean_lesage_intl': 11.199215449017654, '29368': 1.5260090819900505, '29906': 2.2322455279177404, 'chapais': 6.780859012059743, 'barrage_temiscamingue': 2.015543267613726, 'heath_point': 10.193598282274134, 'mistook': 1.9931514935861543, '4102': 8.08823384901304, '45607': 6.674169026609185, '4157': 1.1779770247252443, '4003': 7.74563360737255, '45088': 2.1278490137207786, 'st_jovite': 6.847820043476073, 'manouane_est': 0.9236316800301303, '44323': 12.657417329560472, 'pointe_au_pere_inrs': 8.171739411944348, 'cap_madeleine': 1.027090265218412, '43910': 4.28984194449075, '45447': 4.591040021456211, 'kangirsuk_a_3': 9.48510246086043, 'matagami': 7.846283956442651, 'eastmain': 7.267021350401672, 'riviere_au_feuilles': 12.922571152257255, 'la_grande_IVa': 2.888747149835659, '4061': 12.755418241343419, 'inujivik_2': 15.871106431652377, 'inukjuak_a_2': 12.934478122944334, 'schefferville_a3': 0.7131334593564098, '10903': 10.45779666790825, '10804': 15.737974438717703, 'chevery': 4.178068569678736, 'kuujjuaq_a_2': 5.109342606433492, 'lourdes_de_blanc_sablon_a_2': 4.573286051168145, 'lac_eon': 2.6544055037435363, 'parent': 7.087208236679434, 'kuujuarapik_a': 5.3880916839923465}",6.614808373,
2008-07-01 13:00,"{'iles_de_la_madeleine_a_2': 11.64005532115519, '42967': 7.0426938168959055, '4093': 3.015575387659233, 'fort_montmorency_rcs': 1.9275690097175513, '3921': 8.467480059501325, 'sept_iles_a': 13.038728695415049, '4061': 3.328340789008738, '41983': 2.062878661750748, '42123': 3.7718314009020943, 'gaspe_a_2': 2.494141199827105, '10918': 11.961990990875922, '46507': 5.119822148766199, 'chevery': 5.2126839918451005, 'frelighsburg': 9.284071615246697, '45088': 3.1225995366281154, 'la_grande_IVa': 2.4581040644353145, 'lac_benoit': 13.304471991072205, '9004': 3.6724291672022353, 'amqui': 1.9746860759253355, 'salluit_a': 2.001779855242468, '27534': 0.2574875773755174, '4180': 1.2586750508298579, 'lac_eon': 0.06531882825072266, '3923': 2.160970323628842, 'nemiscau_a': 4.707709002346444, 'kuujjuaq_a_2': 4.442496457599734, 'lourdes_de_blanc_sablon_a_2': 3.9586796731391143, 'chapais': 2.4005180996629534, 'parent': 9.03047114655833, '7633': 3.0151462577764825, 'la_grande_riviere_a': 2.173001779554781, '45447': 1.1165468865519657, 'riviere_au_feuilles': 1.2782460254306791, 'val_dor_a3': 6.291469185064976, 'schefferville_a3': 1.0060412048931617, '10804': 0.11194042465283616, 'umiujaq_a2': 2.864653200817278, 'inukjuak_a_2': 11.83116674344176, '30266': 5.5251963036688885, 'kangirsuk_a_3': 9.966856062917511}",4.7091131,
2009-07-01 13:00,"{'inukjuak_2': 22.671114021077564, 'quebec_jean_lesage_intl': 11.397694684199156, '4132': 0.997055772183657, 'cap_madeleine': 13.888795674333117, '29516': 10.288350728632214, '30578': 9.307054682291403, 'riviere_au_feuilles': 0.9872352342291677, '7925': 3.5069557901406814, '3960': 3.547244099866587, '42123': 6.2321758766289985, '9006': 4.874966893581442, 'lourdes_de_blanc_sablon_a_2': 3.808301421041163, '4102': 6.152308292978155, '3987': 2.5942699151716333, 'iles_de_la_madeleine_a_2': 21.30586896104309, '10220': 8.188130830796524, 'la_grande_IIIa': 2.9540762548933728, 'val_dor_a3': 8.784467274101035, 'baie_comeau': 12.819561600084239, '43910': 1.0952855460328088, 'chevery': 2.6933465070733593, 'kangiqsujuag_a_2': 4.496603923223745, 'chibougamau_chapais_a_3': 3.024000363347527, 'parent': 12.990168977322881, '7633': 1.2184151813686874, '44483': 2.2665277975038673, 'schefferville_a3': 0.5863106926860002, 'kuujjuaq_a_2': 4.9597093689625495, 'lac_eon': 0.41695433408832905, 'nemiscau_a': 7.839978084514131, 'st_henri': 6.454197244352896, '10197': 5.4515684022809445, 'salluit_a': 1.4006071639626327, 'kuujuarapik_a': 4.721479750689728, 'frelighsburg': 7.654237070481734, 'lac_benoit': 5.504892655060775, '4180': 11.315728914733585, 'kangirsuk_a_3': 5.056546687692029}",6.406636491,
2010-07-01 13:00,"{'parent': 6.032958990548508, 'cap_madeleine': 2.374038483845883, '3969': 17.435360946859927, '45607': 5.538136135040212, 'cape_whittle': 1.9271250511651399, '4180': 7.025554572313119, '5097': 16.120216582025073, '10899': 8.815807646446062, '7633': 10.218940711135296, '4337': 9.76427003435631, 'matagami': 7.732684876830774, '4093': 2.858501658462659, 'mistook': 7.349454972757144, 'riviere_au_feuilles': 10.334134004275057, 'inukjuak_a_2': 8.155501754611649, 'chapais': 12.161573923619432, 'schefferville': 3.7942736911735366, 'pointe_au_pere_inrs': 1.8776734032236888, 'kangiqsujuag_a_2': 9.15777445252711, 'sherbrooke': 3.1968988396330644, '44323': 0.9723627445060892, '42967': 14.34846240284391, 'waskaganish_a_3': 7.353906360061167, '7925': 2.8354678709582757, '45088': 9.431533116577931, '10244': 1.979984827979301, 'iles_de_la_madeleine_a_2': 0.6838210652837304, 'la_grande_IV': 9.66338659523822, 'kangirsuk_a_3': 1.1302967541053377, '4061': 7.981527713773936, 'lac_eon': 5.3143787442293196, '10918': 4.495739552454088, 'akulivik_a_3': 2.8638046137140876, 'kuujjuaq_a_2': 3.0788684143843934, 'kuujuarapik_a': 5.641930121212759, '10197': 2.5160151994556017, '10804': 4.173804348638221, '3987': 6.9654296757937235, 'lourdes_de_blanc_sablon_a_2': 8.507358246139393}",6.456639977,
2011-07-01 13:00,"{'amqui': 4.36596724741916, 'schefferville': 3.5572120605748125, '30578': 0.41746125993330185, 'la_pocatiere': 2.4649091595047192, '5126': 7.484254220645823, '4180': 1.5655294207026493, 'natashquan_a': 0.908631080151066, '4093': 9.984919268904656, '48869': 7.009125068484332, 'gaspe_a_2': 6.165774773045285, 'inukjuak_a_2': 27.14361266907749, '44323': 4.854415528557086, '10918': 8.808856443251917, '10955': 4.30897238091435, '4132': 7.135977588052317, 'lac_memphremagog': 9.305813188130632, 'la_grande_IV': 6.095465947271938, 'chibougamau_chapais_a_3': 0.12671680139848185, 'la_grande_riviere_a': 8.71854982955191, '44283': 7.832036588141365, 'akulivik_a_3': 19.281485306600427, 'quaqtaq_a': 0.19337328142993115, 'pointe_noire_cs': 2.730661842923457, 'salluit_a': 4.855800461613448, 'iles_de_la_madeleine': 9.010737769573911, 'umiujaq_a2': 0.21661678655215688, 'parent': 2.669234413282421, 'lourdes_de_blanc_sablon_a_2': 19.678998853701344, 'manouane_est': 1.5848881485928583, '3921': 8.306011976563124, 'tasiujaq_a_2': 2.3220999038879384, 'nemiscau_a': 10.510033629574016, 'val_dor': 4.861829861381178, '45447': 9.44837498055816, '7633': 5.556223074690324, '44483': 10.520764967317824, '42123': 1.5780812810514195, 'lac_eon': 14.649479253204099}",6.742865693,
2012-07-01 13:00,"{'chibougamau_chapais_a_3': 6.7273220759628245, '5097': 11.402049137414723, 'natashquan_airport': 2.2929770078896112, 'maniwaki_airport': 0.2695926127712909, 'cap_tourmente': 2.1361446394020813, '4295': 1.0761110833299057, '8997': 6.025573510333382, '7633': 0.5340306921923323, 'frelighsburg': 0.17040473353503138, '50092': 0.7558247597960346, 'cap_chat': 19.685762726474564, 'val_dor': 4.680682585628514, '45088': 9.109502785615135, '3960': 4.280617789189213, '48373': 1.4432954255965385, 'inujivik_2': 6.452245915728128, 'tasiujaq_a_2': 5.716574591214011, 'parent': 5.028907094066714, '42123': 5.991899250505856, 'umiujaq_a2': 5.069148776832774, 'inukjuak_a': 6.66214055460703, '10244': 0.38126378331724453, '10197': 0.3707720160425829, 'la_grande_4a': 5.049271915787898, '49848': 2.8153501615631207, 'lourdes_de_blanc_sablon_a_2': 4.7880005512374275, '47547': 4.6671818464930865, 'manouane_est': 0.6809997036535975, 'iles_de_la_madeleine_a_2': 15.97361620457787, 'schefferville_a2': 6.6573548500866835, '4061': 1.3090067933181508, 'parc_national_des_pingualuit': 2.645303764654015, 'onatchiway': 9.6431342950759, 'la_grande_riviere_a': 3.0700627591938883, '3987': 4.391835319738885}",4.79868462,
2013-07-01 13:00,"{'ste_anne_de_bellevue_1': 7.426990739676155, '48373': 12.26932860537534, 'valcartier_a': 0.6507414361845836, 'val_dor_a': 8.892565798740243, 'la_grande_IV': 9.404832298314282, '50132': 1.5677046854843688, 'gaspe_a_3': 1.3501400121358813, '4538': 2.7611103857965276, 'bonnard_1': 8.025488093852992, 'onatchiway': 0.774828721978178, '7633': 6.631559250516538, 'pointe_des_monts': 8.145171940726808, '49068': 6.060799270917521, 'la_grande_riviere_a_2': 3.4073312436593177, '7582': 7.338549491747571, '46507': 5.4585251841327835, '7870': 7.026858449390065, 'lac_eon': 2.7801776824614635, '50723': 0.564093664427249, '10244': 7.48007459414899, '42123': 0.9774204659054213, '27865': 0.4176397875147799, 'natashquan_a': 4.813549133634844, 'riviere_au_feuilles': 0.28312472941207645, '50857': 7.611890594384029, 'inukjuak_2': 6.750354448028073, 'schefferville_a2': 10.530056031916281, '51219': 14.892571841038759, '3987': 4.395520613612144, 'parc_national_des_pingualuit': 0.5177798092529322, '50460': 0.9967241325172225, 'kuujjuaq_a_2': 1.339645598717098, 'chibougamau_chapais_a_3': 12.927254457241526, 'inujivik_2': 27.099125695421115, '50840': 9.105513956210869, 'iles_de_la_madeleine_a': 4.529690267207336, 'parent': 7.564815642377077, 'nemiscau_a': 5.108379144469746, 'lourdes_de_blanc_sablon_a_2': 2.384271184065298}",5.904158951,
2014-07-01 13:00,"{'laterriere': 0.5857964182802213, '4061': 16.181769598683005, 'mont_joli_a': 4.0843149783040005, 'bonnard_1': 0.1725144090252435, 'lac_megantic': 4.4506361051274155, 'val_dor_a': 13.699161976268051, '50839': 11.360711873175806, 'montreal_st_hubert': 6.444781635137968, 'cap_madeleine': 11.275060300520387, '7747': 1.4367268172137386, '7870': 13.926819565009016, '48869': 1.1368655539505497, '4111': 8.710142507384141, 'waskaganish_a': 2.7395353494177, 'natashquan_a': 4.80579977698002, 'iles_de_la_madeleine_a': 3.2443691582844743, 'puvirnituq_a': 33.02178715224468, '10244': 5.070772583345587, '4003': 9.22859817750436, 'riviere_au_feuilles': 1.3908414178061825, 'lac_eon': 1.4227173220947513, '47567': 15.763475172337854, 'schefferville_a2': 1.8267985185929732, 'umiujaq_a2': 14.124074017461265, 'chibougamau_chapais_a_3': 17.86282519863382, '48788': 3.832052316073799, 'la_grande_IIIa': 4.851207514615702, 'parent': 6.355273775332261, 'kuujjuaq_a': 16.997935015857195, '52875': 1.2317742868629757, 'parc_national_des_pingualuit': 19.090402430520896, '10197': 4.112758842563025, '50723': 9.871095164706606, 'lourdes_de_blanc_sablon_a_2': 0.33538652330809526}",7.960140631,
2015-07-01 13:00,"{'la_baie': 6.185255320340328, 'pointe_noire_cs': 0.3114914813930483, '47547': 5.672184031160418, '52736': 4.03841442965736, 'sherbrooke': 0.48049239529838417, '47567': 16.569294773484863, '51237': 2.929065531016194, '10197': 1.0953625375134024, 'la_grande_IV': 0.2809456794217233, 'chevery': 0.7199213064528589, '10899': 2.776107981381802, '44283': 5.395215648430195, 'chapais': 11.541804224592536, 'kangiqsaulujjuaq_a_3': 0.6108206739220865, '48788': 4.950220311033146, 'iles_de_la_madeleine': 6.30468508599672, 'eastmain_river_a': 11.289385260354635, '9006': 2.4419230941239913, '50723': 1.6405127392338326, '52875': 8.441789023113913, 'tasiujaq_a_2': 10.751128012893307, 'salluit': 22.901249383013877, 'kuujuarapik_a_2': 1.89254721948363, '3987': 5.868149261419399, 'val_dor_a2': 5.525965916621468, 'saint_michel_des_saints': 13.723993778433972, 'amqui': 6.010196079402487, '7633': 0.15794335084275524, '52918': 2.1394786552986815, 'bonnard_1': 1.118595741995959, '51138': 0.9525712642252948, '51958': 7.24193775635327, 'schefferville_a2': 8.828597235359593, 'lac_eon': 4.969940936712057, 'inukjuak_2': 18.80717218954173, '52318': 18.867064267287816, 'cap_d_espoir': 6.858706216958382, 'kangiqsujuag_a_2': 17.701008970866848, 'lourdes_de_blanc_sablon_a_3': 3.954604393248365}",6.460147235,
2016-07-01 13:00,"{'41983': 23.100369721663718, 'baie_comeau_2': 1.8036623997756642, '47307': 3.1064787852792612, 'quebec_jean_lesage_intl': 6.008751658709322, 'bonnard_1': 3.8888768648050718, '47567': 3.9583091187965334, 'normandin': 1.635929274206891, '53603': 3.867607050266095, 'kuujuarapik': 1.8664287874386218, '49389': 10.48370909496751, '50478': 3.8183472648020427, 'inukjuak_a': 1.8765930130950181, '52838': 6.830032786569088, '49848': 10.421902771406838, '10197': 9.511008813831106, 'natashquan_airport': 7.156823035193485, 'frelighsburg': 8.104388865484554, 'parc_national_des_pingualuit': 15.252452633110938, '50839': 12.058959300405327, 'val_dor_a2': 7.600175116693258, 'la_grande_4a': 0.09855704471935667, 'lourdes_de_blanc_sablon_a_3': 13.290349316107658, 'wemindji_a': 8.135516656451532, 'iles_de_la_madeleine_a': 3.0559067961706443, '42123': 5.324082932182865, 'cap_d_espoir': 2.300392823491176, 'schefferville_a2': 8.790155992081063, '9004': 2.880231194249875, '7633': 3.1007213360076573, '50857': 0.8887487666597007, 'chapais': 1.4101871351144712, '50723': 5.634835517797217, 'riviere_au_feuilles': 7.005634205880053, 'saint_michel_des_saints': 6.663138937150023, 'kuujjuaq_a': 1.8701896139917373, 'lac_eon': 4.6777536761624585, '52898': 6.4177718419927885, '52918': 0.6191222318701328}",5.908265852,
2017-07-01 13:00,"{'chapais': 6.788918614264423, 'val_dor_a': 9.322960657745861, '10220': 0.7211597837914177, 'havre_st_pierre_a': 4.634472745161137, '50092': 4.5955067843557735, '48368': 2.7536142576005904, '30578': 0.0188413758437731, 'ile_biquette': 2.3013472899739504, '52918': 3.2309561772917395, 'normandin': 5.243758124374612, 'lourdes_de_blanc_sablon_a': 8.517781959367493, '52604': 5.062156094400951, '44323': 0.900440718897034, 'wemindji_a': 8.882909595715464, 'lac_memphremagog': 5.2839377689606355, '10197': 3.674238762355266, '9005': 18.326909698292493, '10244': 3.0567369041867067, 'riviere_au_feuilles': 3.3815059398180445, 'inukjuak_a': 15.084741243234202, '49508': 7.269898023687114, '49848': 1.6153663129534728, '3987': 2.667567532387574, '50723': 6.879063120870391, 'cap_d_espoir': 0.5277965494862116, 'kuujjuaq_a': 7.283880766292526, '52419': 3.174236090052238, 'saint_michel_des_saints': 3.3992324808623096, 'iles_de_la_madeleine': 4.246539584962473, '50857': 5.6189057670545175, 'bonnard_1': 7.220623401225936, 'pointe_noire_cs': 9.856531536998617, 'chevery': 0.3677299080000722, 'parc_national_des_pingualuit': 1.776022864720833, 'ile_dorleans': 6.060165213029848, 'kuujuarapik': 3.6358535729399204, 'la_grande_4a': 5.507463070961737, 'schefferville_a2': 1.8028583325044885, '7925': 0.319334346038044, '42123': 1.7074959457428207}",4.817986473,
2018-07-01 13:00,"{'deschambault': 1.8283195911849486, '44183': 4.164602092770213, '9026': 3.0060665086371134, '50460': 0.48375510050398773, 'chibougamau_chapais_a_4': 1.7534498773751181, 'inukjuak_a': 12.345105029873379, '4057': 1.6994882700829823, 'wemindji_a3': 5.481856293009955, '49848': 4.976142304376266, '52878': 0.2514969814409831, 'sept_iles_a_2': 1.083056788735238, '51237': 3.030669912572245, 'jonquiere': 0.6144835063404877, '41738': 3.217661120254169, 'la_grande_4a': 2.3980693439336527, 'cape_whittle': 3.4955809565683857, '30266': 1.8963267472006713, 'kuujjuaq_a': 3.4271162674618907, 'matagami': 0.8224645969139708, '50092': 4.237590379610372, 'bonnard_1': 1.149225963840344, '7925': 8.043797746566687, 'kuujuarapik_a_2': 4.334639930398335, 'amqui': 11.092976766673196, '50857': 4.344208333663039, 'parent': 4.835431479978341, 'lourdes_de_blanc_sablon_a': 0.5030761869506009, 'gaspe_a_3': 3.147867239229429, 'iles_de_la_madeleine': 0.45433558245214556, '50248': 6.918093307583174, 'schefferville_a2': 2.1088874749624598, '46507': 10.602534098622222, 'lac_eon': 7.429399351887373, '50723': 1.6646766980742989, 'riviere_au_feuilles': 11.055353462551281, '7633': 1.391141941942366, 'parc_national_des_pingualuit': 0.32713833793509295, '42123': 5.406811828890149}",3.816392037,6.838974183
2019-07-01 13:00,"{'lennoxville': 2.5221612148596826, '47687': 6.174068449453992, 'longue_pointe_de_mingan': 12.989451784842576, 'grandes_bergeronnes': 9.646073355899436, '3987': 9.93778032206168, '30435': 0.4728893454157408, 'eastmain_river_a': 5.671591111089121, '50248': 0.4908027663987369, 'schefferville_cote_nord': 10.0113044706126, '53000': 5.634225857894959, 'kuujuarapik_a_2': 0.2915769845247098, 'chibougamau_chapais_a_4': 2.760305602737093, '54838': 2.048277929054926, 'matagami': 6.851296545781855, '52878': 7.016855160495787, '27534': 2.4208094618046694, 'chevery': 9.068811310520388, '26912': 3.764776670538698, 'puvirnituq_a': 17.186075820488682, 'parc_national_des_pingualuit': 0.8038275458119415, '49848': 0.49004725446956954, '50722': 6.602299793625448, '48373': 3.5991776439087353, '44183': 8.843424358938663, 'heath_point': 14.21386056450265, 'quaqtaq_a_2': 21.153898664416168, 'lourdes_de_blanc_sablon_a': 12.236770477211277, 'riviere_au_feuilles': 5.449018301654338, 'kangiqsaulujjuaq_a': 7.734073195756206, 'la_tuque': 8.648986698185881, 'la_grande_4a': 0.321517582286333, 'inujivik_3': 7.118143079056807, 'cap_chat': 14.294218412054995, '51237': 1.4179186521282254, 'lac_benoit': 1.7580576708587632, '46507': 4.84628558791006, '52918': 5.919808403284918}",6.497580218,
