1956-07-01 13:00,"{'4477': 12.899362361322801, '4209': 9.246718760421345, 'schefferville_a3': 3.956181742922155, '3969': 25.91372724910616, 'lake_eon': 20.248652380884927, '4145': 4.862958284840612, '3914': 25.08414037194529, 'quebec_jean_lesage_intl_a': 3.6699733201130584, '4157': 11.130622461736493, '4029': 14.001359303307254, 'nitchequon': 16.600836787348136, 'sept_iles_a': 27.558641848608517, '4337': 10.03176336523444, '4716': 8.277006484174137, 'inukjuak_ua': 6.706894808149826, 'grindstone_island': 0.5217057020360798, '4168': 4.1875858947715905, '4055': 21.58654926840866, 'mont_joli_a_2': 23.77756579148004, 'kuujjuaq_a_2': 7.523246471147791}",12.88927463,
1957-07-01 13:00,"{'5085': 2.6457405519031454, '4337': 12.09566808496561, '4180': 2.3486689873307682, 'inukjuak_ua': 5.607452528260669, '4132': 9.181755778750585, 'val_dor_a3': 0.42905038493881875, '3987': 8.628916058656614, 'quebec_jean_lesage_intl_a': 13.471912997531035, 'kuujjuaq_a_2': 2.3272626450510803, 'mont_joli_a_2': 11.498157161830996, 'parent': 5.262469327230445, 'nitchequon': 15.763774022569596, '3960': 10.694587279402185, 'lake_eon': 19.070398758626222, '4716': 23.007318046074737, 'kuujuarapik_a': 1.4330447043109054, '4055': 16.422803942576973, 'sept_iles_a': 17.039285949418847, 'grindstone_island': 13.049327125554228, '3914': 6.0951197436221145, 'schefferville_a3': 12.534603954178689, '4168': 2.905159781862885}",9.614203537,
1958-07-01 13:00,"{'3987': 7.072249790687584, 'rouyn_a': 18.30169237313487, '4337': 25.16125994686655, '4716': 3.53598091129993, '3960': 5.568943204517253, '4168': 17.60362705409569, '5051': 22.387257270871984, 'parent': 3.603930751025473, '4132': 13.67798956681645, 'kuujjuaq_a_2': 7.302042833032431, 'inukjuak_ua': 14.130581544081622, 'sept_iles_a': 0.7102758699585365, '3914': 0.04179044646885188, 'schefferville_a3': 5.015925553338889, '3919': 6.113734793257109, 'quebec_jean_lesage_intl_a': 1.5969969922414915, 'nitchequon': 2.311019016510812, 'kuujuarapik_a': 10.684949760582008, 'mont_joli_a_2': 0.47586314492434667, '4157': 9.759716291856737, '4055': 0.7862731302441262, 'lake_eon': 3.297809553562047, '3926': 10.938879955753535}",8.264295207,
1959-07-01 13:00,"{'3919': 4.739251735425569, '4337': 4.793106422333381, '4477': 9.863278392065434, '4029': 1.7304443644214018, 'kuujuarapik_a': 3.5356661288136593, 'baie_comeau_a_2': 18.593324451156693, '4180': 8.46881166548701, 'inukjuak_ua': 8.195802098249715, 'bagotville_a': 5.1558117777627785, '4209': 3.3859611285399396, 'kuujjuaq_a_2': 3.459819613414311, '4055': 0.7467099856626191, '3960': 8.436078639738724, '4716': 91.00550966970741, 'lake_eon': 21.410249656326414, 'val_dor_a3': 9.091095169885147, '3926': 4.332021205821093, 'nitchequon': 6.918815481871377, '4168': 11.028283158512352, '3914': 5.593584704297882, 'parent': 8.167463659220402, 'schefferville_a3': 4.7644159747646455}",11.06434114,
1960-07-01 13:00,"{'kuujjuaq_a_2': 12.406438888491849, '5051': 1.518072425511182, '4716': 60.8546663196114, 'montreal_pierre_trudeau_intl_a': 5.4269248299535775, '3926': 21.080323882667642, '4201': 11.939352953268553, 'quebec_jean_lesage_intl_a': 5.727272123412014, '4157': 1.7452927925242143, '3914': 6.550453349750683, 'schefferville_a3': 13.050370972324146, 'baie_comeau_a_2': 19.70380861236481, 'inukjuak_ua': 7.046602512896584, 'kuujuarapik_a': 10.47697956256772, '3919': 2.7515559614497533, '4029': 5.562659207636965, 'nitchequon': 15.32453054328181, 'lake_eon': 17.934305237883024, 'val_dor_a3': 12.839765735530818, '3969': 5.408994501316823, '4055': 4.760244003952039, '4168': 4.842418526413724, '4209': 1.171506284041243}",11.27829724,
1961-07-01 13:00,"{'3987': 7.358126413191485, '3914': 6.140299145739846, '4716': 25.896183805694818, '4145': 3.5303824539432753, '5043': 14.150463249612358, 'port_menier_2': 6.488411489779821, 'maniwaki_airport_ua': 19.647643097815955, 'lake_eon': 13.969292601775692, '3919': 5.653265945050407, '4168': 9.689600557322365, 'schefferville_a3': 19.349006436851198, 'kuujuarapik_a': 17.21576258920811, '4538': 5.626335111790013, '4055': 6.981028218970096, '3926': 16.76735422733168, 'kuujjuaq_a_2': 25.323883314947352, '3960': 2.892715344093176, 'mont_joli_a_2': 5.042865963022791, 'nitchequon': 6.198877557532228, '4157': 7.061200525934282, 'bagotville_a': 3.2623981850593964, 'montreal_st_hubert_a': 10.682524591035175, 'inukjuak_ua': 13.029204572225353}",10.95464458,
1962-07-01 13:00,"{'3987': 5.241878175513175, '5126': 6.130665202161467, '4055': 4.848450931025354, '4209': 6.773709355690698, 'sept_iles_a': 9.894059296977503, 'mont_joli_a_2': 17.192602792833142, '4201': 5.360142628329868, '3926': 2.5311183824007912, 'lake_eon': 33.55848269930914, 'inukjuak_ua': 10.895027361638085, '3969': 7.855211165096335, 'maniwaki_airport_ua': 6.9496145068881106, 'sherbrooke_a': 3.219241229227464, 'kuujuarapik_a': 6.434550123771373, 'val_dor_a3': 4.504587329210057, 'nitchequon': 21.898166370854995, '4157': 5.529620991549443, '4716': 14.803982793738214, '4692': 5.443748405486076, 'kuujjuaq_a_2': 18.688929507598743, '3914': 5.251471162989446, 'bagotville_a': 10.02209940910333, 'schefferville_a3': 24.144297134571843, '3919': 1.3392642816495481, '4168': 1.1550580637897383}",9.586639172,
1963-07-01 13:00,"{'val_dor_a3': 4.960785893715951, 'schefferville_a3': 7.397777241126567, 'lake_eon': 5.32948580159135, '4337': 17.111774188821073, '4093': 7.4729532284072775, '4692': 20.52221333004013, '4180': 9.27774546705757, '3960': 31.75078559359099, 'inukjuak_ua': 2.2819381021365217, '4201': 8.55561414030285, 'chapais_2': 2.293544885868272, 'kuujuarapik_a': 26.055117776515658, 'nitchequon': 0.17801096780834413, 'bagotville_a': 11.85111470483389, 'kuujjuaq_a_2': 9.692746514422652, 'sherbrooke_a': 46.705946055258664, 'manicouagan_a': 26.46894788830636, '4716': 18.132072506369795, '4168': 7.217587637511858, '4029': 0.12336219056305708, '3919': 4.812893257606049, '3914': 3.5328228250625244, 'mont_joli_a_2': 13.074035875382833, 'port_menier_2': 2.498146883910522, '4538': 10.63213075506792, '4055': 9.849716263329348, '3926': 16.73980435665752}",12.01922498,
1964-07-01 13:00,"{'nitchequon': 0.5266957307305802, 'bagotville_a': 13.642291138032991, 'sherbrooke_a': 15.572969527561554, '5043': 5.589278948586714, '4716': 19.04250569092119, 'maniwaki_airport_ua': 12.777992248857117, '3923': 5.787951586826239, '4538': 2.033227617841316, '3987': 5.92881571669667, '3914': 1.1218504952494186, 'inukjuak_ua': 15.20025955701442, '4201': 6.963533418069673, 'lake_eon': 19.93741068091208, '4692': 3.7696820132205744, '3919': 4.136889760993995, '4093': 2.9940401470630897, '4055': 7.238685299789722, 'kuujuarapik_a': 5.811972065632688, 'rouyn_a': 0.7326587420649275, 'chapais_2': 14.468759870139252, 'sept_iles_a': 2.556571485539507, 'mont_joli_a_2': 8.956822151208112, 'kuujjuaq_a_2': 1.7382405988475398, 'schefferville_a3': 8.549762254618827, '3926': 16.7654554283655, '4168': 1.3325471187580433, '4157': 2.6967644743063097}",7.624949399,
1965-07-01 13:00,"{'5085': 21.002800536963857, '3960': 4.1312657895232405, 'chapais_2': 0.2609771307625124, 'port_menier_2': 15.048515935540308, '3914': 0.6547376749476825, 'val_dor_a3': 0.9306723494526068, '4157': 4.841193089815988, 'montreal_st_hubert_a': 3.4923690432764793, '4029': 8.259756494137946, 'manicouagan_a': 2.3290402952003433, 'bagotville_a': 14.360920214550731, 'border_a': 25.0840701845882, 'inukjuak_ua': 12.188703009589517, '4055': 10.259796177961107, '4201': 1.9881801159921793, '4093': 6.876876029232335, 'lake_eon': 16.562920498843596, 'schefferville_a3': 5.347253731451929, 'kuujuarapik_a': 0.6807953964780609, '3919': 11.91805902255328, 'kuujjuaq_a_2': 24.67546691770258, '4168': 0.9148393125287839, 'maniwaki_airport_ua': 6.6150963753295855, '3926': 10.046080427389825, '4716': 2.045825565710402, 'mont_joli_a_2': 19.00204410683729, 'nitchequon': 0.20923179140299908}",8.508425453,
1966-07-01 13:00,"{'5051': 8.333292675215489, '4055': 6.475258785004655, 'manicouagan_a': 2.241799919667489, '4157': 6.907935731855503, '4168': 7.1933213405009155, '4337': 2.350246429472975, '3987': 4.699109849949366, 'inukjuak_ua': 2.9355848916020477, '4145': 18.599781985018495, '4093': 27.535988431851536, 'kuujuarapik_a': 12.664339479746559, 'sherbrooke_a': 22.857131952335592, 'mont_joli_a_2': 5.743171846433171, '3960': 1.2399261574704497, 'lake_eon': 16.197701225886703, 'border_a': 0.8084275226574391, 'kuujjuaq_a_2': 2.5702891110413475, '3919': 9.13606186827019, 'bagotville_a': 1.775312308891273, '4716': 11.3059478958603, 'port_menier_2': 23.94424578233309, 'nitchequon': 12.756132182312285, 'schefferville_a3': 9.010870755322685, '3914': 18.15843109691923, 'chapais_2': 11.55619523868154}",9.879860179,
1967-07-01 13:00,"{'montreal_pierre_trudeau_intl_a': 6.189852819605221, 'gagnon_a': 2.120680186089885, 'lake_eon': 5.581367334656534, '4055': 38.02605175734789, 'nitchequon': 5.736171049337521, '4692': 4.7643271712763635, 'baie_comeau_a_2': 16.46381723043241, '3914': 4.152464014961144, '4145': 24.760402737299955, '4295': 3.4026139233881167, 'quebec_jean_lesage_intl_a': 14.84482693104701, '3987': 19.53131417986515, '3919': 2.2723546800346, 'chapais_2': 3.5073573029307497, '4538': 2.2597543755919105, '4093': 28.052292496262112, '3969': 18.539126126202973, 'kuujuarapik_a': 9.85726701633607, '4157': 15.12694016258331, 'schefferville_a3': 2.4945997894258305, 'port_menier_2': 16.158538902663224, 'border_a': 1.376595697568174, 'inukjuak_ua': 14.433851839086266, 'kuujjuaq_a_2': 12.181145417466368, '4716': 9.89830841800525, '4168': 7.710947159424556}",11.13242187,
1968-07-01 13:00,"{'5126': 22.570710007681328, '4180': 7.874444920176757, 'baie_comeau_a_2': 27.090035887616324, '3969': 0.8416491932299088, 'montreal_st_hubert_a': 2.4031071245226485, '4802': 1.987032300008007, 'kuujuarapik_a': 5.313907689589541, '4093': 18.79888866891838, '4002': 2.538276189781527, 'border_a': 3.554179769824259, 'grindstone_island': 37.19492719476693, 'chapais_2': 7.085921192345268, '3919': 12.533688104129396, 'schefferville_a3': 1.408002201700583, '4716': 10.986910303692639, 'gaspe_a_2': 1.086475783341612, 'lake_eon': 10.500428739926967, 'nitchequon': 11.76279893804167, 'val_dor_a3': 1.4509141805806962, 'bagotville_a': 20.395419551052093, '4055': 15.003052557949104, '3914': 3.3209833313012496, 'maniwaki_airport_ua': 0.9444358263293076, 'inukjuak_ua': 1.4648484662175179, 'kuujjuaq_a_2': 5.383708234934602, '4201': 10.59224747234857, '4168': 10.249763989966596, 'blanc_sablon': 48.519872573786415}",10.81630823,
1969-07-01 13:00,"{'4157': 16.414659028567712, 'sherbrooke_a': 2.2130118247118844, 'lake_eon': 4.590596012330934, '4352': 5.5781671060976805, 'baie_comeau_a_2': 4.68919413150088, '3923': 1.301047429735263, '4093': 0.15215641618169684, '4802': 5.549853076774525, '4132': 2.2911979209497986, 'grindstone_island': 23.170352693104576, 'natashquan_a_2': 0.29231467945124123, 'chapais_2': 11.14743079976677, '4002': 15.517430057596357, '3914': 10.899490185044877, 'gaspe_a_2': 10.916937187875504, 'gagnon_a': 7.925307326027905, 'kuujjuaq_a_2': 13.236668301509063, '4055': 1.3145625741453841, '5126': 4.517011070612156, 'val_dor_a3': 10.884751265995874, 'blanc_sablon': 8.842104034748726, 'bagotville_a': 13.484843414069132, 'kuujuarapik_a': 2.148336945086406, 'nitchequon': 8.065913168592346, '3919': 0.8186086459800102, 'inukjuak_ua': 2.382132325258514, '4168': 7.810668195599526, 'border_a': 12.341260771269638, '4716': 7.682542734764866, 'schefferville_a3': 2.6796645061100435, 'ste_agathe_des_monts': 2.2401450580273057}",7.132205125,
1970-07-01 13:00,"{'3953': 9.479737070524038, 'nitchequon': 14.88874208969905, 'manicouagan_a': 9.696161754804052, '4477': 10.226364033354898, '4932': 9.67557012540101, '4109': 7.318122155190991, 'rouyn_a': 7.178902085751815, '4055': 12.528369016384156, 'montreal_st_hubert_a': 3.624510201695699, '4716': 12.06660543216405, 'grindstone_island': 21.768565472442702, '3987': 1.0543581720276052, 'mont_joli_a_2': 11.486847990512615, '4132': 5.5097989882884235, 'kuujjuaq_a_2': 9.58510710640661, 'blanc_sablon': 10.864970320708267, '4295': 11.038948862824533, 'quebec_jean_lesage_intl_a': 5.06673855318661, 'schefferville_a3': 11.669033811180789, 'parent': 7.973638094411676, '4168': 8.490684678696084, 'border_a': 5.069461275362585, 'natashquan_a_2': 18.607588835642673, 'lake_eon': 22.698943931360425, '3919': 0.40002011204472865, 'inukjuak_ua': 7.404148065462266, 'riviere_au_renard': 3.1619495726264404, '3914': 3.177903079820908, 'kuujuarapik_a': 12.627241204994931, 'chapais_2': 9.202252354152193}",9.451376148,
1971-07-01 13:00,"{'grindstone_island': 12.630823849218245, 'chapais_2': 1.1067248466024466, 'manicouagan_a': 5.823552126716095, '3923': 5.69209530770604, '4567': 0.7097894545378267, 'riviere_au_renard': 7.0824707016164155, 'ste_agathe_des_monts': 3.867897009753051, '4002': 3.9222810604513825, 'rouyn_a': 2.344634155913809, '5186': 5.390121003842069, '3929': 8.135647346905898, 'natashquan_a_2': 17.926151265061467, '4352': 3.310331290707609, '4157': 4.921550177297183, 'mont_joli_a_2': 11.544267196719609, 'parent': 6.019748770694832, '3919': 3.500030602139873, 'sherbrooke_a': 5.582064962751247, 'border_a': 1.2184878133430885, 'blanc_sablon': 5.463263452801215, 'inukjuak_ua': 3.7675320735178275, 'kuujjuaq_a_2': 10.823980278632334, 'lake_eon': 17.850353512196534, 'nitchequon': 4.932970543039062, '4168': 2.504706766207164, 'bagotville_a': 3.38547880344818, '4132': 6.128858059357299, '3914': 2.1729471963808464, '4093': 3.5702870461284597, 'kuujuarapik_a': 1.801566205981814, 'schefferville_a3': 3.0350318320684195}",5.682762733,
1972-07-01 13:00,"{'3969': 4.726563120202094, '4093': 5.165047961157143, '3919': 0.20287418341936103, 'maniwaki_airport_ua': 19.316852390642833, '4180': 16.40384577728078, '5126': 17.581277193239657, 'nitchequon': 8.909191519902752, 'blanc_sablon': 41.05167505220296, '4692': 0.8793699451611872, 'riviere_au_renard': 9.424024646959595, '4201': 16.07291986747871, '3914': 7.938915414444963, '4055': 8.820114973234013, '4538': 3.151812271853487, 'val_dor_a3': 0.2667157026321547, 'inukjuak_ua': 24.512108193266574, 'chibougamau_a': 3.3073185516176373, 'grindstone_island': 41.63712355989635, 'kuujjuaq_a_2': 7.042673940638359, '4716': 19.400535870689747, 'baie_comeau_a_2': 10.00471730292486, '3987': 2.8303225669660605, 'natashquan_a_2': 2.072197405330371, 'kuujuarapik_a': 29.05190890181781, 'gagnon_a': 15.457607230463584, 'sherbrooke_a': 6.791288998614732, 'quaqtaq': 5.689798439315318, 'schefferville_a3': 14.013256465255985, 'bagotville_a': 2.096333373043535, 'border_a': 15.419779057928352, 'parent': 6.430241450039759, '4168': 13.758933714808666, 'lake_eon': 0.3308470984338783}",11.507824,
1973-07-01 13:00,"{'natashquan_a_2': 3.5084718619764317, 'kuujuarapik_a': 5.907172766908218, '4002': 7.403521019435134, '4683': 8.93797780821592, 'montreal_pierre_trudeau_intl_a': 18.868976913230508, 'lake_eon': 0.274346751273141, '4589': 5.835367442196002, 'grindstone_island': 32.19476971782336, '3929': 4.1300005292523565, 'sept_iles_a': 17.572595522390117, 'rouyn_a': 8.80867022317193, 'parent': 0.8814467578775975, 'mont_joli_a_2': 3.97237470530672, 'schefferville_a3': 7.863224919678515, 'bagotville_a': 8.099130469070587, '4132': 3.6713255069631714, '4093': 3.2832730759691913, 'kuujjuaq_a_2': 8.118246254819407, '4352': 2.873729417114733, 'nitchequon': 11.251282487063381, 'inukjuak_ua': 0.7216794007640885, '3919': 8.832546357584988, '3914': 3.8277718246104087, 'chibougamau_a': 12.850928153555486, 'gaspe_a_2': 13.397686795169761, '3923': 11.249290687622533, 'quaqtaq': 9.090890570502271, '4157': 12.3413365247834, 'gagnon_a': 7.551733525301103, '4168': 8.904365858290703, 'blanc_sablon': 32.07742222346525, 'border_a': 0.30940917724298345, '4538': 3.278157460917214}",8.723912809,
1974-07-01 13:00,"{'sherbrooke_a': 10.596621313397918, '3987': 3.576124684052047, 'quaqtaq': 30.9834574861452, '4932': 2.472157407330542, '7684': 2.779535819150624, 'havre_st_pierre': 17.373359476723294, 'grindstone_island': 33.96061508427374, 'rouyn_a': 4.919663117267191, 'mont_joli_a_2': 31.087150765657327, '4716': 36.33458669891388, 'kuujjuaq_a_2': 15.94424010795774, 'chibougamau_a': 5.680784268031857, '4477': 21.910717270947316, '3969': 2.8895039162016474, 'inukjuak_ua': 4.8511813608929515, '4168': 6.956061390985269, '4209': 7.9981156801231315, 'schefferville_a3': 3.602604935353156, 'bagotville_a': 20.049337107854683, '4109': 4.372112631737281, 'border_a': 8.550150075287092, '4055': 7.855091379060468, 'parent': 7.668088886090118, 'nitchequon': 10.359211660252186, '3919': 3.317747448949376, 'gagnon_a': 1.0429310891486239, '3914': 5.5654783673235215, 'blanc_sablon': 36.36162499291822, 'kuujuarapik_a': 17.670585309388116}",12.64582206,
1975-07-01 13:00,"{'port_menier': 6.764872141113301, '4168': 2.4781513168712586, '4157': 4.993666664091961, 'matagami_a_2': 11.27544306496884, 'bagotville_a': 1.63993003662182, '3914': 4.687148213160963, '4477': 2.7005352216183383, '4209': 6.999504594655491, '4692': 0.5550551214532788, 'schefferville_a3': 3.0101969280305667, '4716': 10.442110599858097, 'mont_joli_a_2': 2.199923745982332, 'border_a': 11.02150614104903, 'montreal_st_hubert_a': 2.842644994738066, 'kuujjuaq_a_2': 7.598355235448452, 'gagnon_a': 5.846307715405082, '3919': 4.448068030003924, 'nitchequon': 1.8723433207292892, '4002': 5.020072596958926, 'inukjuak_ua': 2.130050433529995, '4295': 1.4976330167755805, '4145': 16.82274279038029, 'lake_eon': 7.684751478704129, 'quaqtaq': 0.32658496404952686, 'chibougamau_a': 6.153676752699123, 'parent': 7.970414531438681, '4055': 2.4071676024832414, '3953': 0.2739783384886625, 'grindstone_island': 7.431312485316033, 'kuujuarapik_a': 4.640613914629675, 'blanc_sablon': 2.458986235524552, 'maniwaki_airport_ua': 8.171668466397023}",5.136419272,
1976-07-01 13:00,"{'4180': 18.273655052437107, 'riviere_du_loup': 14.746353485323198, 'port_menier': 1.5667605620929077, 'kuujuarapik_a': 5.262783613908937, '3987': 5.984213999923668, '4683': 8.373005428029956, 'blanc_sablon': 30.142949422477614, 'montreal_pierre_trudeau_intl_a': 13.484766161815081, 'matagami_a_2': 8.350708962989302, 'inukjuak_ua': 3.0571715411153377, 'quaqtaq': 13.087455355473708, 'grindstone_island': 2.9960107527538185, '4168': 4.249241339457967, '3960': 5.154953909861888, 'schefferville_a3': 6.112214298606361, '3929': 14.686430477519934, 'lake_eon': 15.541589107447926, '4132': 20.772725378513314, '4716': 4.676930376313976, '4295': 4.2727783415452905, 'nitchequon': 11.81344503740516, '4538': 7.462989841154467, 'gagnon_a': 2.3331109777798247, '4093': 9.830551063418024, 'chibougamau_a': 12.767309170862632, 'kuujjuaq_a_2': 16.904899912363902, 'parent': 13.913151606602241, 'border_a': 16.407443128183992, '3919': 5.93747287496617, '3914': 1.1977992543106666}",9.978695681,
1977-07-01 13:00,"{'quaqtaq': 46.47353952193214, 'parent': 3.2633528189699064, 'sept_iles_a': 22.245599790312554, '3960': 5.260469378887137, 'kuujuarapik_a': 10.237125538949932, 'border_a': 13.568104022743853, 'grindstone_island': 72.74191924698084, '4168': 6.2456583773540615, 'gaspe_a_2': 13.127101014951677, 'mont_joli_a_2': 1.5250537150423042, '4157': 5.713127235866539, '4002': 2.3628312946375445, '5126': 2.706913845438976, '3914': 6.2702688272434415, 'maniwaki_airport_ua': 8.948041874737555, '4132': 0.872261632298887, '3919': 7.730176111534284, '4802': 8.27004275569925, '4055': 14.3380769665647, 'natashquan_a_2': 65.95703546865843, 'inukjuak_ua': 0.3042777997778181, 'sherbrooke_a': 13.454878788678798, 'rouyn_a': 1.6292438444552317, 'nitchequon': 6.434334384569638, 'kuujjuaq_a_2': 17.55911811068495, 'blanc_sablon': 16.024826241414644, 'chibougamau_a': 13.69846360852091, '4716': 4.129735604394227, '4099': 8.962150560379662, 'bagotville_a': 6.342882273842406, 'schefferville_a3': 9.537005613117287}",13.41721343,
1978-07-01 13:00,"{'4209': 8.766024947011829, '4055': 2.3624444905188184, 'kuujuarapik_a': 8.264345595085793, 'havre_st_pierre': 16.014146709484635, 'grindstone_island': 28.68277237776215, '4157': 2.9965457537563704, '4099': 5.978463647465135, '5186': 3.1602964318576596, '3969': 0.06008076512895144, 'montreal_st_hubert_a': 11.177600546758185, 'chibougamau_a': 8.26471188525261, 'nitchequon': 3.9896231669347344, 'bagotville_a': 1.5037248452317726, '3987': 0.5577214953373186, 'schefferville_a3': 6.203561614856852, 'maniwaki_airport_ua': 13.21103174400423, 'kuujjuaq_a_2': 4.964633092548322, 'gagnon_a': 4.4518903099029785, 'val_dor_a3': 7.409858539863649, '4589': 5.336866175954128, '3914': 2.7829653444373434, 'border_a': 2.3401221097009, '3919': 0.5741904924406569, 'parent': 6.583464043846334, 'baie_comeau_a_2': 6.785683571111122, '4168': 14.286431066974387, 'blanc_sablon': 4.959080328924529, '4201': 2.4538809408024918, 'inukjuak_ua': 1.6069550698518924, 'quaqtaq': 6.150082550369081}",6.395973322,
1979-07-01 13:00,"{'iles_de_la_madeleine_a_2': 13.608981242025038, '4145': 0.8771427300525829, 'matagami_a_2': 4.836391635642258, 'quaqtaq': 0.28472504645636576, '4832': 4.92589206638695, '4716': 3.1572049208280077, 'gagnon_a': 5.560012119387707, '3920': 15.288052548208213, '3914': 2.115342179581017, '4002': 11.199686373147415, 'mont_joli_a_2': 4.327527628072858, 'gaspe_a_2': 16.832899629382837, 'sept_iles_a': 1.595739331863129, '3929': 0.48675550220627883, 'kuujuarapik_a': 9.621575309109176, 'bagotville_a': 8.607904531444092, '5126': 12.310206346230189, '4093': 2.7236177813756512, '4157': 4.811074902288965, 'ste_agathe_des_monts': 4.75056616945499, 'kuujjuaq_a_2': 1.1909957851637518, 'inukjuak_ua': 3.801463016950681, '4352': 2.6523534164152807, 'chibougamau_a': 5.8522809518137375, '4168': 0.29709527096831323, 'natashquan_a_2': 20.445086834704625, 'blanc_sablon': 3.968317180644469, 'schefferville_a3': 9.823254829447357, 'sherbrooke_a': 3.541747494045836, 'nitchequon': 5.726850501034283, '3923': 16.690026989579962, 'border_a': 12.27382582040644}",6.693268628,
1980-07-01 13:00,"{'kuujjuaq_a_2': 13.16830173265771, '4055': 7.084718016696797, 'gaspe_a_2': 2.5244270656618255, '4477': 7.036366021385675, '4145': 10.671054796785938, '3987': 2.475847430788235, 'schefferville_a3': 8.807669088419061, 'iles_de_la_madeleine_a_2': 16.374623872668963, 'sherbrooke_a': 4.837965867706615, 'chibougamau_a': 1.411205826283549, '4716': 17.19633614376653, '4692': 3.037693259164673, '3923': 18.81219407711979, 'matagami_a_2': 11.817968079957609, '4337': 10.267861221498109, '3914': 6.1645910669030854, 'bagotville_a': 3.9793383018761403, '4093': 5.668901981051022, 'sept_iles_a': 3.3328354310886628, 'gagnon_a': 0.48725522635504603, 'kuujuarapik_a': 3.820549709434374, '4168': 1.5389111610129476, '3919': 5.1637597059648215, 'nitchequon': 0.2951111390866572, 'quaqtaq': 6.007969723810675, 'mont_joli_a_2': 2.153740031551365, '4157': 5.927040338940287, 'natashquan_a_2': 2.349955513681266, 'blanc_sablon': 22.150703962164698, 'inukjuak_ua': 10.87725394606241}",7.181404991,
1981-07-01 13:00,"{'4538': 2.5648675059783272, 'ste_agathe_des_monts': 5.4693323719739055, '4180': 5.372975057390704, '3969': 10.211192619412731, '4295': 0.20905630372590167, 'inukjuak_ua': 24.087539885156765, 'mingan_a': 6.51827294226382, '4683': 8.647325193523898, '4099': 1.920069353790982, 'mont_joli_a_2': 2.4544958370425576, 'quebec_jean_lesage_intl_a': 3.7192971978947753, '3987': 0.05834422283805907, 'kuujjuaq_a_2': 3.9685222577516015, 'gagnon_a': 11.258876090273446, 'matagami_a_2': 7.631222190801054, 'quaqtaq': 1.1177195246948486, 'chibougamau_a': 1.5255994890955549, '4132': 8.043727142885245, '4716': 14.075216166878763, 'kuujuarapik_a': 29.05158268720436, 'nitchequon': 0.1792069652126571, '3914': 0.22897487994589483, '4168': 10.661473445979652, '4055': 5.008334203006051, 'schefferville_a3': 0.49948168691552297, 'blanc_sablon': 40.0494245239322, '3919': 4.11358126329565, 'grindstone_island': 39.64393032791737}",8.867487191,
1982-07-01 13:00,"{'kuujjuaq_a_2': 2.3436883263718187, 'la_grande_riviere_a': 3.625079636003999, 'inukjuak_ua': 13.314281274659578, 'bagotville_a': 3.9701426577220644, '4932': 5.343715272452755, '5126': 0.9528470834193286, 'iles_de_la_madeleine_a_2': 40.724254866657795, 'chibougamau_a': 5.551235114599152, 'schefferville_a3': 13.932101650626514, '3919': 7.616536383214985, 'ste_agathe_des_monts': 0.9232066213972274, 'natashquan_a_2': 15.440174034598284, '4352': 0.988518819300225, '4003': 2.5817155924949606, 'rouyn_a': 2.122480109539083, '4099': 4.219250070890556, 'sherbrooke_a': 21.231803913119847, 'baie_comeau_a_2': 14.029003605508478, '4168': 4.100450057861934, '4157': 0.7891530899957822, 'gagnon_a': 14.910055386502215, '3969': 4.714392432436171, 'nitchequon': 7.745350948958087, '3914': 13.279462635912637, 'blanc_sablon': 4.8475466332144705, 'quaqtaq': 1.9985749713352163, '4716': 15.418141912614587, '4209': 9.790365916910105, 'gaspe_a_2': 30.667225791928416, '4055': 8.647064971911579}",9.193927326,
1983-07-01 13:00,"{'montreal_pierre_trudeau_intl_a': 9.461667275037541, '5186': 1.0270738243739288, '3919': 4.314298000795475, '4538': 5.139430219325334, 'bagotville_a': 3.5002393098027937, 'kuujuarapik_a': 1.4339222030224903, '4099': 6.97553806924509, '4132': 0.7427560585454103, 'iles_de_la_madeleine_a_2': 3.2782337229000404, '4180': 0.05555830494231451, 'matagami_a_2': 13.643789529910833, 'mont_joli_a_2': 3.874786056305254, '4055': 0.5191832209238783, '3953': 14.765512924088398, 'natashquan_a_2': 9.170727757908992, 'inukjuak_ua': 3.9918773357057944, '3914': 1.290468658946338, '4692': 0.2781725614966035, '4168': 1.8209178515608073, 'nitchequon': 2.222080825071316, 'sept_iles_a': 6.150033019559757, '4716': 14.023581969468523, '4003': 1.462154685825226, 'kuujjuaq_a_2': 7.161163985467283, 'chibougamau_chapais_a_3': 2.16778998238442, '4352': 0.20353839022408238, 'gagnon_a': 1.0042536637702142, 'lourdes_de_blanc_sablon_a_2': 18.896090370602906, 'schefferville_a3': 5.201463692181278, 'gaspe_a_2': 17.688516983781312}",5.382160682,
1984-07-01 13:00,"{'4201': 9.429573541231548, 'maniwaki_airport_ua': 15.668167979805276, 'inukjuak_ua': 17.243409483337018, '4683': 8.500665511963234, 'val_dor_a3': 1.0374288665103073, 'iles_de_la_madeleine_a_2': 15.757398180525342, '3953': 2.4735500500901253, 'natashquan_a_2': 10.609459501267565, 'schefferville_a3': 18.987751452164957, 'kuujuarapik_a': 12.04028644810353, 'mont_joli_a_2': 12.288885688121354, 'sept_iles_a': 5.284155981861318, '4209': 3.809603654032104, '3920': 2.5803229724194807, 'gagnon_a': 3.1203623965775478, '4157': 2.8695435297177028, '4168': 5.882534599070823, 'nitchequon': 8.42665226274039, 'sherbrooke_a': 15.021545842318911, 'chibougamau_chapais_a_3': 2.220843114737363, '4589': 3.675260183102182, '4055': 4.426688857231056, '4295': 4.23238741763862, 'bagotville_a': 2.736917185342463, '4099': 4.265557324148176, 'lourdes_de_blanc_sablon_a_2': 18.206218751787674, '3914': 0.5281687088063336, 'gaspe_a_2': 6.92809659970294, 'kuujjuaq_a_2': 13.425269399354875, '4003': 1.8621842014908907}",7.784629656,
1985-07-01 13:00,"{'gatineau_a': 7.273871852612743, 'iles_de_la_madeleine_a_2': 6.459498484522866, '3960': 18.73187763161684, '4589': 16.913056969293393, '5126': 0.6045467858516531, '3919': 0.6971962197276298, '4180': 2.914767416777096, 'quaqtaq': 11.478783592733524, 'sherbrooke_a': 14.18764570814377, '3929': 5.245432080449859, 'val_dor_a3': 0.27469494646655335, 'sept_iles_a': 16.781912136074652, '4003': 2.4509611157389273, '4099': 1.9864032753830543, 'inukjuak_ua': 14.163647681812577, 'mont_joli_a_2': 10.416474723993815, '4209': 3.916760217497199, 'bagotville_a': 3.026262365612638, 'la_grande_riviere_a': 5.987172493503749, '4168': 5.1282763604017845, 'chibougamau_chapais_a_3': 6.497092509457458, 'gagnon_a': 14.276617096001253, '3914': 2.580012513245956, 'lourdes_de_blanc_sablon_a_2': 0.07651846157074971, 'kuujjuaq_a_2': 6.709581696183106, 'natashquan_a_2': 0.5159149762730522, '4201': 0.49834806201816306, 'gaspe_a_2': 0.14129473531647818, 'nitchequon': 6.090151839915302, 'schefferville_a3': 2.826596678462426}",6.295045688,
1986-07-01 13:00,"{'4157': 0.3343329444342089, '4802': 4.931462619235276, '4168': 5.53527858639157, '3929': 5.295368595165542, 'kuujjuaq_a_2': 8.187721388634642, '4003': 1.520177669273874, 'schefferville_a3': 3.0441035059273656, '4201': 7.304275002036114, 'maniwaki_airport_ua': 6.299797711989413, 'mont_joli_a_2': 5.856396040075197, '3960': 18.103468930864665, '4295': 3.247570305199588, 'iles_de_la_madeleine_a_2': 12.798353811150475, '3920': 2.1000889160819263, '4093': 8.039897980641967, 'chibougamau_chapais_a_3': 6.169928521202188, 'kuujuarapik_a': 9.828116292923369, '3914': 11.463606838434206, 'montreal_st_hubert_a': 3.3728309825437464, 'matagami_a_2': 2.4464339279435308, 'inukjuak_ua': 9.371923704310348, 'la_grande_IVa_2': 1.236195445646029, 'quaqtaq': 12.182804387513784, 'quebec_jean_lesage_intl_a': 12.831094699681671, 'lourdes_de_blanc_sablon_a_2': 1.0989090118491056, '4716': 11.264464535295701, 'natashquan_a_2': 0.4187024645143538, 'gaspe_a_2': 4.792550823240163, 'sept_iles_a': 5.034757861473167}",6.348641845,
1987-07-01 13:00,"{'iles_de_la_madeleine_a_2': 22.99355109375756, '4093': 11.888884182284073, '4716': 16.250533487603207, 'quaqtaq': 17.92664517069352, 'baie_comeau_a_2': 14.794948396847218, '4832': 11.58756694584281, 'havre_st_pierre_a_3': 19.6630737312806, '4201': 1.1992584824047299, 'sherbrooke_a': 19.255660061700503, '3929': 6.33072871772222, 'maniwaki_airport_ua': 11.405245996804297, '4180': 1.429224755316529, '3960': 5.842839959246442, '4295': 8.738028254747405, 'la_grande_riviere_a': 0.5933561661954627, '3920': 3.7804999578645493, 'schefferville_a3': 7.098616240997217, 'bagotville_a': 3.648077609518623, '4003': 11.359310963660391, 'chibougamau_chapais_a_3': 2.0767322280880762, 'val_dor_a3': 8.996551526949444, 'inukjuak_ua': 9.321164056760608, '3914': 2.1075722718960606, 'lourdes_de_blanc_sablon_a_2': 19.214477965142578, 'la_grande_IVa_2': 5.897283214937488, '4168': 2.466033671176774, 'kuujjuaq_a_2': 13.098894204842509}",9.591287382,
1988-07-01 13:00,"{'4352': 0.4883513073764085, 'rouyn_a': 2.849713012050188, 'la_grande_IVa_2': 7.286726179207633, '5085': 5.15084083638726, '3919': 1.709949262028772, 'havre_st_pierre_a_3': 15.745206534564204, 'la_grande_riviere_a': 9.553820495883485, 'bagotville_a': 11.596063888542972, '3929': 10.913757989139413, 'montreal_st_hubert_a': 15.730400006264745, '4099': 3.160451961375884, 'mont_joli_a_2': 19.8547411774216, '4168': 3.888660029904912, '3914': 0.5625123523522007, '3960': 23.49333097678027, '4157': 0.10027281899783702, 'lourdes_de_blanc_sablon_a_2': 5.309797527379146, 'chibougamau_chapais_a_3': 0.7007524899393047, '4132': 13.739534568883755, '4589': 10.378464823620789, 'kuujjuaq_a_2': 6.892149413715686, 'inukjuak_ua': 4.741978096200398, 'iles_de_la_madeleine_a_2': 23.729008815820976, 'schefferville_a3': 4.447003574524047, '4003': 6.481388020638036}",8.340195046,
1989-07-01 13:00,"{'iles_de_la_madeleine_a_2': 7.25720442109937, 'la_grande_IVa_2': 9.023697518713686, '4589': 1.1604704274514006, 'maniwaki_airport_ua': 4.3232187391495245, '4477': 7.878386925493032, '4157': 0.11751480256862123, 'natashquan_a_2': 7.764486191354081, 'matagami_a_2': 8.441902329187826, '4055': 3.092504358944744, 'kuujjuaq_a_2': 0.02976661604251518, 'lourdes_de_blanc_sablon_a_2': 14.964419848333158, '4295': 6.63408211429487, '4099': 2.8331626849540044, '4132': 9.168980321983895, '3960': 14.27252520605839, 'bagotville_a': 3.040058957765723, 'inukjuak_ua': 7.02804096037244, '4003': 0.7632883063141156, 'montreal_st_hubert_a': 3.3801826888811775, 'chibougamau_chapais_a_3': 9.789053729347454, '4168': 1.737951437870528, 'kuujuarapik_a': 11.5982219063917, 'sept_iles_a': 2.5183881699729227, '3920': 0.14193969651239513, 'gaspe_a_2': 8.296137324035953, '3914': 6.2987099405010785, 'schefferville_a3': 1.0175531629247079, 'mont_joli_a_2': 5.000320044763612}",5.627577458,
1990-07-01 13:00,"{'sherbrooke_a': 5.205824163063312, '4538': 5.475786738077659, '3960': 20.269836815282588, '4180': 3.2407111389744614, 'matagami_a_2': 0.20753977509230026, 'schefferville_a3': 2.3730809534937407, 'havre_st_pierre_a_3': 3.476530205045151, '5186': 17.3678003694927, '4589': 10.541591324681917, 'lourdes_de_blanc_sablon_a_2': 0.31510957940635365, '3914': 16.665508750845987, 'inukjuak_ua': 5.492351390928903, '4168': 2.597754099466229, 'kuujuarapik_a': 3.9132859786420564, '4352': 6.555537859874676, 'bagotville_a': 15.63396344063409, '4003': 3.8166789974279993, 'quaqtaq_a': 14.570235153111852, 'baie_comeau_a_2': 11.829938954455429, 'la_grande_IVa_2': 3.1205489963468267, 'ste_agathe_des_monts': 4.505074472992405, '4055': 12.756777547506545, 'iles_de_la_madeleine_a_2': 7.768736679093564, '4099': 12.287745440704407, 'kuujjuaq_a_2': 7.585974404509756, 'chibougamau_chapais_a_3': 13.53752332246333, '4132': 1.418736659337128, '3921': 4.38641013842996}",7.747021191,
1991-07-01 13:00,"{'schefferville_a3': 12.744895536518015, '3921': 3.7164198098932957, 'maniwaki_airport_ua': 1.7208778599022025, 'baie_comeau_a_2': 10.029649449457658, 'iles_de_la_madeleine_a_2': 23.137386501584842, '4589': 7.16642241235968, '4157': 4.653001838309592, 'rouyn_a': 9.196812760911142, 'chibougamau_chapais_a_3': 3.609899903749465, 'kuujuarapik_a': 5.0680021336584105, '3960': 18.665681900619965, 'inukjuak_ua': 5.156318730572821, '4132': 11.814423282026233, 'havre_st_pierre_a_3': 1.9672741156298343, '5126': 11.880252998414296, '4003': 12.611575245959102, 'lourdes_de_blanc_sablon_a_2': 14.001367648044834, '4168': 4.6659727598162135, 'bagotville_a': 7.0147892694513985, 'sherbrooke_a': 2.004486941595353, 'kuujjuaq_a_2': 8.134647818165831, '4538': 5.800290243224181, '4099': 17.804462282043232, '3914': 4.714358523502597, 'la_grande_IVa_2': 3.7196915938184247, '4055': 7.04675827419851}",8.38637384,
1992-07-01 13:00,"{'gatineau_a': 4.452415244328222, 'iles_de_la_madeleine_a_2': 9.831732301391071, '4093': 2.668234484837779, 'la_grande_IVa_2': 3.6373042455659004, 'mont_joli_a_2': 9.159763813245888, 'gaspe_a_2': 5.269821661796243, 'sherbrooke_a': 9.522616040594585, 'schefferville_a3': 5.138859370887538, 'natashquan_a_2': 3.151232833362201, 'lourdes_de_blanc_sablon_a_2': 9.459749996867117, 'bagotville_a': 13.482621456832817, 'la_grande_riviere_a': 1.1507642628508776, '4055': 0.16249522958810303, '4716': 12.536496412653287, '5085': 7.154464708264641, '4201': 4.85199361095988, '3969': 0.9013815606524531, 'inukjuak_ua': 5.888443239997969, 'val_dor_a3': 5.562000398486871, '4180': 3.6343773422086088, '3914': 0.19458858094117204, '4003': 10.514065791200437, '4168': 3.8056420751497058, 'sept_iles_a': 4.619911435035439, 'kuujjuaq_a_2': 0.6755358583988595}",5.497060478,
1993-07-01 13:00,"{'4132': 3.241257897933835, '4716': 11.149224963406823, '3953': 9.834481536920343, 'havre_st_pierre_a_3': 9.515046058958696, 'iles_de_la_madeleine_a_2': 10.376972163183382, 'kuujuarapik_a': 7.066072512214305, '4337': 2.754750304139975, 'wemindji_a2': 6.560964767168798, 'quebec_jean_lesage_intl_a': 16.211668572572165, '4932': 11.205311156693513, 'kuujjuaq_a_2': 6.11673295267974, '4055': 2.7418959724855085, 'schefferville_a3': 1.1509477597282967, '4093': 2.076810384854582, 'lourdes_de_blanc_sablon_a_2': 13.577143714937847, 'rouyn_a': 0.3728461623247252, '4477': 1.1679371355573949, 'la_grande_IVa_2': 3.863724211245426, '4003': 13.094681387483433, '4157': 3.6803793662674025, 'mont_joli_a_2': 1.54425526509079, '3921': 12.814649710732738, '4168': 4.995344687247552}",6.744047767,
1994-07-01 13:00,"{'4061': 36.524005700139924, 'iles_de_la_madeleine': 47.58821535517928, '3923': 1.6205223357155774, 'parent': 7.782965278947813, 'cap_madeleine': 0.7370506699910386, 'la_grande_IVa_2': 2.3664154013266803, 'cap_tourmente': 6.410649756609928, 'chibougamau_chapais_a_3': 17.922293371491833, '4295': 5.281576852188209, 'la_grande_riviere_a': 6.977419699825532, '4180': 11.221875330782495, 'lac_memphremagog': 41.379623076558346, '7647': 13.40140692683417, '7793': 29.039701525374902, '10804': 8.300152332089738, '4716': 13.061107083981824, 'baie_comeau_a_2': 0.7320899435306245, 'val_dor_a3': 1.7185852213533916, '4209': 6.785470528237056, 'waskaganish_a_3': 7.346262256358159, '4099': 31.50840319432757, 'lourdes_de_blanc_sablon_a_2': 8.656012217739203, '7581': 6.8748868991483505, 'natashquan_a_2': 13.055080854908596, 'schefferville_a3': 6.262936979765868, 'kuujjuaq_a_2': 2.161092403969633, 'bonnard_1': 28.226166583603415, 'st_jovite': 11.470517234905856, '10197': 3.3478670920028435, '7633': 11.240708579134662}",12.96670202,
1995-07-01 13:00,"{'charlevoix_a': 10.54080038494561, 'iles_de_la_madeleine_a_2': 8.858841580005446, '9005': 12.638632504997073, 'sept_iles_a': 8.99695753426306, 'la_grande_IVa_2': 9.582518949715421, 'ste_clotilde': 7.561642308362416, '3923': 8.54363838890572, 'rouyn': 7.039124447322404, '26861': 3.4658997598016867, 'cape_whittle': 3.6834888310404494, '4055': 3.7683659677936703, 'kuujjuaq_a_2': 0.26867361980723103, '10918': 8.464189578806668, '10244': 5.593382087861935, 'lourdes_de_blanc_sablon_a_2': 1.2240581007945366, '7747': 4.478605169228672, 'gaspe_a_2': 5.221518039083776, 'wemindji_a2': 9.522645608056337, 'manouane_est': 5.781294574548944, 'inukjuak_ua': 2.342524476216422, '10197': 11.607311475492395, '4477': 11.683300336088905, 'normandin': 20.65730104962131, '4132': 1.1289774734153752, 'schefferville_a3': 3.4966299860345202, '4093': 15.412999656079592, 'akulivik_a_3': 6.021379432573596, '7633': 11.415916122845374, '10804': 10.551968138962593, 'kuujuarapik_a': 12.000486112664564}",7.718435723,
1996-07-01 13:00,"{'montreal_st_hubert_a': 26.507850240216378, '4352': 6.751233354822581, 'la_grande_IIIa': 1.1615385629677633, 'sept_iles_a': 27.21664622137314, 'mistook': 34.23587670775305, 'schefferville_a3': 45.63718012562536, '5126': 2.70031559995914, 'natashquan_a_2': 20.02255567733664, '3920': 0.6809179661904636, 'ile_biquette': 19.627913288175478, '4932': 0.02805674222441823, 'iles_de_la_madeleine': 13.557928774982074, '7593': 4.031393405307073, '4093': 7.057226277383734, 'lourdes_de_blanc_sablon_a_2': 46.109620296000315, 'inukjuak_a_2': 37.63890398462715, 'gaspe_a_2': 1.5470900890650228, '4057': 6.168241718165291, '10197': 0.9316632109144578, '4145': 3.2462398803140786, 'parent': 11.33536519637073, 'nemiscau_a': 3.780392085360873, '7704': 7.660525203347564, 'manouane_est': 21.97648892142911, 'kuujuarapik_a': 12.781205755192786, 'matagami': 6.239341973633763, '3960': 9.958782291080524, 'beauceville': 17.0639593534288, '10804': 4.040522226306582, '4157': 9.551512284478122, 'chibougamau_chapais_a_5': 4.031882877975477, 'kuujjuaq_a_2': 35.09698949697219, '4716': 18.930670983084212}",14.16078881,
1997-07-01 13:00,"{'cap_madeleine': 1.4734275659902778, '10973': 0.362834253630834, 'bagotville_a': 2.4185078988762143, '4003': 12.693642705189172, 'ile_charron': 3.264220208094457, 'parent': 14.99624912472791, 'la_grande_IIIa': 1.4894987062639675, 'rouyn_a': 4.650908766642111, '7925': 0.7990773443889339, 'baie_comeau_a_2': 14.799074329434916, 'lourdes_de_blanc_sablon_a_2': 10.548424073611386, 'natashquan_a_2': 11.389294875203632, '4055': 11.346921836317051, '10244': 1.173469662197931, '3969': 6.134017168015703, '4099': 5.8056017243652605, 'chibougamau_chapais_a_5': 25.48175581084797, 'iles_de_la_madeleine': 10.474320435489062, '4716': 13.860150243502812, '4209': 1.2680280569552451, 'inukjuak_a_2': 2.9255171474069357, 'kuujuarapik_a': 9.388669829389585, 'akulivik_a_3': 13.93777191103436, 'maniwaki_airport': 7.0094641718606, 'waskaganish_a_3': 3.596798926260874, 'kangiqsujuag_a_2': 19.88889291184023, '4157': 3.1671205532824374, 'beauceville': 0.35165484943104275, '7793': 12.85522468379007, 'manouane_est': 8.98678877792554, 'kangirsuk_a_3': 10.380973685765639, '10804': 7.729415741050616, 'schefferville_a3': 1.086797542287968, 'kuujjuaq_a_2': 0.1437797797843814}",7.525832215,
1998-07-01 13:00,"{'barrage_angliers': 13.58181627682643, '3960': 6.886955631746105, 'l_etape': 0.461938807828119, 'quaqtaq_a': 7.593599233695723, 'mont_orford': 40.26757394491498, 'manouane_est': 2.9595880774058827, '3921': 2.225909785123921, '4538': 1.0752506672870368, 'port_menier_3': 3.702205362264067, '4102': 0.9606888665074536, '7633': 2.122191564179957, '10220': 10.354753124176113, 'chevery': 8.703698036377318, 'pointe_au_pere_inrs': 20.723346371051683, 'umiujaq_a2': 0.7934197693830356, '7925': 7.631223773874808, '4589': 7.123146479706996, 'iles_de_la_madeleine_a_2': 16.8466055511984, 'wemindji_a2': 5.776627549510181, 'kuujjuaq_a_2': 3.3638148246950266, 'inujivik_2': 6.567687631856874, 'lourdes_de_blanc_sablon_a_2': 3.6228617299669885, '10804': 6.445787435174186, '4337': 2.7280998612545915, 'schefferville_a3': 3.6434841047607733, 'chibougamau_chapais_a_5': 9.301373594577054, 'la_grande_IVa_2': 12.60764038254274, '10197': 4.286800831187202, 'parent': 13.120233106164488, 'inukjuak_a_2': 3.6473203916277424, 'matagami': 12.143575564675722, 'nemiscau_a': 0.46497507683670847}",7.554193544,
1999-07-01 13:00,"{'cap_tourmente': 1.9528220695551681, 'nemiscau_a': 7.547677333466709, '4057': 4.378472591245554, 'lourdes_de_blanc_sablon_a_2': 29.44703282416731, 'varennes': 24.46979154007726, '8997': 30.475143337156624, 'rouyn': 2.9648646646560337, 'la_grande_IVa_2': 7.670786892637876, '5085': 13.458017637783591, 'longue_pointe_de_mingan': 5.699526982277575, 'ile_biquette': 8.516311710259563, 'kangirsuk_a_3': 1.679958872964594, 'cap_d_espoir': 0.7548415773187571, 'kuujuarapik_a': 1.2468584148394228, '4099': 3.8196681857925796, '4157': 9.859848715732369, '4716': 65.69627970068541, '10244': 0.5696774669101075, '4352': 8.643333958212224, 'schefferville_a3': 18.82087732134221, '3960': 8.079550442503205, 'chamouchouane': 16.19577820917857, 'kangiqsujuag_a_2': 2.846893651080734, 'lac_benoit': 16.619426860743488, 'iles_de_la_madeleine_a_2': 34.918171203577, 'inukjuak_a_2': 3.594498484606163, 'chevery': 8.04226905060932, 'kuujjuaq_a_2': 4.0878370329782285, '4003': 1.171550788807508, '10903': 22.374053289949245, 'wemindji_a2': 6.554225447612453, '10197': 0.7257406613630337, '10804': 0.7569526858933386, 'inujivik_2': 6.655009182278491}",11.18511026,
2000-07-01 13:00,"{'27528': 11.41888171273331, '3923': 0.3062554153684687, '8997': 4.730210882409665, 'barrage_temiscamingue': 2.1487628085305914, '4111': 2.8147472012248826, 'st_gedeon': 2.5471947984979124, '4295': 0.25189973853412084, 'bonnard_1': 15.2599509273482, 'gaspe_a_2': 4.6238100290554485, 'baie_comeau_a_2': 14.58671325453588, 'matagami': 12.139084605983243, 'parent': 7.514212624946822, 'lac_eon': 7.999916721307272, 'inujivik_2': 8.392426467500627, '7633': 1.920469861574702, '3920': 2.1348597830642575, 'la_grande_IVa_2': 4.1997022920693325, '4055': 6.573587799884535, 'lennoxville': 2.6248289553854853, '10918': 2.8024447904022054, 'la_grande_riviere_a': 3.0601589144207537, 'lourdes_de_blanc_sablon_a_2': 1.4958181112055726, 'chevery': 1.8768260667534378, 'apaluk_a_2': 1.3346771176564545, 'maniwaki_airport': 6.474810476970106, 'iles_de_la_madeleine_a_2': 10.004242749629247, '10804': 2.0412796044166583, 'schefferville_a3': 13.692859098375669, 'chibougamau_chapais_a_3': 5.1484481337447505, '4716': 12.18961144267157, '10911': 6.608900933119003, 'inukjuak_a_2': 4.061819530719413, '10197': 3.6424574234222504}",5.65520819,
2001-07-01 13:00,"{'4055': 2.821110028773546, 'ile_dorleans': 3.4343592024524696, '7733': 30.76906423777109, 'lac_benoit': 1.702789642677999, '10903': 8.31519952175628, 'matagami': 24.613559902703855, 'chamouchouane': 27.748186886921758, 'l_assomption': 11.579526993399213, 'cap_madeleine': 33.67265794122795, 'kangiqsaulujjuaq_a_3': 2.095482355902959, '3923': 2.2959500500001013, 'lac_eon': 30.41086437465674, '4180': 1.3553497342509218, 'pointe_au_pere_inrs': 13.114633102494736, 'chevery': 5.825021968360488, '10918': 9.848876885707597, '4093': 23.867500835481785, '7790': 1.5411631882592403, 'inukjuak_a_2': 6.546797136077657, 'iles_de_la_madeleine': 0.5939677481073886, 'la_grande_IVa_2': 12.391965421149507, 'akulivik_a_3': 13.76215142942965, '30266': 25.107703675399534, 'lourdes_de_blanc_sablon_a_2': 31.014583533862606, 'umiujaq_a2': 1.8048269422011742, 'schefferville_a3': 15.520598452771083, '10244': 4.69840231100261, 'maniwaki_airport': 5.738781363885664, '10197': 5.729419715935364, 'barrage_temiscamingue': 17.94722511561804, 'salluit_a': 19.08462255774066, 'tasiujaq_a_2': 1.329851614505344, 'waskaganish_a_3': 1.7343246922578146, '10804': 4.575080565176904, 'la_grande_riviere_a': 5.402968324439048}",11.65698764,
2002-07-01 13:00,"{'roguemaure': 4.352054172521866, '3960': 12.584223037585616, 'lac_eon': 1.9348258278844241, '10955': 20.240083225886337, 'trois_rivieres_2': 19.668693428091274, 'ile_biquette': 29.711410413263366, '10220': 3.540320597589016, 'natashquan_a_2': 9.510391391599114, '7593': 2.8533272237618803, 'inukjuak_a_2': 8.072312358533964, 'la_grande_IIIa': 5.482886188282976, 'cap_madeleine': 1.5894476446234762, '4111': 3.2853590673285, 'umiujaq_a2': 17.28176017964006, '4716': 18.767514855074296, '4352': 3.5712074654957178, 'iles_de_la_madeleine': 20.534044586820528, 'schefferville_a3': 14.52250589216419, 'chibougamau_chapais_a_5': 6.412310192429004, 'akulivik_a_3': 5.106934950454161, '4209': 0.3684399307503554, 'mistook': 27.186096668993173, 'tasiujaq_a_2': 8.212241856029546, 'salluit_a': 15.861650856677443, 'nemiscau_a': 7.202490948542163, '10244': 1.4981813599397356, '7925': 5.7899866579018635, '10804': 1.6215357270557433, 'parent': 8.698774037359609, 'manouane_est': 5.609451902619639, 'lourdes_de_blanc_sablon_a_2': 27.57993704150431, '7633': 0.06094157038702974, '10197': 7.380281351041049, 'kangiqsaulujjuaq_a_3': 7.8716102261941145}",9.822448025,
2003-07-01 13:00,"{'7747': 2.6770326334860517, '3960': 14.06431086990051, 'mont_orford': 31.327226777444594, '32128': 13.644881064985384, '4057': 4.4473448265289335, 'natashquan_a_2': 6.355933111744889, '4102': 0.8710247818380594, 'waskaganish_a_3': 16.438567767225514, 'la_grande_riviere_a': 3.930828038132244, 'la_baie': 4.273139017104768, 'mont_joli_a_2': 2.014212290454452, 'sept_iles_a': 8.729586577456757, '30435': 2.040260816924274, '30578': 11.947806995697647, '31367': 5.135611016059556, '4209': 13.981474243474622, 'la_grande_IVa_2': 1.7047567258123308, '4145': 11.933200627946462, 'kangiqsujuag_a_2': 24.033295324072242, 'inujivik_2': 31.22114863557826, 'manouane_est': 17.70303175701474, 'schefferville_a3': 3.435811660019681, 'chibougamau_chapais_a_3': 35.19260176012517, 'kangirsuk_a_3': 16.137890174984932, '3921': 10.017846172395366, 'umiujaq_a2': 6.661175000965613, 'kuujjuaq_a_2': 9.153392168693244, '4003': 6.990005884880125, '10804': 14.158012056723237, 'lourdes_de_blanc_sablon_a_2': 16.202298524789512, 'matagami': 13.461839855997823, 'iles_de_la_madeleine': 21.27027522933713, 'cap_d_espoir': 12.941670805972535, 'inukjuak_a_2': 7.3014790480956435, '30266': 6.955649141023063}",11.6672749,
2004-07-01 13:00,"{'mistook': 10.37728323583724, '42005': 15.071562347886925, 'trois_rivieres_2': 14.589838074143245, 'barrage_angliers': 0.883694993914105, '27531': 30.13769951037287, 'waskaganish_a_3': 5.755320333992131, '10220': 1.1135148296598345, '4111': 3.6987215055229967, '7593': 2.875478862319426, 'akulivik_a_3': 5.330683069483143, 'iles_de_la_madeleine_a_2': 16.398604547436207, '27528': 0.27421506639302606, 'sept_iles': 2.5769079129677266, 'lac_benoit': 24.50902782280332, 'salluit_a': 4.235223508914828, 'chibougamau_chapais_a_5': 2.834567798581281, '10244': 6.9931919182292575, 'la_grande_IIIa': 3.709175394299109, '5126': 6.748500551251027, 'gaspe_a_2': 8.113777810087754, '10197': 8.3123732667882, 'lourdes_de_blanc_sablon_a_2': 9.842571352259256, '3923': 4.438063560985029, 'schefferville_a3': 5.480419775703922, 'kuujjuaq_a_2': 2.6481977849386737, '4716': 2.254463526769541, '10804': 6.044231625506654, 'mont_joli_a_2': 7.507300370293933, 'quaqtaq_a': 4.075849532848224, 'inukjuak_a_2': 6.925409206887707, 'cape_whittle': 3.979025837672719, 'matagami': 2.5382274601760084, '7633': 2.510577118733318, 'parent': 11.031979851218551, 'lac_eon': 0.27901701946143476, 'kuujuarapik_a': 7.6772904602663345}",6.993666301,
2005-07-01 13:00,"{'saint_sabine': 5.873685494615529, 'waskaganish_a_3': 24.608229092686706, 'bonnard_1': 26.19915477745235, 'ile_dorleans': 13.803444497630153, 'inukjuak_a_2': 22.630845047942884, '4099': 6.922408361667653, '42967': 9.857486837277975, 'baie_comeau_a': 3.921148084197739, '3921': 1.200402175164072, '4589': 24.312810140997165, '4132': 11.073225656175055, 'lourdes_de_blanc_sablon_a_2': 20.483968950824202, '4157': 7.285602917532962, '10197': 3.965576524063131, 'matagami': 5.096593186590326, 'havre_st_pierre_a_3': 1.523050499381121, '30578': 0.05767582616799771, 'la_grande_IVa': 25.750807029792664, 'normandin': 18.656121629697736, 'kuujuarapik_a': 12.885799225276529, '3923': 11.134091880216546, '10804': 9.42921834758703, '4057': 1.7738634360139258, 'schefferville_a3': 7.3122310842512235, 'iles_de_la_madeleine_a_2': 17.859436728758737, '4841': 29.732720175351695, 'chapais': 10.77623216144275, 'chevery': 3.7282246851527816, 'akulivik_a_3': 23.279820761573507, 'kangiqsujuag_a_2': 21.73471287464585, 'kuujjuaq_a_2': 19.86133028652857, '4003': 0.27661095609563446, 'salluit_a': 25.636378901537608, 'cap_d_espoir': 0.048531146098238054}",12.60857175,
2006-07-01 13:00,"{'ile_dorleans': 24.948598451068534, '4180': 13.530392762342842, '4099': 1.8968597682205086, '42004': 2.2930835275875445, '7868': 1.8105188039132756, '27531': 6.71477293362841, '30266': 12.086865680407676, '10804': 0.832864093207359, 'lourdes_de_blanc_sablon_a_2': 20.112501970018684, 'pointe_des_monts': 3.310284653307445, '43104': 7.185486843809485, '4352': 4.615783664517608, '27865': 7.357044404313115, 'manouane_est': 2.549423854041379, 'havre_st_pierre_a_3': 10.218566585643956, 'chibougamau_chapais_a_3': 13.18474644664424, 'parent': 14.022011418610802, '43910': 1.693094856600986, 'iles_de_la_madeleine_a_2': 19.264818503389712, 'chevery': 1.1906420311424881, 'la_grande_riviere_a': 11.674223518251985, '5126': 30.91267169829144, 'kuujjuaq_a_2': 0.0126372495387983, 'la_grande_IVa': 13.560241280417145, 'val_dor_a3': 3.4238363151671365, 'inujivik_2': 9.766656950095296, '10197': 1.1178614878883195, '42123': 10.935381916694155, '10220': 9.352144704584848, '7633': 6.584895216340897, 'riviere_au_feuilles': 1.1595441182831934, 'inukjuak_a_2': 0.47399618159488455, 'cap_d_espoir': 10.567106896261343, 'quaqtaq_a': 6.840887045766184, 'schefferville_a3': 8.990665689384727, 'onatchiway': 8.223219555817195}",8.400398085,
2007-07-01 13:00,"{'30247': 7.410031868963415, 'rouyn': 6.468801917179462, 'quebec_jean_lesage_intl': 2.502199372387622, 'bonnard_1': 13.721431077108718, '4102': 14.48323766158444, 'chamouchouane': 18.927940482588994, '30578': 10.30252543335941, 'longue_pointe_de_mingan': 1.01241895395151, 'kuujuarapik_a': 0.052224912502079945, '30435': 8.381113228620734, 'baie_comeau_a': 5.755470816463003, '3969': 3.949581487814612, '4132': 11.577901620511511, '30682': 0.3790391501970589, '30266': 29.670495962877766, 'eastmain': 0.5618184500955294, 'frelighsburg': 14.461274560328093, 'iles_de_la_madeleine': 36.85316685047555, 'kangirsuk_a_3': 18.965802415752385, '3987': 21.354350983736452, 'inukjuak_a_2': 14.677848790239295, 'kuujjuaq_a_2': 7.198536379408285, 'chevery': 8.9352160168069, 'cap_d_espoir': 7.029712193133491, 'inujivik_2': 37.82327033689751, '42967': 18.960008216077767, '10804': 7.059758840293701, '10197': 5.278256372053755, 'riviere_au_feuilles': 12.781934047280373, '45088': 1.9085049257520499, '10244': 1.2599829465711103, 'lourdes_de_blanc_sablon_a_2': 2.764855875154808, 'schefferville_a3': 8.69285141070759, 'la_grande_IVa': 3.7330253663619146}",10.73219379,
2008-07-01 13:00,"{'ile_aux_perroquets': 4.63581203364356, 'st_jovite': 3.9607455182704143, '4111': 5.2191027738153934, '4683': 2.3649820289028867, 'matagami': 3.289700996333522, '27865': 6.630259524506073, 'eastmain': 11.131158048407087, 'ste_foy_ulaval': 3.4247150811856493, 'ile_biquette': 45.46480430409429, 'barrage_temiscamingue': 1.4327908542873047, '4295': 6.235261679126591, '27531': 3.8312985954817123, 'normandin': 15.222907489766618, 'umiujaq_a2': 12.476720714961761, '10220': 0.7185711329802871, 'heath_point': 13.60502900776828, 'schefferville_a3': 2.279027667286414, '10244': 14.098337023740704, '45447': 6.8403360841430185, '10804': 9.552700536371493, 'inukjuak_a_2': 12.56483741518062, 'kuujjuaq_a_2': 3.8413495706061482, '7633': 3.320772193707853, '44323': 8.16439843241642, 'lourdes_de_blanc_sablon_a_2': 18.40339122137857, '10918': 13.236012708732442, 'la_grande_IIIa': 3.9154967560898513, '45088': 19.05955897136177, 'inujivik_2': 10.860509556171586, 'lac_benoit': 21.30329274526889, 'kangirsuk_a_3': 12.820938841897965, 'cap_d_espoir': 2.4210265115311813, 'chapais': 4.993036167686288, 'riviere_au_feuilles': 6.743961907006273, 'chevery': 10.38781413109973, '3987': 12.952489852918916}",9.372309669,
2009-07-01 13:00,"{'4201': 12.782048760497219, '9026': 19.295898172197667, 'baie_comeau': 29.003153990680403, '4099': 24.444041839850755, 'salluit_a': 6.7071565026417375, 'val_dor': 13.844336512323935, 'trois_rivieres_2': 0.7563858525059004, '4337': 5.145110826455493, '4716': 14.946794275019784, 'gaspe_a_2': 13.120970137220866, '3923': 0.5302473481615593, 'mistook': 2.276652371707314, 'inukjuak_2': 20.574443562957075, 'parent': 2.3854846188733063, '10804': 5.580296001397073, 'cape_whittle': 5.8628206960711395, '30240': 8.52062704587479, 'lac_benoit': 11.900602585952942, '44283': 9.100625166105296, '3920': 4.293129382795087, '4003': 1.9334283948410302, '7870': 4.842803980551253, 'la_grande_riviere_a': 0.6908182939763137, 'schefferville_a3': 7.842797436807872, '4157': 2.033950060448472, 'kangiqsujuag_a_2': 0.9951354889199138, 'kuujjuaq_a_2': 7.095231903494351, '46507': 4.5577251230224345, 'nemiscau_a': 9.616526970639825, 'chapais': 4.427473745658062, 'la_grande_IVa': 16.176083656027913, 'iles_de_la_madeleine': 16.41127315426148, 'lac_eon': 2.8807779799526543, 'riviere_au_feuilles': 9.113803642903825, '10197': 9.672532466516783, '45088': 0.9491547369398177, 'kangirsuk_a_3': 0.740960905328393, '42123': 10.399656599503942, 'lourdes_de_blanc_sablon_a_2': 0.9246158430835578}",8.266040411,
2010-07-01 13:00,"{'44483': 13.951469676336274, 'havre_st_pierre_a_2': 7.453187826975409, '44183': 0.6974130458365835, '10903': 31.181784628095535, '44283': 10.510282758828907, 'varennes': 14.684971643499237, 'ste_foy_ulaval': 12.780938016017899, '4157': 5.554690080898581, '27529': 3.7928699838012108, '10244': 8.137891321395731, 'val_dor': 10.495128712856461, '10197': 0.024343186187252286, 'iles_de_la_madeleine_a_2': 5.414029968237273, '3960': 0.08988993195816875, 'onatchiway': 6.283053109538741, 'baie_comeau': 3.244486580724697, '48373': 38.47330202974308, 'la_grande_IV': 13.879132493277037, '10918': 1.0652306330008834, 'kuujjuaq_a_2': 2.3616688643429598, 'waskaganish_a_3': 6.943280764622614, '4093': 6.763191107056855, 'kangirsuk_a_3': 7.478156643562983, 'chapais': 13.524951336075528, 'la_grande_riviere_a': 11.352377031813376, 'riviere_au_feuilles': 17.6321531624817, 'parc_national_des_pingualuit': 7.353555995844392, 'maniwaki_airport': 9.068591361137806, 'akulivik_a_3': 12.757202998466976, 'parent': 13.572687910957029, 'schefferville': 8.67081460439158, 'cape_whittle': 6.4324847897291875, '3987': 1.1145714317572128, 'cap_d_espoir': 2.3512569805025123, 'inukjuak_2': 7.8113034196471745, 'lourdes_de_blanc_sablon_a_2': 0.19594829031120753}",8.974952564,
2011-07-01 13:00,"{'4111': 4.6864189397578, '47567': 4.886436265585189, 'iles_de_la_madeleine': 12.41941656438803, 'mistook': 1.7990905841070344, 'waskaganish_a_3': 3.227647281448231, 'umiujaq_a2': 9.45886531824658, '7868': 0.7325324569737859, 'beauceville': 13.64126751597621, '7633': 6.062595797237009, 'pointe_au_pere_inrs': 12.019099755569641, 'rouyn': 6.0441519168509785, '48373': 18.532274642145694, 'montreal_st_hubert': 5.820897539190582, 'pointe_noire_cs': 1.8165795668319333, 'cap_d_espoir': 3.528627364168642, '3987': 4.235342574946117, '44483': 3.078684055643862, 'riviere_au_feuilles': 9.669099082208788, 'havre_st_pierre_a': 11.678432043583598, 'chapais': 0.7590968067543145, '4132': 15.400032728332492, 'quaqtaq_a': 2.399330582236871, '45447': 11.306238313946778, 'lac_benoit': 0.7973030182395178, 'inukjuak_a': 10.499980907421559, '10220': 1.8676307708956301, 'salluit_a': 5.909644899503405, 'la_grande_riviere_a': 8.86637156697567, 'kuujjuaq_a_2': 4.517356040372874, 'cape_whittle': 10.053804383536356, 'la_grande_IVa': 1.3638867638309193, 'lourdes_de_blanc_sablon_a_2': 6.162693965714425, 'schefferville': 6.366177171876188, '10918': 8.652533948136806, '27865': 3.6976825501637904, '43910': 9.888170735089716, 'akulivik_a_3': 3.2893055235035717, 'parent': 2.8293364050502436, '42967': 9.05322437925497}",6.590186172,
2012-07-01 13:00,"{'7747': 0.7886171421887411, '45088': 1.288120447030451, 'laterriere': 4.669961291870095, 'shawnigan': 0.6951145956409164, '48368': 15.89634426394241, 'val_dor': 3.901325501624342, '47547': 4.510094588717038, 'pointe_des_monts': 27.950698787050896, 'longue_pointe_de_mingan': 20.920989674981683, 'akulivik_a_3': 4.41532043626944, 'waskaganish_a_3': 9.005984436703784, '30578': 7.983283304907673, '44283': 3.6480442030588165, '3920': 4.211428135598411, 'parent': 0.7764723111946097, '49508': 7.036462264863076, 'tasiujaq_a_2': 2.7654848939916103, '27865': 5.32018036628142, 'chevery': 1.2754117352350285, 'schefferville_a2': 11.97322705690749, 'la_grande_riviere_a': 3.7633913982710965, 'parc_national_des_pingualuit': 4.554232121005953, '4099': 1.1351675712803626, 'chibougamau_chapais_a_3': 4.0525550492761795, 'heath_point': 1.8246176254124293, 'cap_d_espoir': 0.2036712266271934, 'la_grande_4a': 2.134912913723383, '46507': 14.745927174644748, 'lourdes_de_blanc_sablon_a_2': 10.85933684464544, '10197': 2.589555078430749, 'umiujaq_a2': 2.5257882433020313, '4003': 4.326346667233338, 'manouane_est': 26.003036198947484, '30266': 7.0445266401839035, 'inukjuak_a_2': 1.3824390724767, '7925': 14.148674914742514}",6.675742894,
2013-07-01 13:00,"{'7747': 16.673758448363515, '51219': 14.895244541607099, 'lac_memphremagog': 24.849251375329914, '26799': 15.691410504368832, 'fort_montmorency_rcs': 8.345992286358715, 'inukjuak_a': 12.595479669248306, '47687': 7.869317495731593, '4099': 2.8507804670080077, '44283': 13.821471861915494, 'cap_d_espoir': 14.53969611134945, '4003': 2.9679014581488445, '50723': 5.543620400829241, 'matagami_a': 5.037714228652813, 'waskaganish_a_3': 16.707550872231423, '50248': 0.6018220976693556, 'amqui': 6.8146653703976146, 'natashquan_a': 2.50425306604086, 'apaluk_a_2': 0.32708653452129965, '10244': 7.24618769994413, 'schefferville_a2': 4.446805500497412, '7790': 3.6350101644638926, 'inujivik_2': 12.992618917556001, 'chibougamau_chapais_a_3': 1.8031454146046144, '48788': 1.150966548805009, 'parc_national_des_pingualuit': 3.3833912620320916, 'saint_michel_des_saints': 12.36832177825272, 'pointe_noire_cs': 27.32944535716433, 'la_grande_riviere_a_2': 3.07931447008923, '30435': 12.1280489089878, 'la_grande_IV': 11.203191317996243, 'bonnard_1': 21.464873048029006, '46507': 7.162874878151342, 'lac_eon': 1.9499768736355918, '50857': 8.42818448014441, '30266': 16.16440827131737, 'riviere_au_feuilles': 1.0591379792895168, 'lourdes_de_blanc_sablon_a_2': 10.296816802802445, 'iles_de_la_madeleine_a': 7.496918394812383}",9.142806707,
2014-07-01 13:00,"{'52318': 5.899306990979618, '3987': 8.175837979651988, '9026': 12.651944533766255, '49389': 0.238443061709404, 'heath_point': 6.52674528217176, '4716': 14.660528880402126, 'sept_iles': 5.888741555018441, 'bagotville_a': 1.6651067553402754, '48869': 4.394300282001495, '4102': 8.87692476032953, 'lac_megantic': 6.700572957517579, 'lourdes_de_blanc_sablon_a_2': 25.184645696077496, 'umiujaq_a2': 7.967571320748533, '50857': 2.968679011734366, 'gaspe_a_3': 13.529192681179666, 'ste_anne_de_bellevue_1': 0.7062291412730701, 'puvirnituq_a2': 15.300097361948815, 'val_dor_a': 19.087208249318792, '48788': 5.688817589633475, 'chevery': 4.674260870420467, 'parent': 11.942434647483452, 'parc_national_des_pingualuit': 7.800146384630352, '47267': 14.561757034622133, '50723': 11.36007281302227, 'bonnard_1': 4.040532836927014, '10244': 3.7577825647790633, '30435': 6.175638090673601, '42183': 14.397006466140738, 'lac_eon': 11.152507039807006, 'chibougamau_chapais_a_3': 9.95380725342693, 'mont_joli_a': 7.648164166078491, 'riviere_au_feuilles': 5.556536128045991, 'la_grande_IV': 16.894904044286818, '42123': 12.198552535057843, 'schefferville': 7.4495680190157145, 'nemiscau_a': 11.652230798371875, '51219': 5.300291459671939, 'kuujjuaq_a': 12.197203632153105, 'la_grande_riviere_a_2': 4.9462419644845035}",8.968475201,
2015-07-01 13:00,"{'30435': 10.508367548836059, '52640': 1.1116696940193833, '8997': 2.6432846288662404, 'la_grande_4a': 17.676668640226126, 'saint_michel_des_saints': 1.0382317281328142, '44283': 12.559245544723458, '10197': 3.9206351994205306, '50428': 3.405417668456021, 'lourdes_de_blanc_sablon_a_3': 9.804185427602707, 'waskaganish_a_2': 1.222742437111318, '47307': 7.025159990528209, '47687': 12.101302875245892, '52838': 1.8019580498075811, 'chapais': 3.8934543393552303, 'ile_dorleans': 21.640190908219665, 'ile_aux_perroquets': 10.29773164074868, 'manouane_est': 3.4013916997305387, 'kuujjuaq_a': 6.815657704705814, 'pointe_au_pere_inrs': 5.950523938648985, 'inujivik_2': 11.629720497876406, 'chevery': 5.2141706352667825, '52338': 0.30706696530614863, '3987': 7.29656032351347, 'frelighsburg': 1.9394623052794486, 'umiujaq_a2': 6.9416039772331715, '52875': 9.887690767645836, '10244': 6.467036760960127, 'schefferville': 5.838718876047224, 'matagami': 9.162239836467977, 'iles_de_la_madeleine_a': 0.8784134276211262, 'cap_d_espoir': 5.202056049556742, 'riviere_au_feuilles': 3.3560734428465366, 'kangiqsujuag_a_2': 27.10368508845336, 'normandin': 9.358543121266962, '50092': 26.79965140298009, '50723': 5.979765037074685, '52918': 7.016607329042667, 'puvirnituq_a': 8.980704318732023, 'la_grande_riviere_a_2': 9.542365083567326}",7.838973203,
2016-07-01 13:00,"{'puvirnituq_a': 1.9398407295793163, 'gaspe_a_3': 5.508736366281482, 'matagami': 0.7164914828608744, 'bagotville_a': 9.38584831479822, '50248': 5.796145019354299, 'shawnigan': 4.624025591676881, '10244': 0.5745640983698195, '49389': 5.3796618290944025, 'iles_de_la_madeleine_a': 8.642311365576461, 'mont_joli': 8.452719374338667, '5126': 11.703193491874636, 'waskaganish_a_2': 11.939282569866368, '41983': 29.91953745352159, '50092': 28.755088453744975, '30578': 17.335611522288445, 'kuujuarapik': 1.2728403712612817, 'chibougamau_chapais_a_2': 8.566912710986799, '9004': 31.661870705176412, 'cape_whittle': 1.6173800586631195, '52878': 6.2255040064507625, '52900': 10.577345102850813, 'la_grande_IV': 11.6686142020626, '50839': 4.5838715618883725, '52838': 21.880407825382918, 'kuujjuaq_a': 10.89924831688404, '46507': 3.5297474889084697, 'manouane_est': 3.5880472729338635, 'lourdes_de_blanc_sablon_a_3': 4.169382347725332, 'salluit': 12.870293771552994, 'pointe_noire_cs': 3.0144606814719737, 'parent': 15.01696968440357, '47547': 9.183939750207628, '50723': 10.747351755803265, '53138': 16.678998871908938, '50857': 5.621482407033, 'lac_eon': 5.462009973825388, '52918': 10.027243580378126, 'schefferville': 16.174757117405534, 'riviere_au_feuilles': 6.8705831550760195}",9.809803087,
2017-07-01 13:00,"{'47567': 1.5178716140712822, 'lourdes_de_blanc_sablon_a': 22.3498969372242, 'cape_whittle': 0.230268657436568, '50637': 2.3737314695026726, 'lac_memphremagog': 17.079082710738987, '45607': 11.864780702782866, 'kuujuarapik': 16.599515068810433, 'cap_tourmente': 2.7451202825894327, 'normandin': 13.77510380688787, 'waskaganish_a_2': 13.367340648743266, '50132': 5.642025471152579, '52998': 5.540376415010542, '10244': 1.6190845392415287, 'iles_de_la_madeleine': 0.9628259223908984, 'parc_national_des_pingualuit': 0.07850133828102912, '32473': 60.036874094631, 'schefferville_a2': 13.719138825052141, 'longue_pointe_de_mingan': 1.461865123862049, 'rouyn_noranda_a': 12.311539706736312, 'causapscal_airport': 15.065376751669874, '51219': 7.749691318720579, '50723': 2.1420362046623067, '52918': 0.12260207433878634, 'kuujjuaq_a': 6.985110958599982, '52900': 2.4087575774354946, 'manouane_est': 12.473275157099124, 'saint_michel_des_saints': 8.629778153269342, '46507': 4.7774033546240275, '50839': 12.651397990649627, 'inukjuak_a': 14.718689179337495, '30435': 0.4274378555419389, '52419': 9.210139550010325, 'cap_d_espoir': 6.618006167824902, 'la_grande_4a': 7.5041077515730095, 'chapais': 11.424127480860172, 'riviere_au_feuilles': 0.5577163573093173, '52875': 0.021835962012056953}",8.831417113,
2018-07-01 13:00,"{'deschambault': 5.8285525109511696, 'iles_de_la_madeleine': 17.141751000925694, '52118': 9.471924802256808, '53000': 8.734548745550072, 'puvirnituq_a': 1.4847808843300925, '52900': 1.0523521485738456, '49508': 10.859304254642552, '52878': 2.531366931663939, '47307': 4.507225809618831, 'chapais': 1.7545349387388, 'riviere_au_feuilles': 8.398744154605083, '4061': 2.439105181256309, 'rouyn': 3.835499827364213, 'lourdes_de_blanc_sablon_a_3': 9.771923701511696, 'sept_iles_a_2': 8.873128747229941, 'ile_biquette': 1.3422324005514383, '53139': 1.574165034478618, '7633': 8.435427950921474, '47267': 5.663223657844355, 'new_carlisle_1': 11.40127102123887, '50723': 1.2693936442956328, 'natashquan_a': 8.985490169212651, '53602': 2.2823623538019575, 'eastmain_river': 5.342225256143138, 'kuujuarapik_a_2': 6.036576956168034, 'la_grande_IV': 6.671592189522926, 'lac_benoit': 0.7105196409543169, 'parent': 9.125772852425609, '49848': 3.6540628499702166, 'lac_eon': 3.3417736949936625, '52898': 1.7929945965731804, 'kuujjuaq_a': 7.730501377256587, '50857': 7.649921915028244, 'schefferville_a2': 3.6112052177777514, 'maniwaki_airport': 1.0939447316615087, 'ste_clotilde': 7.834202213778553, 'parc_national_des_pingualuit': 2.586467745481059}",5.535677598,8.921260559
